fide_id,player_name,title,country,gender,birth_year,rating_standard,rating_rapid,rating_blitz,games_played,federation_rating,rating_group,age,active_status,performance_category
46761572,Player_Under 1600_0001,None,Other,M,1979,874,891,965,57,878.432177986776,Under 1600,46,Active,Club Player
31025944,Player_Under 1600_0002,None,TUR,F,1979,1037,993,1062,53,993.1602744520085,Under 1600,46,Active,Club Player
81927011,Player_Under 1600_0003,None,GER,M,1956,1509,1472,1499,37,1529.7765444164331,Under 1600,69,Active,Club Player
86620409,Player_Under 1600_0004,None,CHN,F,1963,1376,1276,1290,46,1359.6542385325436,Under 1600,62,Active,Club Player
13191935,Player_Under 1600_0005,None,NED,M,2009,1524,1528,1556,47,1527.5011326309193,Under 1600,16,Active,Club Player
96947863,Player_Under 1600_0006,None,TUR,M,2007,1447,1436,1511,56,1475.9284734107941,Under 1600,18,Active,Club Player
50705555,Player_Under 1600_0007,None,KOR,M,1986,1515,1419,1416,67,1561.6462415290296,Under 1600,39,Active,Club Player
36840945,Player_Under 1600_0008,None,Other,M,1957,814,800,800,85,805.5658869393766,Under 1600,68,Active,Club Player
96569560,Player_Under 1600_0009,None,CAN,F,1980,1119,1068,1146,12,1135.933217935669,Under 1600,45,Inactive,Club Player
95623715,Player_Under 1600_0010,None,RUS,M,2003,1448,1399,1421,82,1477.4891836302045,Under 1600,22,Active,Club Player
75333214,Player_Under 1600_0011,None,USA,M,1999,852,865,800,85,819.8529393011404,Under 1600,26,Active,Club Player
50687108,Player_Under 1600_0012,None,CAN,M,1952,1290,1256,1251,30,1311.141626694723,Under 1600,73,Inactive,Club Player
90990113,Player_Under 1600_0013,None,ESP,M,1974,1086,995,936,36,1042.8613007791014,Under 1600,51,Active,Club Player
66340327,Player_Under 1600_0014,None,ARG,F,1981,1150,1189,1174,21,1150.3880266078575,Under 1600,44,Active,Club Player
26962873,Player_Under 1600_0015,None,FRA,M,2010,1546,1508,1438,99,1530.9356480626345,Under 1600,15,Active,Club Player
41470889,Player_Under 1600_0016,None,POL,M,1961,1529,1514,1478,18,1541.6294119114232,Under 1600,64,Inactive,Club Player
11547421,Player_Under 1600_0017,None,Other,M,1968,1140,1155,1078,82,1109.4614218975628,Under 1600,57,Active,Club Player
29558286,Player_Under 1600_0018,None,UKR,M,1974,1163,1109,1057,32,1189.2671915661685,Under 1600,51,Active,Club Player
36605881,Player_Under 1600_0019,None,NOR,M,1962,1325,1306,1333,67,1394.6238506966338,Under 1600,63,Active,Club Player
64764501,Player_Under 1600_0020,None,JPN,M,1965,1480,1442,1447,95,1470.8548492091975,Under 1600,60,Active,Club Player
19543276,Player_Under 1600_0021,None,NOR,M,1954,1177,1127,1127,43,1209.0438296142802,Under 1600,71,Inactive,Club Player
99872580,Player_Under 1600_0022,CM,TUR,M,1986,1248,1230,1255,21,1178.7442045521966,Under 1600,39,Active,Titled
43013681,Player_Under 1600_0023,None,NOR,M,2000,871,800,800,36,887.4732053665937,Under 1600,25,Active,Club Player
57612848,Player_Under 1600_0024,None,GBR,M,1957,1002,995,954,75,985.526085506028,Under 1600,68,Active,Club Player
93164057,Player_Under 1600_0025,None,ITA,F,1961,1099,1074,1005,91,1118.5305087360985,Under 1600,64,Active,Club Player
50997125,Player_Under 1600_0026,None,TUR,M,1951,1482,1390,1315,64,1514.891595842796,Under 1600,74,Inactive,Club Player
35505921,Player_Under 1600_0027,None,ESP,M,1982,929,926,851,23,895.256491082372,Under 1600,43,Active,Club Player
34460692,Player_Under 1600_0028,None,BRA,M,1968,1402,1450,1515,52,1393.7709096250524,Under 1600,57,Active,Club Player
60406390,Player_Under 1600_0029,None,ITA,M,1961,1335,1288,1240,67,1360.2478448728687,Under 1600,64,Active,Club Player
52580007,Player_Under 1600_0030,None,BRA,F,1964,1050,974,906,14,1072.5766788660185,Under 1600,61,Inactive,Club Player
43841184,Player_Under 1600_0031,None,UKR,M,1972,1275,1200,1191,28,1254.8700344587378,Under 1600,53,Active,Club Player
71866086,Player_Under 1600_0032,None,NOR,M,1950,1582,1600,1616,78,1583.5716336185421,Under 1600,75,Inactive,Club Player
91995884,Player_Under 1600_0033,None,Other,M,2009,1026,926,871,17,969.1224428730826,Under 1600,16,Inactive,Club Player
75643848,Player_Under 1600_0034,None,KOR,F,1962,1160,1193,1193,44,1153.1515819646115,Under 1600,63,Active,Club Player
74165640,Player_Under 1600_0035,None,BRA,M,1979,1089,993,1041,94,1089.567406032714,Under 1600,46,Active,Club Player
57972367,Player_Under 1600_0036,None,ITA,M,2010,1497,1433,1512,63,1542.3482013456946,Under 1600,15,Active,Club Player
93344365,Player_Under 1600_0037,None,GER,M,2005,1080,1112,1128,94,1095.393728362303,Under 1600,20,Active,Club Player
98376283,Player_Under 1600_0038,None,KOR,M,1951,1018,963,926,34,1015.6813833659768,Under 1600,74,Inactive,Club Player
15322647,Player_Under 1600_0039,None,ARG,M,1984,1210,1205,1191,75,1235.6196957900447,Under 1600,41,Active,Club Player
31296749,Player_Under 1600_0040,None,RUS,M,1950,1238,1197,1258,20,1245.4001660669085,Under 1600,75,Inactive,Club Player
29333268,Player_Under 1600_0041,None,USA,M,1955,1534,1560,1612,35,1554.3639312003468,Under 1600,70,Inactive,Club Player
75263160,Player_Under 1600_0042,None,NOR,M,1990,1459,1448,1401,59,1446.1817705907727,Under 1600,35,Active,Club Player
16517734,Player_Under 1600_0043,CM,GBR,M,2000,1448,1490,1555,21,1469.676421835179,Under 1600,25,Active,Titled
29499409,Player_Under 1600_0044,None,USA,M,1952,1322,1279,1307,32,1338.7107895022,Under 1600,73,Inactive,Club Player
15921548,Player_Under 1600_0045,None,JPN,F,1982,1110,1038,968,10,1133.3462059414205,Under 1600,43,Inactive,Club Player
88959669,Player_Under 1600_0046,CM,NED,F,1986,1122,1126,1056,35,1118.96027390478,Under 1600,39,Active,Titled
65732511,Player_Under 1600_0047,None,FRA,M,1961,1309,1334,1326,76,1334.9981496500623,Under 1600,64,Active,Club Player
57159029,Player_Under 1600_0048,None,POL,M,1955,1599,1646,1633,92,1569.9335864747793,Under 1600,70,Inactive,Club Player
13892508,Player_Under 1600_0049,None,TUR,F,1955,1044,982,958,70,1017.7005308504753,Under 1600,70,Inactive,Club Player
65637611,Player_Under 1600_0050,CM,USA,M,1963,1576,1614,1623,84,1564.7940030169334,Under 1600,62,Active,Titled
73486328,Player_Under 1600_0051,None,UKR,M,2001,1416,1339,1292,31,1446.7993846884985,Under 1600,24,Active,Club Player
37979768,Player_Under 1600_0052,None,BRA,M,1994,1194,1208,1215,87,1217.4420466068775,Under 1600,31,Active,Club Player
38939375,Player_Under 1600_0053,None,CAN,M,2000,1217,1192,1122,15,1241.6187138032515,Under 1600,25,Inactive,Club Player
48214940,Player_Under 1600_0054,None,TUR,M,2004,1211,1143,1094,69,1198.7877431768884,Under 1600,21,Active,Club Player
72300069,Player_Under 1600_0055,None,GER,M,1975,1462,1466,1446,14,1491.0829272839267,Under 1600,50,Inactive,Club Player
73492406,Player_Under 1600_0056,None,ITA,M,1983,1299,1315,1379,33,1298.8947432463424,Under 1600,42,Active,Club Player
69765209,Player_Under 1600_0057,None,TUR,M,1998,1442,1404,1408,23,1422.5715848366863,Under 1600,27,Active,Club Player
63093929,Player_Under 1600_0058,None,BRA,M,1996,1136,1148,1139,81,1115.5169783118351,Under 1600,29,Active,Club Player
12708215,Player_Under 1600_0059,None,POL,F,1952,1050,1032,1062,85,1052.6714039910792,Under 1600,73,Inactive,Club Player
11574770,Player_Under 1600_0060,None,ARG,M,1984,1198,1133,1056,81,1246.1502606640092,Under 1600,41,Active,Club Player
56050847,Player_Under 1600_0061,None,ESP,M,1966,847,800,800,47,862.8993845622748,Under 1600,59,Active,Club Player
44419310,Player_Under 1600_0062,None,USA,M,1985,1248,1191,1117,66,1242.7974534665177,Under 1600,40,Active,Club Player
27116663,Player_Under 1600_0063,None,ARG,F,1950,1026,1030,1010,48,1016.1469900243552,Under 1600,75,Inactive,Club Player
71755690,Player_Under 1600_0064,None,ITA,M,1989,1114,1121,1119,54,1091.0603254431364,Under 1600,36,Active,Club Player
57147376,Player_Under 1600_0065,None,FRA,M,1967,1100,1026,1076,19,1048.607483001413,Under 1600,58,Inactive,Club Player
43520373,Player_Under 1600_0066,None,UKR,M,1966,1533,1442,1478,54,1539.9930524927595,Under 1600,59,Active,Club Player
62336545,Player_Under 1600_0067,None,RUS,F,1971,1323,1254,1290,91,1280.9158805144637,Under 1600,54,Active,Club Player
66476895,Player_Under 1600_0068,None,USA,M,2010,974,902,879,12,1011.9180796777832,Under 1600,15,Inactive,Club Player
60715861,Player_Under 1600_0069,None,Other,M,2002,1044,996,1004,42,1040.8559833134932,Under 1600,23,Active,Club Player
29219038,Player_Under 1600_0070,None,GER,M,1993,1072,1062,1044,31,1074.2609182459078,Under 1600,32,Active,Club Player
60055950,Player_Under 1600_0071,None,GER,M,1951,1359,1265,1277,14,1357.37245774678,Under 1600,74,Inactive,Club Player
45735977,Player_Under 1600_0072,None,UKR,M,1975,1442,1464,1499,68,1467.4674050122017,Under 1600,50,Active,Club Player
40853307,Player_Under 1600_0073,None,JPN,M,1999,1087,1053,1125,86,1100.5553690889203,Under 1600,26,Active,Club Player
26589067,Player_Under 1600_0074,None,JPN,M,2004,966,911,909,54,962.2014050730514,Under 1600,21,Active,Club Player
51880985,Player_Under 1600_0075,None,JPN,F,1969,1300,1272,1346,79,1335.1968867504029,Under 1600,56,Active,Club Player
12628800,Player_Under 1600_0076,None,TUR,M,2008,1118,1029,1097,77,1143.3256725335364,Under 1600,17,Active,Club Player
53484257,Player_Under 1600_0077,CM,NED,M,1956,1057,964,942,36,1060.8060982851946,Under 1600,69,Active,Titled
45156315,Player_Under 1600_0078,None,KOR,M,1987,1062,1023,967,19,1035.5038489340234,Under 1600,38,Inactive,Club Player
16975804,Player_Under 1600_0079,None,NOR,M,2006,1389,1297,1259,89,1420.4263952651281,Under 1600,19,Active,Club Player
20568315,Player_Under 1600_0080,None,CHN,M,1951,1182,1088,1050,59,1200.3936959043333,Under 1600,74,Inactive,Club Player
56245470,Player_Under 1600_0081,None,JPN,M,1984,1592,1626,1595,82,1582.7522589140199,Under 1600,41,Active,Club Player
69365048,Player_Under 1600_0082,None,NOR,M,1960,908,820,874,73,913.8130397052786,Under 1600,65,Active,Club Player
62124277,Player_Under 1600_0083,None,USA,M,1955,1118,1143,1107,97,1082.8877037780398,Under 1600,70,Inactive,Club Player
79526665,Player_Under 1600_0084,None,UKR,M,1958,1370,1351,1327,81,1391.3217751330285,Under 1600,67,Active,Club Player
60656802,Player_Under 1600_0085,FM,NED,M,2009,934,972,961,80,887.9084331434836,Under 1600,16,Active,Titled
15100045,Player_Under 1600_0086,CM,CAN,M,2008,1003,927,958,21,1021.6975901232275,Under 1600,17,Active,Titled
83416420,Player_Under 1600_0087,FM,NED,M,1952,1494,1473,1493,91,1491.1006768374507,Under 1600,73,Inactive,Titled
41598773,Player_Under 1600_0088,None,ESP,M,2001,1331,1359,1366,26,1339.682539512974,Under 1600,24,Active,Club Player
32056890,Player_Under 1600_0089,None,ITA,M,1972,1577,1491,1419,69,1556.4436467661294,Under 1600,53,Active,Club Player
45272221,Player_Under 1600_0090,None,IND,F,2004,1047,1071,1002,45,1057.4042076565743,Under 1600,21,Active,Club Player
88871395,Player_Under 1600_0091,None,CAN,M,2007,1563,1551,1551,90,1585.729837451488,Under 1600,18,Active,Club Player
23837898,Player_Under 1600_0092,None,GER,M,1981,1561,1565,1590,10,1551.4178668859204,Under 1600,44,Inactive,Club Player
94707294,Player_Under 1600_0093,CM,Other,M,1983,1138,1126,1080,19,1126.0971166563393,Under 1600,42,Inactive,Titled
81207472,Player_Under 1600_0094,None,TUR,M,2007,1215,1240,1229,33,1215.603095657808,Under 1600,18,Active,Club Player
47527155,Player_Under 1600_0095,None,CAN,M,1959,1171,1100,1143,72,1154.7044121415447,Under 1600,66,Active,Club Player
10074398,Player_Under 1600_0096,None,TUR,M,1993,1358,1352,1274,10,1346.2655025034728,Under 1600,32,Inactive,Club Player
90732930,Player_Under 1600_0097,CM,ARG,M,2001,1598,1628,1579,75,1647.8283137673413,Under 1600,24,Active,Titled
58548108,Player_Under 1600_0098,None,BRA,M,1978,1137,1159,1125,95,1128.8249933740528,Under 1600,47,Active,Club Player
77838656,Player_Under 1600_0099,None,CHN,M,1993,1339,1338,1289,84,1307.831686655174,Under 1600,32,Active,Club Player
53865650,Player_Under 1600_0100,None,RUS,M,1991,974,882,813,12,917.489638485676,Under 1600,34,Inactive,Club Player
39058910,Player_Under 1600_0101,None,FRA,M,2001,1116,1074,1074,58,1099.1941310115367,Under 1600,24,Active,Club Player
54326446,Player_Under 1600_0102,None,ESP,F,1953,1261,1228,1181,25,1243.995651523909,Under 1600,72,Inactive,Club Player
77709894,Player_Under 1600_0103,None,NOR,M,1998,1230,1224,1266,65,1220.2892566541766,Under 1600,27,Active,Club Player
93756232,Player_Under 1600_0104,None,NED,M,1996,1353,1316,1277,51,1324.0033248883499,Under 1600,29,Active,Club Player
21821806,Player_Under 1600_0105,GM,NOR,M,2004,1500,1435,1412,17,1511.6807784964021,Under 1600,21,Inactive,Master
95661435,Player_Under 1600_0106,None,NOR,F,1961,1033,1024,975,41,973.3968471290016,Under 1600,64,Active,Club Player
40317148,Player_Under 1600_0107,None,CHN,M,1977,1523,1461,1447,20,1544.301998311256,Under 1600,48,Inactive,Club Player
97558227,Player_Under 1600_0108,None,Other,F,1969,1404,1375,1389,96,1407.2329007498474,Under 1600,56,Active,Club Player
74516559,Player_Under 1600_0109,None,JPN,M,2006,1271,1175,1202,10,1304.0073464561333,Under 1600,19,Inactive,Club Player
24741052,Player_Under 1600_0110,None,KOR,M,1972,1140,1060,1132,62,1155.8740983407238,Under 1600,53,Active,Club Player
83738410,Player_Under 1600_0111,None,JPN,F,1993,1157,1087,1049,71,1197.6982837292285,Under 1600,32,Active,Club Player
42001685,Player_Under 1600_0112,None,NOR,M,1978,1032,1053,977,57,1035.1530752787835,Under 1600,47,Active,Club Player
70422837,Player_Under 1600_0113,None,NOR,M,1976,997,1022,1066,56,1006.6350750388851,Under 1600,49,Active,Club Player
77020601,Player_Under 1600_0114,None,ITA,M,1983,1190,1166,1201,53,1154.592438843633,Under 1600,42,Active,Club Player
82632225,Player_Under 1600_0115,None,NED,F,1970,1379,1287,1337,30,1373.9438863411217,Under 1600,55,Active,Club Player
20022757,Player_Under 1600_0116,None,ITA,M,1987,1017,1036,1101,49,979.0309917789228,Under 1600,38,Active,Club Player
72969741,Player_Under 1600_0117,None,Other,M,1952,991,1007,1059,15,1017.7225082079343,Under 1600,73,Inactive,Club Player
25712304,Player_Under 1600_0118,CM,GER,M,1975,832,874,903,91,831.9856362186181,Under 1600,50,Active,Titled
86152987,Player_Under 1600_0119,None,JPN,M,1961,1337,1274,1292,78,1281.4869390527745,Under 1600,64,Active,Club Player
27917494,Player_Under 1600_0120,None,GBR,F,1968,1033,1010,1071,29,1043.7008007193817,Under 1600,57,Active,Club Player
91885945,Player_Under 1600_0121,None,ITA,M,1998,1279,1323,1367,53,1286.2855856815738,Under 1600,27,Active,Club Player
21096355,Player_Under 1600_0122,None,TUR,F,1997,828,800,800,16,844.7244398340557,Under 1600,28,Inactive,Club Player
19652942,Player_Under 1600_0123,CM,NED,F,1995,1217,1127,1079,73,1274.248011732531,Under 1600,30,Active,Titled
22326726,Player_Under 1600_0124,None,USA,F,1959,1208,1214,1161,87,1215.3940323995466,Under 1600,66,Active,Club Player
84472474,Player_Under 1600_0125,None,POL,M,1976,1443,1348,1351,15,1474.2788644629345,Under 1600,49,Inactive,Club Player
49651972,Player_Under 1600_0126,None,USA,M,1979,858,800,800,61,853.7243131918993,Under 1600,46,Active,Club Player
82703891,Player_Under 1600_0127,None,FRA,F,1989,1180,1128,1132,89,1170.044249798736,Under 1600,36,Active,Club Player
21047818,Player_Under 1600_0128,None,TUR,M,1955,852,826,800,35,867.4997371557141,Under 1600,70,Inactive,Club Player
57917605,Player_Under 1600_0129,None,NED,M,1996,1287,1270,1339,62,1309.9675976596775,Under 1600,29,Active,Club Player
91040675,Player_Under 1600_0130,CM,TUR,M,1982,1377,1393,1330,71,1357.1644301000483,Under 1600,43,Active,Titled
74506293,Player_Under 1600_0131,None,GER,F,1981,843,868,813,52,874.3925554675627,Under 1600,44,Active,Club Player
45461818,Player_Under 1600_0132,None,NED,M,1988,1003,980,931,70,981.4344554374265,Under 1600,37,Active,Club Player
70038085,Player_Under 1600_0133,CM,CAN,F,1994,917,911,916,12,906.1429197759202,Under 1600,31,Inactive,Titled
90312407,Player_Under 1600_0134,None,CAN,M,1979,1021,1053,1082,82,1026.0814944152282,Under 1600,46,Active,Club Player
35612685,Player_Under 1600_0135,None,Other,M,1954,1167,1168,1113,21,1171.9348603016906,Under 1600,71,Inactive,Club Player
27561268,Player_Under 1600_0136,None,POL,F,1998,971,923,963,68,976.9858564507656,Under 1600,27,Active,Club Player
63614089,Player_Under 1600_0137,None,Other,M,1978,1294,1265,1237,44,1283.4578629705122,Under 1600,47,Active,Club Player
85007576,Player_Under 1600_0138,FM,ITA,F,1998,1193,1182,1102,77,1175.2840852575437,Under 1600,27,Active,Titled
12374337,Player_Under 1600_0139,None,UKR,M,2000,1211,1131,1186,43,1206.8164408469556,Under 1600,25,Active,Club Player
20648993,Player_Under 1600_0140,None,CAN,M,1978,914,935,1001,76,905.314413551273,Under 1600,47,Active,Club Player
95857114,Player_Under 1600_0141,None,RUS,M,1955,1591,1498,1442,11,1597.9390476259973,Under 1600,70,Inactive,Club Player
34603444,Player_Under 1600_0142,None,CAN,M,1955,863,800,836,91,864.6279024871727,Under 1600,70,Inactive,Club Player
28291621,Player_Under 1600_0143,CM,NOR,M,1968,938,961,964,28,956.7461998654059,Under 1600,57,Active,Titled
59497044,Player_Under 1600_0144,None,RUS,F,2006,1126,1027,1052,81,1111.8986457779592,Under 1600,19,Active,Club Player
99859872,Player_Under 1600_0145,None,NOR,M,1991,1077,1034,1026,98,1070.9045919685236,Under 1600,34,Active,Club Player
49634723,Player_Under 1600_0146,None,CHN,M,1996,1116,1092,1137,69,1152.376504534965,Under 1600,29,Active,Club Player
96773599,Player_Under 1600_0147,CM,RUS,M,1975,1062,984,908,54,1070.343484873835,Under 1600,50,Active,Titled
54814271,Player_Under 1600_0148,None,NOR,M,1966,850,800,800,26,820.772967567045,Under 1600,59,Active,Club Player
60074246,Player_Under 1600_0149,None,ARG,M,2008,1026,988,973,25,1041.0089087753606,Under 1600,17,Active,Club Player
20388383,Player_Under 1600_0150,None,TUR,M,1961,1078,1096,1032,42,1079.6692015917447,Under 1600,64,Active,Club Player
74064422,Player_Under 1600_0151,None,POL,M,1951,1120,1093,1159,48,1092.3300804129424,Under 1600,74,Inactive,Club Player
52734969,Player_Under 1600_0152,None,KOR,F,1971,1363,1327,1323,68,1339.112975936664,Under 1600,54,Active,Club Player
43634843,Player_Under 1600_0153,None,KOR,M,2008,1073,1119,1179,14,1078.5477008806602,Under 1600,17,Inactive,Club Player
35328544,Player_Under 1600_0154,None,UKR,F,1983,1538,1447,1503,70,1546.3781143128983,Under 1600,42,Active,Club Player
90993002,Player_Under 1600_0155,CM,GBR,M,1976,1263,1266,1210,71,1261.1081200679143,Under 1600,49,Active,Titled
94440885,Player_Under 1600_0156,None,ITA,M,1983,1471,1386,1372,67,1469.5142031699097,Under 1600,42,Active,Club Player
86140230,Player_Under 1600_0157,None,GBR,M,1953,1500,1462,1405,49,1490.5910785639749,Under 1600,72,Inactive,Club Player
51029595,Player_Under 1600_0158,None,ITA,M,1989,998,921,947,99,1026.2068245000114,Under 1600,36,Active,Club Player
50609993,Player_Under 1600_0159,None,CHN,F,2007,1184,1175,1229,35,1206.6621570514671,Under 1600,18,Active,Club Player
14738706,Player_Under 1600_0160,None,ITA,M,1986,962,919,983,15,917.5774965657122,Under 1600,39,Inactive,Club Player
31933101,Player_Under 1600_0161,None,NOR,M,1965,1402,1375,1297,66,1368.2156783169185,Under 1600,60,Active,Club Player
93286146,Player_Under 1600_0162,None,NOR,M,2000,1315,1223,1184,44,1323.987835028697,Under 1600,25,Active,Club Player
86878908,Player_Under 1600_0163,None,RUS,M,1951,1299,1313,1278,78,1273.2666046449926,Under 1600,74,Inactive,Club Player
78358825,Player_Under 1600_0164,None,UKR,M,1986,1084,1055,1084,90,1055.527618882175,Under 1600,39,Active,Club Player
44615377,Player_Under 1600_0165,None,NOR,M,1968,1540,1447,1487,36,1545.9293533508944,Under 1600,57,Active,Club Player
90927917,Player_Under 1600_0166,CM,BRA,M,1991,1059,1038,1094,90,1057.2006651047334,Under 1600,34,Active,Titled
27825885,Player_Under 1600_0167,None,Other,M,1977,1573,1616,1662,23,1576.6663932669692,Under 1600,48,Active,Club Player
31623716,Player_Under 1600_0168,None,RUS,M,1954,1510,1518,1474,72,1489.3905315279192,Under 1600,71,Inactive,Club Player
21724786,Player_Under 1600_0169,CM,NOR,M,1962,1345,1359,1359,30,1324.7547422520192,Under 1600,63,Active,Titled
81944495,Player_Under 1600_0170,None,CAN,M,1984,1335,1270,1222,64,1337.6367436101507,Under 1600,41,Active,Club Player
70920761,Player_Under 1600_0171,None,TUR,M,1965,1423,1407,1469,85,1423.4606192622275,Under 1600,60,Active,Club Player
99748284,Player_Under 1600_0172,None,IND,M,1993,1347,1378,1313,92,1346.3322372794007,Under 1600,32,Active,Club Player
92198432,Player_Under 1600_0173,None,BRA,M,2006,1168,1077,1121,70,1146.841247026891,Under 1600,19,Active,Club Player
57545330,Player_Under 1600_0174,None,ARG,M,1985,941,973,910,40,948.2297656394509,Under 1600,40,Active,Club Player
17039634,Player_Under 1600_0175,None,UKR,M,2010,1324,1363,1362,31,1325.7387534075633,Under 1600,15,Active,Club Player
98420075,Player_Under 1600_0176,CM,TUR,F,1985,1530,1529,1597,46,1562.4653979373163,Under 1600,40,Active,Titled
49341597,Player_Under 1600_0177,None,NOR,M,1985,1554,1481,1558,45,1541.5354772846927,Under 1600,40,Active,Club Player
50437862,Player_Under 1600_0178,CM,RUS,M,1998,1240,1198,1173,31,1263.320191131212,Under 1600,27,Active,Titled
59425752,Player_Under 1600_0179,None,GER,M,1950,868,874,834,60,844.4644047421507,Under 1600,75,Inactive,Club Player
94004773,Player_Under 1600_0180,None,TUR,F,1977,1244,1171,1222,61,1250.8610056552761,Under 1600,48,Active,Club Player
65190917,Player_Under 1600_0181,None,UKR,M,1967,1098,1010,1055,91,1071.6986676393665,Under 1600,58,Active,Club Player
58844334,Player_Under 1600_0182,None,KOR,M,1953,1096,1048,1048,43,1119.6287396436728,Under 1600,72,Inactive,Club Player
89713704,Player_Under 1600_0183,None,Other,M,2005,1460,1477,1521,81,1471.3977653202385,Under 1600,20,Active,Club Player
40118933,Player_Under 1600_0184,None,UKR,F,1989,1483,1512,1435,83,1475.5143194636664,Under 1600,36,Active,Club Player
13468197,Player_Under 1600_0185,None,NOR,M,1991,1525,1470,1528,25,1521.507764902901,Under 1600,34,Active,Club Player
51698362,Player_Under 1600_0186,None,GER,M,1981,1187,1124,1046,62,1195.5769106809687,Under 1600,44,Active,Club Player
64803113,Player_Under 1600_0187,None,NED,M,1959,801,827,859,27,814.3178337927586,Under 1600,66,Active,Club Player
55983123,Player_Under 1600_0188,None,NOR,M,1983,1231,1205,1194,84,1261.98693095038,Under 1600,42,Active,Club Player
87666390,Player_Under 1600_0189,None,JPN,M,1970,1360,1324,1397,92,1349.8013611339877,Under 1600,55,Active,Club Player
24911480,Player_Under 1600_0190,None,CHN,M,2000,823,816,800,65,807.5608978416248,Under 1600,25,Active,Club Player
88458029,Player_Under 1600_0191,None,CAN,M,1952,1153,1115,1141,15,1224.901965201257,Under 1600,73,Inactive,Club Player
10180830,Player_Under 1600_0192,None,NOR,F,1969,1410,1383,1428,66,1387.2733394820616,Under 1600,56,Active,Club Player
56021009,Player_Under 1600_0193,None,RUS,M,1969,1012,940,1017,30,1019.872455845899,Under 1600,56,Active,Club Player
18999392,Player_Under 1600_0194,None,GER,F,1952,1466,1514,1478,39,1492.598193896658,Under 1600,73,Inactive,Club Player
66891333,Player_Under 1600_0195,None,POL,M,2000,840,879,931,69,774.7196837913574,Under 1600,25,Active,Club Player
53796205,Player_Under 1600_0196,None,ARG,M,1999,909,853,908,77,940.4598900269858,Under 1600,26,Active,Club Player
56384602,Player_Under 1600_0197,None,FRA,F,1997,1101,1023,944,70,1122.0067602037605,Under 1600,28,Active,Club Player
69258023,Player_Under 1600_0198,CM,USA,M,1994,1057,1005,1054,32,1045.2160452000348,Under 1600,31,Active,Titled
82747503,Player_Under 1600_0199,None,NED,M,1963,1596,1550,1625,45,1584.6077793838588,Under 1600,62,Active,Club Player
24244171,Player_Under 1600_0200,None,GBR,F,1964,1171,1174,1205,38,1174.314056534206,Under 1600,61,Active,Club Player
90298093,Player_Under 1600_0201,None,CAN,M,1959,896,848,925,57,952.2048086947776,Under 1600,66,Active,Club Player
84891882,Player_Under 1600_0202,None,POL,M,1954,1334,1282,1352,48,1357.6790761325287,Under 1600,71,Inactive,Club Player
57592501,Player_Under 1600_0203,None,KOR,M,1951,1451,1444,1444,84,1432.8963873257635,Under 1600,74,Inactive,Club Player
91896015,Player_Under 1600_0204,None,ESP,M,1995,1484,1403,1343,16,1469.9669616090619,Under 1600,30,Inactive,Club Player
84254040,Player_Under 1600_0205,None,BRA,F,1956,1337,1366,1309,84,1323.386647218901,Under 1600,69,Active,Club Player
70527118,Player_Under 1600_0206,None,POL,F,1965,1019,1069,1047,24,1032.8491338540143,Under 1600,60,Active,Club Player
78592956,Player_Under 1600_0207,CM,POL,M,1985,1540,1487,1462,47,1595.074995914955,Under 1600,40,Active,Titled
99291529,Player_Under 1600_0208,None,FRA,M,2007,1211,1241,1244,24,1207.6910016682052,Under 1600,18,Active,Club Player
86348989,Player_Under 1600_0209,FM,TUR,F,2008,999,937,930,42,1008.0607047099304,Under 1600,17,Active,Titled
66997632,Player_Under 1600_0210,None,KOR,M,1972,831,800,800,99,837.6131498849193,Under 1600,53,Active,Club Player
27487212,Player_Under 1600_0211,None,RUS,M,1999,1206,1185,1105,91,1258.6393944658648,Under 1600,26,Active,Club Player
42266062,Player_Under 1600_0212,CM,ITA,M,1990,970,944,911,67,935.0176977464432,Under 1600,35,Active,Titled
99159022,Player_Under 1600_0213,None,USA,M,1962,1314,1356,1303,67,1304.691970834032,Under 1600,63,Active,Club Player
76812506,Player_Under 1600_0214,None,ARG,M,1982,1197,1189,1124,43,1213.6887086982094,Under 1600,43,Active,Club Player
90947703,Player_Under 1600_0215,None,KOR,M,1967,1504,1455,1530,55,1481.9356728962919,Under 1600,58,Active,Club Player
28384382,Player_Under 1600_0216,None,CAN,M,1974,1212,1112,1130,52,1188.7869064033819,Under 1600,51,Active,Club Player
45096143,Player_Under 1600_0217,None,USA,M,1961,1590,1507,1529,65,1673.2257663243217,Under 1600,64,Active,Club Player
63949663,Player_Under 1600_0218,None,FRA,M,1966,968,963,970,36,973.1062258932662,Under 1600,59,Active,Club Player
86829414,Player_Under 1600_0219,None,TUR,M,1985,1020,1027,1048,50,999.0666503895543,Under 1600,40,Active,Club Player
22752393,Player_Under 1600_0220,None,IND,M,1961,1478,1385,1457,94,1487.9709306588989,Under 1600,64,Active,Club Player
32330345,Player_Under 1600_0221,None,USA,M,1988,1344,1371,1350,11,1332.2257827389597,Under 1600,37,Inactive,Club Player
70583212,Player_Under 1600_0222,None,USA,M,1951,1405,1388,1463,47,1373.3254617713026,Under 1600,74,Inactive,Club Player
21106678,Player_Under 1600_0223,None,USA,M,1993,950,859,841,13,963.113325627008,Under 1600,32,Inactive,Club Player
20335850,Player_Under 1600_0224,None,ARG,M,1988,1494,1411,1397,53,1538.9933632678988,Under 1600,37,Active,Club Player
71637858,Player_Under 1600_0225,None,KOR,F,1963,1026,1070,999,15,1077.8044810518236,Under 1600,62,Inactive,Club Player
46288242,Player_Under 1600_0226,None,UKR,M,1966,1120,1100,1138,59,1093.3642124975463,Under 1600,59,Active,Club Player
16364582,Player_Under 1600_0227,None,USA,M,1994,1453,1481,1493,74,1398.4502054616887,Under 1600,31,Active,Club Player
63728468,Player_Under 1600_0228,None,NOR,M,2008,992,905,880,63,1031.3527749527411,Under 1600,17,Active,Club Player
97339434,Player_Under 1600_0229,CM,Other,M,1978,869,851,843,90,883.2526291062859,Under 1600,47,Active,Titled
83462900,Player_Under 1600_0230,CM,GBR,M,1989,1195,1184,1168,13,1169.327419440269,Under 1600,36,Inactive,Titled
64098710,Player_Under 1600_0231,None,GER,M,1998,1356,1368,1429,50,1331.8979440358241,Under 1600,27,Active,Club Player
71413800,Player_Under 1600_0232,None,FRA,M,1983,1156,1185,1136,52,1126.601543010335,Under 1600,42,Active,Club Player
26469995,Player_Under 1600_0233,None,UKR,M,1954,1539,1450,1510,54,1546.1661972479599,Under 1600,71,Inactive,Club Player
15555232,Player_Under 1600_0234,FM,GER,M,1953,1323,1225,1206,20,1332.0960126560371,Under 1600,72,Inactive,Titled
18505317,Player_Under 1600_0235,None,TUR,M,1989,1283,1326,1336,94,1288.5386685650913,Under 1600,36,Active,Club Player
96795519,Player_Under 1600_0236,IM,FRA,M,2010,1078,1061,1127,14,1072.05728988379,Under 1600,15,Inactive,Master
18200738,Player_Under 1600_0237,None,ITA,M,1956,1100,1129,1064,60,1094.0650024245856,Under 1600,69,Active,Club Player
20176044,Player_Under 1600_0238,None,BRA,M,1980,1565,1559,1532,81,1571.0972775076973,Under 1600,45,Active,Club Player
86505074,Player_Under 1600_0239,None,JPN,M,1957,1182,1151,1169,47,1190.4287479291681,Under 1600,68,Active,Club Player
93415804,Player_Under 1600_0240,None,POL,M,1964,1258,1227,1194,79,1228.0418072917944,Under 1600,61,Active,Club Player
42907244,Player_Under 1600_0241,None,NOR,M,1992,1485,1461,1446,100,1523.8843260610638,Under 1600,33,Active,Club Player
50209509,Player_Under 1600_0242,None,ITA,M,1971,1343,1290,1297,25,1307.6618089926062,Under 1600,54,Active,Club Player
73381369,Player_Under 1600_0243,None,ITA,M,2001,1205,1155,1202,91,1173.241184926361,Under 1600,24,Active,Club Player
16215588,Player_Under 1600_0244,None,ESP,M,1960,849,810,832,35,813.727784259952,Under 1600,65,Active,Club Player
74402687,Player_Under 1600_0245,None,CAN,M,2002,1115,1054,980,28,1164.3357853752418,Under 1600,23,Active,Club Player
25266313,Player_Under 1600_0246,CM,ARG,F,1967,873,898,903,90,886.2021511453345,Under 1600,58,Active,Titled
34802491,Player_Under 1600_0247,None,ARG,M,1993,1151,1105,1127,56,1150.603958999477,Under 1600,32,Active,Club Player
76683210,Player_Under 1600_0248,None,UKR,M,1973,1409,1456,1523,52,1389.29602429988,Under 1600,52,Active,Club Player
74665494,Player_Under 1600_0249,None,NOR,M,2004,1511,1557,1486,69,1510.4610728895514,Under 1600,21,Active,Club Player
87640917,Player_Under 1600_0250,None,TUR,F,1968,966,932,965,11,954.8070309330822,Under 1600,57,Inactive,Club Player
27714243,Player_Under 1600_0251,CM,KOR,M,1952,1424,1442,1429,21,1464.9910309879397,Under 1600,73,Inactive,Titled
64235750,Player_Under 1600_0252,None,ARG,F,1993,1549,1524,1536,75,1560.0897690781737,Under 1600,32,Active,Club Player
42170121,Player_Under 1600_0253,None,ARG,M,1990,1115,1073,1138,13,1077.0572316090283,Under 1600,35,Inactive,Club Player
56644446,Player_Under 1600_0254,None,TUR,M,1988,833,800,824,19,800.9060301648909,Under 1600,37,Inactive,Club Player
74731490,Player_Under 1600_0255,None,NED,M,1977,1365,1314,1280,95,1384.0927358696183,Under 1600,48,Active,Club Player
54846163,Player_Under 1600_0256,None,Other,M,1976,1526,1478,1407,88,1501.6745056353955,Under 1600,49,Active,Club Player
55064199,Player_Under 1600_0257,None,CHN,M,1976,1474,1477,1452,37,1478.5492188650508,Under 1600,49,Active,Club Player
66582018,Player_Under 1600_0258,None,NOR,M,1951,1470,1435,1387,70,1456.3214894666776,Under 1600,74,Inactive,Club Player
16869167,Player_Under 1600_0259,None,BRA,M,1959,1154,1201,1182,78,1148.8844594830505,Under 1600,66,Active,Club Player
16724113,Player_Under 1600_0260,None,NED,M,1976,1247,1289,1270,22,1250.7527593160887,Under 1600,49,Active,Club Player
18710686,Player_Under 1600_0261,None,KOR,M,2010,1246,1257,1205,38,1271.3946135371789,Under 1600,15,Active,Club Player
97521811,Player_Under 1600_0262,CM,USA,M,1955,1304,1314,1331,24,1305.52583218876,Under 1600,70,Inactive,Titled
59339385,Player_Under 1600_0263,None,GBR,M,2001,978,951,963,25,980.2098599810017,Under 1600,24,Active,Club Player
56306031,Player_Under 1600_0264,None,UKR,M,1976,945,945,974,69,965.4359851888812,Under 1600,49,Active,Club Player
27297682,Player_Under 1600_0265,None,GER,M,1979,1557,1542,1586,31,1559.3127090880653,Under 1600,46,Active,Club Player
84541321,Player_Under 1600_0266,None,CAN,M,1993,1033,1011,1014,96,1034.8904284841592,Under 1600,32,Active,Club Player
90660284,Player_Under 1600_0267,CM,CHN,M,1954,1071,1109,1069,88,1069.2329189502957,Under 1600,71,Inactive,Titled
94631714,Player_Under 1600_0268,FM,GER,M,2010,1424,1441,1503,32,1416.4137039860314,Under 1600,15,Active,Titled
79152444,Player_Under 1600_0269,None,UKR,M,1980,1517,1526,1603,47,1558.6649910279075,Under 1600,45,Active,Club Player
47044713,Player_Under 1600_0270,None,CAN,M,1969,1364,1303,1343,43,1344.261954732157,Under 1600,56,Active,Club Player
77764812,Player_Under 1600_0271,None,BRA,M,1998,1107,1096,1176,53,1090.2634500548072,Under 1600,27,Active,Club Player
58326798,Player_Under 1600_0272,None,GER,M,1969,1474,1486,1543,100,1423.542035473733,Under 1600,56,Active,Club Player
79503373,Player_Under 1600_0273,None,ITA,M,1955,1083,1064,1118,78,1048.0807917123866,Under 1600,70,Inactive,Club Player
41725823,Player_Under 1600_0274,None,FRA,M,1951,1269,1295,1297,60,1252.1118556983424,Under 1600,74,Inactive,Club Player
32622896,Player_Under 1600_0275,None,IND,M,1975,1325,1308,1313,15,1343.1785313743642,Under 1600,50,Inactive,Club Player
36936017,Player_Under 1600_0276,None,GER,M,1952,873,875,922,37,865.9385111955036,Under 1600,73,Inactive,Club Player
64191733,Player_Under 1600_0277,None,POL,M,1993,889,823,800,12,886.2564767214882,Under 1600,32,Inactive,Club Player
27888177,Player_Under 1600_0278,None,KOR,F,1965,802,841,853,79,793.012847117807,Under 1600,60,Active,Club Player
12533356,Player_Under 1600_0279,None,ESP,M,2007,1394,1395,1361,97,1373.1733275829565,Under 1600,18,Active,Club Player
37332811,Player_Under 1600_0280,None,NED,M,2010,1093,1019,1038,46,1089.7434228770105,Under 1600,15,Active,Club Player
24491810,Player_Under 1600_0281,FM,NOR,M,1992,1543,1553,1584,37,1540.1888323703317,Under 1600,33,Active,Titled
53229657,Player_Under 1600_0282,None,BRA,M,1969,896,815,812,52,923.1462439206856,Under 1600,56,Active,Club Player
74492039,Player_Under 1600_0283,None,IND,F,1958,1150,1184,1219,100,1164.8161060175423,Under 1600,67,Active,Club Player
95156507,Player_Under 1600_0284,None,RUS,M,2005,1219,1200,1136,50,1225.1678685133052,Under 1600,20,Active,Club Player
72260589,Player_Under 1600_0285,CM,POL,M,1974,832,800,807,26,817.473218011668,Under 1600,51,Active,Titled
16309559,Player_Under 1600_0286,None,NED,M,1999,1164,1095,1121,89,1126.3529112474953,Under 1600,26,Active,Club Player
59751025,Player_Under 1600_0287,None,USA,M,1981,1473,1382,1345,41,1486.182286552028,Under 1600,44,Active,Club Player
22052065,Player_Under 1600_0288,None,ARG,M,1956,1030,945,866,81,997.1002961703548,Under 1600,69,Active,Club Player
30809796,Player_Under 1600_0289,None,Other,M,1962,1230,1248,1267,74,1209.8667859016798,Under 1600,63,Active,Club Player
94031865,Player_Under 1600_0290,None,POL,M,1975,915,946,1012,98,912.5531202522246,Under 1600,50,Active,Club Player
11147121,Player_Under 1600_0291,None,ARG,M,1974,886,886,926,22,923.2397553130683,Under 1600,51,Active,Club Player
21660206,Player_Under 1600_0292,None,BRA,M,1991,836,883,851,37,869.4503581973976,Under 1600,34,Active,Club Player
21734014,Player_Under 1600_0293,None,JPN,M,1996,1203,1122,1083,72,1190.7801343506028,Under 1600,29,Active,Club Player
82545916,Player_Under 1600_0294,None,JPN,M,1961,1183,1192,1197,55,1222.006267983799,Under 1600,64,Active,Club Player
43096426,Player_Under 1600_0295,None,USA,M,1976,1120,1020,1014,78,1180.6286439955493,Under 1600,49,Active,Club Player
79691159,Player_Under 1600_0296,None,JPN,M,1978,939,944,932,17,933.6786899929031,Under 1600,47,Inactive,Club Player
71430940,Player_Under 1600_0297,None,NOR,M,1990,1325,1235,1215,32,1330.1859335853385,Under 1600,35,Active,Club Player
68961110,Player_Under 1600_0298,None,CHN,M,1973,1214,1171,1163,49,1215.3238976236596,Under 1600,52,Active,Club Player
34563347,Player_Under 1600_0299,None,JPN,M,1995,1548,1476,1463,34,1576.5250067412003,Under 1600,30,Active,Club Player
55256998,Player_Under 1600_0300,FM,IND,M,1951,995,951,963,20,952.6361822621916,Under 1600,74,Inactive,Titled
44087742,Player_Under 1600_0301,None,UKR,M,1982,1190,1152,1188,10,1177.9981591869482,Under 1600,43,Inactive,Club Player
11321962,Player_Under 1600_0302,None,ESP,M,1963,1075,1064,1084,37,1067.5086806563559,Under 1600,62,Active,Club Player
42206800,Player_Under 1600_0303,None,NOR,M,1971,1100,1046,1055,67,1131.0758776829964,Under 1600,54,Active,Club Player
66691059,Player_Under 1600_0304,None,BRA,M,1994,1166,1145,1067,71,1180.9333249051076,Under 1600,31,Active,Club Player
51069888,Player_Under 1600_0305,None,ESP,M,1964,1070,1042,1013,95,1046.1684174822697,Under 1600,61,Active,Club Player
83086288,Player_Under 1600_0306,None,CHN,M,1984,1511,1510,1498,53,1502.8392371977252,Under 1600,41,Active,Club Player
37515576,Player_Under 1600_0307,None,KOR,M,1968,1202,1136,1198,88,1242.9998831515893,Under 1600,57,Active,Club Player
74771737,Player_Under 1600_0308,None,UKR,M,1994,1489,1476,1409,44,1476.3094085875223,Under 1600,31,Active,Club Player
13727060,Player_Under 1600_0309,None,GER,M,1978,1373,1340,1341,42,1378.2283925519203,Under 1600,47,Active,Club Player
92301730,Player_Under 1600_0310,None,BRA,M,1966,881,929,861,43,926.4434708011249,Under 1600,59,Active,Club Player
92023208,Player_Under 1600_0311,None,NED,M,1974,1113,1119,1096,31,1121.8979893122141,Under 1600,51,Active,Club Player
37967835,Player_Under 1600_0312,None,IND,M,1987,996,946,893,10,999.6259539029414,Under 1600,38,Inactive,Club Player
35807711,Player_Under 1600_0313,None,TUR,M,1987,1438,1355,1277,52,1411.4668915421591,Under 1600,38,Active,Club Player
84263066,Player_Under 1600_0314,None,ARG,M,1989,990,944,975,11,1002.0594416195489,Under 1600,36,Inactive,Club Player
33075071,Player_Under 1600_0315,None,ITA,M,1977,1344,1364,1325,72,1375.3235701816848,Under 1600,48,Active,Club Player
81355981,Player_Under 1600_0316,CM,CHN,M,2010,1181,1206,1197,91,1185.4392856741881,Under 1600,15,Active,Titled
13759860,Player_Under 1600_0317,None,GBR,F,1968,978,913,852,15,972.0179844978101,Under 1600,57,Inactive,Club Player
41451675,Player_Under 1600_0318,None,NED,M,1961,1239,1220,1217,24,1222.6944672669042,Under 1600,64,Active,Club Player
75671678,Player_Under 1600_0319,None,GER,F,1958,888,868,891,46,883.7381054074074,Under 1600,67,Active,Club Player
95963112,Player_Under 1600_0320,None,POL,F,2004,829,815,800,32,855.2180984454543,Under 1600,21,Active,Club Player
20291570,Player_Under 1600_0321,None,IND,M,1995,1194,1146,1190,10,1197.3282988697888,Under 1600,30,Inactive,Club Player
33196136,Player_Under 1600_0322,None,NOR,M,2008,1445,1388,1451,83,1477.5760065923491,Under 1600,17,Active,Club Player
54768801,Player_Under 1600_0323,CM,CHN,M,1976,941,922,914,36,964.0832630349023,Under 1600,49,Active,Titled
51740571,Player_Under 1600_0324,None,ESP,F,1955,1299,1265,1264,74,1288.4537280035108,Under 1600,70,Inactive,Club Player
63461521,Player_Under 1600_0325,CM,FRA,M,1995,1577,1560,1542,13,1561.418033420182,Under 1600,30,Inactive,Titled
57446878,Player_Under 1600_0326,None,JPN,M,1951,1110,1061,1058,43,1116.4222007401552,Under 1600,74,Inactive,Club Player
67090077,Player_Under 1600_0327,None,Other,M,2000,1375,1332,1340,44,1385.8326123360991,Under 1600,25,Active,Club Player
71758936,Player_Under 1600_0328,None,NOR,M,1972,979,955,977,27,950.686881960333,Under 1600,53,Active,Club Player
13764901,Player_Under 1600_0329,None,Other,F,1981,808,800,800,50,786.1511425782492,Under 1600,44,Active,Club Player
83593664,Player_Under 1600_0330,None,POL,M,1990,1368,1357,1281,55,1369.9009260584767,Under 1600,35,Active,Club Player
79752160,Player_Under 1600_0331,None,Other,F,1989,996,934,985,24,947.3590166889296,Under 1600,36,Active,Club Player
52489947,Player_Under 1600_0332,None,CHN,M,1962,1182,1100,1028,87,1175.2860726938552,Under 1600,63,Active,Club Player
61174948,Player_1600–1999_0001,None,KOR,M,1994,1958,1984,1959,66,1906.131271767758,1600–1999,31,Active,Club Player
56851660,Player_1600–1999_0002,None,FRA,M,1992,1697,1723,1783,61,1676.1157466060301,1600–1999,33,Active,Club Player
68476015,Player_1600–1999_0003,None,ESP,M,1990,1637,1643,1635,46,1669.5904842730163,1600–1999,35,Active,Club Player
75965413,Player_1600–1999_0004,None,ESP,M,1997,1678,1676,1619,59,1670.5930276123179,1600–1999,28,Active,Club Player
90752118,Player_1600–1999_0005,None,NOR,M,1995,1670,1614,1619,59,1658.6189124743607,1600–1999,30,Active,Club Player
66828340,Player_1600–1999_0006,None,Other,M,1963,1638,1636,1556,21,1669.388561679518,1600–1999,62,Active,Club Player
45783355,Player_1600–1999_0007,None,IND,M,2005,1937,1869,1913,36,1951.6621560425338,1600–1999,20,Active,Club Player
52790991,Player_1600–1999_0008,CM,IND,M,2009,1803,1793,1824,69,1805.951316048743,1600–1999,16,Active,Titled
75563693,Player_1600–1999_0009,None,NOR,M,1954,1748,1664,1735,65,1748.8588495128954,1600–1999,71,Inactive,Club Player
23473603,Player_1600–1999_0010,None,RUS,M,2009,1882,1888,1895,19,1909.0682661822757,1600–1999,16,Inactive,Club Player
72944856,Player_1600–1999_0011,None,ESP,M,1985,1895,1943,1939,43,1870.1084305511506,1600–1999,40,Active,Club Player
45976405,Player_1600–1999_0012,None,POL,M,1962,1768,1751,1708,57,1773.9141099427904,1600–1999,63,Active,Club Player
63173847,Player_1600–1999_0013,None,GBR,M,1964,1723,1727,1709,86,1724.4014447001032,1600–1999,61,Active,Club Player
33081169,Player_1600–1999_0014,None,TUR,M,1970,1887,1818,1822,82,1879.0947482641845,1600–1999,55,Active,Club Player
53393266,Player_1600–1999_0015,None,Other,F,1952,1776,1724,1752,60,1754.1647842530324,1600–1999,73,Inactive,Club Player
38002594,Player_1600–1999_0016,None,RUS,M,1963,1737,1747,1699,31,1728.9540408177581,1600–1999,62,Active,Club Player
16920459,Player_1600–1999_0017,None,NED,M,1967,1986,2035,2001,33,1977.6063896577682,1600–1999,58,Active,Club Player
40307668,Player_1600–1999_0018,None,GER,M,1954,1735,1688,1630,66,1715.807581411312,1600–1999,71,Inactive,Club Player
22058010,Player_1600–1999_0019,None,ITA,M,1997,1677,1607,1569,24,1708.298900433493,1600–1999,28,Active,Club Player
12541716,Player_1600–1999_0020,IM,CHN,M,1970,1763,1664,1734,83,1782.7439042699682,1600–1999,55,Active,Master
99428016,Player_1600–1999_0021,None,KOR,M,1955,1677,1674,1676,21,1679.2559455332487,1600–1999,70,Inactive,Club Player
51992265,Player_1600–1999_0022,None,POL,M,1961,1712,1661,1646,23,1729.4177909431066,1600–1999,64,Active,Club Player
42265228,Player_1600–1999_0023,None,POL,M,1999,1716,1634,1639,35,1728.109186568271,1600–1999,26,Active,Club Player
98925682,Player_1600–1999_0024,CM,GBR,M,1952,1962,1978,2004,29,1970.7692496631987,1600–1999,73,Inactive,Titled
60067280,Player_1600–1999_0025,None,GER,M,1976,1905,1929,1909,48,1936.7082181608516,1600–1999,49,Active,Club Player
57617279,Player_1600–1999_0026,None,USA,M,1987,1720,1720,1712,43,1707.0000991004467,1600–1999,38,Active,Club Player
61018256,Player_1600–1999_0027,None,UKR,F,1999,1864,1841,1870,16,1889.1334747495293,1600–1999,26,Inactive,Club Player
41216135,Player_1600–1999_0028,None,GBR,M,1967,1803,1713,1681,61,1817.3605949393402,1600–1999,58,Active,Club Player
88638959,Player_1600–1999_0029,None,TUR,M,1997,1993,1949,1966,87,1928.7036197824023,1600–1999,28,Active,Club Player
26710432,Player_1600–1999_0030,None,Other,M,1958,1613,1566,1553,97,1576.9940733023363,1600–1999,67,Active,Club Player
52043702,Player_1600–1999_0031,None,GER,M,1976,1692,1698,1689,80,1681.8875072241692,1600–1999,49,Active,Club Player
15743331,Player_1600–1999_0032,None,CAN,M,2001,1899,1884,1894,35,1932.4217553633625,1600–1999,24,Active,Club Player
82391921,Player_1600–1999_0033,None,ITA,M,1966,1874,1867,1913,14,1897.8116066702753,1600–1999,59,Inactive,Club Player
99072590,Player_1600–1999_0034,None,KOR,M,1952,1850,1758,1726,43,1866.5335796155882,1600–1999,73,Inactive,Club Player
44297962,Player_1600–1999_0035,None,POL,M,1964,1898,1833,1783,59,1882.9975124163811,1600–1999,61,Active,Club Player
25377733,Player_1600–1999_0036,None,JPN,F,1994,1873,1850,1918,13,1874.5306775505228,1600–1999,31,Inactive,Club Player
58269029,Player_1600–1999_0037,None,JPN,M,1985,1678,1655,1703,49,1677.0319573980148,1600–1999,40,Active,Club Player
61552948,Player_1600–1999_0038,None,POL,M,1998,1905,1824,1768,68,1900.5423631509304,1600–1999,27,Active,Club Player
74909124,Player_1600–1999_0039,None,CAN,M,1951,1837,1850,1770,90,1809.9374512069123,1600–1999,74,Inactive,Club Player
28912073,Player_1600–1999_0040,None,CHN,M,1972,1909,1864,1837,87,1900.7828105328574,1600–1999,53,Active,Club Player
19402621,Player_1600–1999_0041,None,Other,M,1977,1930,1955,2011,51,1903.304014505166,1600–1999,48,Active,Club Player
71177356,Player_1600–1999_0042,None,ITA,M,1951,1943,1887,1851,16,1967.7143993640552,1600–1999,74,Inactive,Club Player
71138890,Player_1600–1999_0043,None,CHN,M,2007,1721,1687,1666,54,1708.0705366928748,1600–1999,18,Active,Club Player
72624081,Player_1600–1999_0044,None,UKR,M,1952,1955,1999,2029,47,1958.13998237133,1600–1999,73,Inactive,Club Player
62139795,Player_1600–1999_0045,None,UKR,M,2009,1836,1775,1696,52,1860.6994403641131,1600–1999,16,Active,Club Player
27712422,Player_1600–1999_0046,None,ITA,M,1994,1863,1771,1811,84,1879.5211743445043,1600–1999,31,Active,Club Player
68656825,Player_1600–1999_0047,None,IND,M,1971,1633,1636,1589,80,1603.0691398156039,1600–1999,54,Active,Club Player
85573912,Player_1600–1999_0048,None,IND,M,1952,1708,1636,1566,51,1640.146744374817,1600–1999,73,Inactive,Club Player
48211807,Player_1600–1999_0049,None,RUS,M,1986,1961,1991,2046,11,1953.9847999571805,1600–1999,39,Inactive,Club Player
20543531,Player_1600–1999_0050,None,NED,M,2000,1654,1646,1712,12,1672.3068685956616,1600–1999,25,Inactive,Club Player
46640592,Player_1600–1999_0051,None,USA,F,1970,1726,1764,1767,60,1722.6325033050994,1600–1999,55,Active,Club Player
96394501,Player_1600–1999_0052,None,NOR,M,2000,1764,1717,1796,100,1766.5678286123464,1600–1999,25,Active,Club Player
65908227,Player_1600–1999_0053,None,KOR,M,2009,1643,1551,1593,66,1649.3314568517771,1600–1999,16,Active,Club Player
86705152,Player_1600–1999_0054,FM,UKR,M,2010,1775,1799,1797,21,1765.5443646384376,1600–1999,15,Active,Titled
88403101,Player_1600–1999_0055,FM,IND,M,1958,1996,1997,1920,40,1982.8897194291978,1600–1999,67,Active,Titled
58004606,Player_1600–1999_0056,None,RUS,M,1987,1999,2008,1995,76,1982.3072404956952,1600–1999,38,Active,Club Player
82916602,Player_1600–1999_0057,None,ESP,M,1981,1634,1572,1495,92,1635.6083823264487,1600–1999,44,Active,Club Player
87479385,Player_1600–1999_0058,CM,NOR,M,1982,1644,1659,1724,33,1670.930783912059,1600–1999,43,Active,Titled
80904444,Player_1600–1999_0059,None,CAN,M,1996,1968,1997,1927,39,1987.8051667504694,1600–1999,29,Active,Club Player
88053479,Player_1600–1999_0060,None,FRA,M,2006,1881,1808,1843,23,1872.233011420939,1600–1999,19,Active,Club Player
94792470,Player_1600–1999_0061,None,POL,M,2005,1735,1717,1790,79,1748.0919752155623,1600–1999,20,Active,Club Player
79786365,Player_1600–1999_0062,None,CAN,M,1982,1740,1658,1628,16,1723.2767999941343,1600–1999,43,Inactive,Club Player
20479969,Player_1600–1999_0063,None,NOR,M,1990,1643,1598,1580,96,1651.0275195383551,1600–1999,35,Active,Club Player
88957742,Player_1600–1999_0064,None,ESP,F,1966,1941,1931,1965,33,1907.010573145044,1600–1999,59,Active,Club Player
83876225,Player_1600–1999_0065,None,ARG,M,1984,1795,1738,1713,65,1775.33759734928,1600–1999,41,Active,Club Player
30886966,Player_1600–1999_0066,None,IND,M,1973,1641,1569,1583,96,1657.0289042535521,1600–1999,52,Active,Club Player
10284991,Player_1600–1999_0067,CM,ITA,M,1954,1993,2025,2104,45,1995.9651462080199,1600–1999,71,Inactive,Titled
33029033,Player_1600–1999_0068,None,NOR,M,1998,1952,1893,1914,71,1964.343278032388,1600–1999,27,Active,Club Player
56641444,Player_1600–1999_0069,None,GER,M,1964,1690,1671,1729,14,1712.3529393566546,1600–1999,61,Inactive,Club Player
36770087,Player_1600–1999_0070,None,UKR,F,2001,1683,1639,1578,64,1629.2738979373123,1600–1999,24,Active,Club Player
49261841,Player_1600–1999_0071,IM,Other,M,2010,1989,1907,1941,40,1965.7370538431403,1600–1999,15,Active,Master
32322949,Player_1600–1999_0072,CM,RUS,M,1956,1849,1758,1803,97,1907.9599158876917,1600–1999,69,Active,Titled
74117591,Player_1600–1999_0073,FM,NED,M,1965,1746,1779,1791,32,1672.802463489561,1600–1999,60,Active,Titled
94657872,Player_1600–1999_0074,None,FRA,M,2008,1663,1652,1714,23,1651.4263108285893,1600–1999,17,Active,Club Player
10204038,Player_1600–1999_0075,CM,NOR,M,1961,1902,1900,1881,10,1900.0501692003975,1600–1999,64,Inactive,Titled
98559408,Player_1600–1999_0076,None,UKR,M,1987,1978,1981,2007,69,1949.7344660437327,1600–1999,38,Active,Club Player
32200356,Player_1600–1999_0077,None,JPN,M,1967,1873,1895,1950,70,1869.4477613840281,1600–1999,58,Active,Club Player
26393347,Player_1600–1999_0078,None,GBR,M,1980,1749,1654,1642,64,1757.239759796623,1600–1999,45,Active,Club Player
19007914,Player_1600–1999_0079,CM,NED,M,1979,1769,1711,1706,53,1773.6935278640267,1600–1999,46,Active,Titled
21287316,Player_1600–1999_0080,None,Other,M,1988,1798,1793,1840,47,1824.206569369134,1600–1999,37,Active,Club Player
25932810,Player_1600–1999_0081,None,KOR,M,1966,1965,1991,2000,75,2013.2085561745325,1600–1999,59,Active,Club Player
67226356,Player_1600–1999_0082,None,GBR,M,1958,1979,2014,1985,83,1972.1408366791143,1600–1999,67,Active,Club Player
99271756,Player_1600–1999_0083,None,POL,M,1985,1961,1952,1874,69,1961.8084506906102,1600–1999,40,Active,Club Player
22323428,Player_1600–1999_0084,None,TUR,M,1975,1630,1677,1755,28,1615.0783349416545,1600–1999,50,Active,Club Player
58735790,Player_1600–1999_0085,None,IND,M,1965,1941,1849,1879,89,1951.5444906980306,1600–1999,60,Active,Club Player
47899090,Player_1600–1999_0086,None,BRA,M,1974,1939,1921,1952,13,2013.1368428499545,1600–1999,51,Inactive,Club Player
74244228,Player_1600–1999_0087,None,ESP,M,1972,1770,1696,1670,16,1771.50215295063,1600–1999,53,Inactive,Club Player
99775556,Player_1600–1999_0088,None,GBR,M,1959,1998,1922,1905,36,1978.398299484904,1600–1999,66,Active,Club Player
31282675,Player_1600–1999_0089,FM,GBR,M,1950,1705,1610,1647,87,1710.8677709940712,1600–1999,75,Inactive,Titled
13133313,Player_1600–1999_0090,None,TUR,F,1990,1870,1813,1885,65,1849.5375167064765,1600–1999,35,Active,Club Player
31846579,Player_1600–1999_0091,None,GBR,M,1988,1628,1642,1623,29,1611.0333486639677,1600–1999,37,Active,Club Player
12970952,Player_1600–1999_0092,None,ARG,M,1995,1980,1934,1959,44,2011.264920489379,1600–1999,30,Active,Club Player
17901419,Player_1600–1999_0093,None,Other,M,1964,1724,1652,1724,100,1747.4121286862805,1600–1999,61,Active,Club Player
72295629,Player_1600–1999_0094,FM,CAN,M,1975,1745,1698,1703,99,1805.7280779510975,1600–1999,50,Active,Titled
29441610,Player_1600–1999_0095,None,NED,M,2003,1780,1801,1868,62,1744.3389346910667,1600–1999,22,Active,Club Player
66416005,Player_1600–1999_0096,None,ITA,M,1998,1820,1756,1683,89,1838.3144588217674,1600–1999,27,Active,Club Player
16828973,Player_1600–1999_0097,None,UKR,F,1987,1844,1767,1731,75,1826.998594882657,1600–1999,38,Active,Club Player
19001061,Player_1600–1999_0098,None,BRA,M,1982,1659,1583,1580,80,1627.4994128822339,1600–1999,43,Active,Club Player
77460403,Player_1600–1999_0099,None,NOR,M,1999,1635,1641,1667,92,1637.477786451725,1600–1999,26,Active,Club Player
52331390,Player_1600–1999_0100,None,NOR,M,1960,1987,1921,1865,20,1987.549678030403,1600–1999,65,Inactive,Club Player
31928834,Player_1600–1999_0101,None,Other,M,2001,1801,1818,1895,40,1814.7722607064768,1600–1999,24,Active,Club Player
72925890,Player_1600–1999_0102,None,BRA,M,1998,1802,1745,1669,67,1795.391323685301,1600–1999,27,Active,Club Player
88646115,Player_1600–1999_0103,None,ARG,M,1967,1780,1820,1861,41,1797.1015075322612,1600–1999,58,Active,Club Player
34367658,Player_1600–1999_0104,None,JPN,M,1995,1715,1674,1705,32,1700.6457591447975,1600–1999,30,Active,Club Player
47642400,Player_1600–1999_0105,None,BRA,M,1965,1836,1841,1780,43,1830.3286382302265,1600–1999,60,Active,Club Player
26465909,Player_1600–1999_0106,None,Other,M,2002,1754,1785,1747,54,1735.0314448855224,1600–1999,23,Active,Club Player
14492794,Player_1600–1999_0107,None,BRA,F,1955,1959,1955,2026,76,2016.2044496418323,1600–1999,70,Inactive,Club Player
19246869,Player_1600–1999_0108,CM,GBR,F,1966,1744,1737,1692,68,1792.0899768429017,1600–1999,59,Active,Titled
16210551,Player_1600–1999_0109,None,USA,F,1964,1887,1822,1783,28,1867.531144174593,1600–1999,61,Active,Club Player
66946651,Player_1600–1999_0110,None,TUR,M,2003,1603,1624,1696,58,1616.5071427495163,1600–1999,22,Active,Club Player
34805235,Player_1600–1999_0111,None,TUR,M,1983,1803,1853,1874,47,1801.3456344810706,1600–1999,42,Active,Club Player
60269137,Player_1600–1999_0112,None,JPN,M,1970,1607,1539,1475,74,1624.2156617984429,1600–1999,55,Active,Club Player
15143284,Player_1600–1999_0113,None,GBR,M,1990,1798,1706,1778,34,1799.1600372590215,1600–1999,35,Active,Club Player
40049445,Player_1600–1999_0114,None,ITA,M,2006,1913,1819,1813,92,1887.207408274916,1600–1999,19,Active,Club Player
43503242,Player_1600–1999_0115,None,RUS,M,1986,1742,1673,1723,49,1735.8665940725223,1600–1999,39,Active,Club Player
54727299,Player_1600–1999_0116,None,IND,M,1988,1800,1812,1749,96,1767.9793309442555,1600–1999,37,Active,Club Player
56779562,Player_1600–1999_0117,None,BRA,M,1982,1691,1720,1761,53,1649.6208540283349,1600–1999,43,Active,Club Player
87382488,Player_1600–1999_0118,None,Other,M,1989,1800,1758,1785,16,1803.539927572911,1600–1999,36,Inactive,Club Player
83533418,Player_1600–1999_0119,None,NOR,M,2001,1747,1675,1598,57,1765.044018870661,1600–1999,24,Active,Club Player
98341004,Player_1600–1999_0120,None,CAN,M,1976,1948,1933,1971,82,1957.6006303884378,1600–1999,49,Active,Club Player
87842328,Player_1600–1999_0121,None,RUS,M,2002,1847,1776,1844,19,1867.6086496743371,1600–1999,23,Inactive,Club Player
55171787,Player_1600–1999_0122,None,NED,M,1991,1914,1834,1841,87,1924.0811125575683,1600–1999,34,Active,Club Player
94833648,Player_1600–1999_0123,None,IND,M,2001,1687,1637,1588,83,1717.502900944637,1600–1999,24,Active,Club Player
69972575,Player_1600–1999_0124,None,ESP,M,1974,1604,1612,1572,43,1552.8669780293221,1600–1999,51,Active,Club Player
99402601,Player_1600–1999_0125,CM,GER,M,1951,1824,1870,1833,67,1830.8573820646086,1600–1999,74,Inactive,Titled
25598844,Player_1600–1999_0126,None,KOR,M,1974,1757,1794,1730,63,1814.3776377780769,1600–1999,51,Active,Club Player
85022393,Player_1600–1999_0127,None,FRA,M,1979,1861,1887,1964,19,1875.8475932436781,1600–1999,46,Inactive,Club Player
90989292,Player_1600–1999_0128,None,NOR,M,1980,1987,1891,1882,73,1952.8219326735368,1600–1999,45,Active,Club Player
35136244,Player_1600–1999_0129,FM,FRA,M,1978,1847,1795,1776,90,1802.3819708877957,1600–1999,47,Active,Titled
43730897,Player_1600–1999_0130,None,POL,F,1953,1688,1629,1603,54,1717.7112186225866,1600–1999,72,Inactive,Club Player
99389043,Player_1600–1999_0131,None,TUR,M,1968,1921,1933,1876,53,1924.261475442144,1600–1999,57,Active,Club Player
53832692,Player_1600–1999_0132,None,NOR,F,1955,1824,1869,1852,73,1848.6489229639633,1600–1999,70,Inactive,Club Player
97356985,Player_1600–1999_0133,CM,GER,M,1997,1903,1930,1933,64,1899.103801110078,1600–1999,28,Active,Titled
29587443,Player_1600–1999_0134,None,BRA,M,1977,1875,1775,1718,18,1829.9461020294455,1600–1999,48,Inactive,Club Player
14971855,Player_1600–1999_0135,None,GER,M,1972,1975,1877,1882,42,2025.9189775317427,1600–1999,53,Active,Club Player
31359213,Player_1600–1999_0136,None,RUS,M,1955,1640,1580,1503,92,1626.8742876492895,1600–1999,70,Inactive,Club Player
60281618,Player_1600–1999_0137,None,KOR,F,2008,1821,1868,1842,78,1848.3877841398003,1600–1999,17,Active,Club Player
85350306,Player_1600–1999_0138,None,CHN,M,1993,1687,1688,1609,63,1657.7779406211655,1600–1999,32,Active,Club Player
60193866,Player_1600–1999_0139,CM,CAN,M,1998,1777,1695,1729,50,1739.9142611292339,1600–1999,27,Active,Titled
93363797,Player_1600–1999_0140,None,ARG,M,1971,1849,1833,1850,58,1815.2904364149763,1600–1999,54,Active,Club Player
51542877,Player_1600–1999_0141,None,ITA,M,1999,1727,1704,1776,89,1746.0883410632907,1600–1999,26,Active,Club Player
97303171,Player_1600–1999_0142,None,CHN,M,1995,1633,1541,1516,82,1627.582806600426,1600–1999,30,Active,Club Player
15575161,Player_1600–1999_0143,None,BRA,M,1986,1838,1843,1911,41,1859.8786478959694,1600–1999,39,Active,Club Player
64424966,Player_1600–1999_0144,None,BRA,M,1976,1894,1835,1890,21,1853.9816785365933,1600–1999,49,Active,Club Player
45916558,Player_1600–1999_0145,None,ESP,M,1953,1720,1624,1684,64,1689.6299626233426,1600–1999,72,Inactive,Club Player
22963129,Player_1600–1999_0146,None,ITA,M,1994,1788,1759,1827,99,1792.6242900488025,1600–1999,31,Active,Club Player
50934358,Player_1600–1999_0147,None,FRA,M,2010,1967,1950,2029,48,1992.7868049597294,1600–1999,15,Active,Club Player
95199652,Player_1600–1999_0148,None,USA,M,1968,1810,1827,1780,58,1829.3937754691544,1600–1999,57,Active,Club Player
29800074,Player_1600–1999_0149,None,ARG,M,2006,1864,1913,1911,22,1893.7705259698312,1600–1999,19,Active,Club Player
67511999,Player_1600–1999_0150,None,ITA,M,2001,1603,1610,1541,92,1626.0774627289875,1600–1999,24,Active,Club Player
83094569,Player_1600–1999_0151,None,Other,F,2008,1710,1709,1788,51,1731.2945648011141,1600–1999,17,Active,Club Player
81798618,Player_1600–1999_0152,None,KOR,M,1985,1706,1622,1559,82,1692.815609997806,1600–1999,40,Active,Club Player
22657203,Player_1600–1999_0153,None,CAN,M,1965,1903,1860,1901,27,1903.826987997755,1600–1999,60,Active,Club Player
13746838,Player_1600–1999_0154,None,NOR,F,1959,1970,1983,1910,68,1957.736775458991,1600–1999,66,Active,Club Player
36808599,Player_1600–1999_0155,None,NOR,M,1970,1802,1750,1782,18,1787.5000478983482,1600–1999,55,Inactive,Club Player
63982921,Player_1600–1999_0156,None,Other,M,1994,1913,1958,1892,26,1913.8996987387418,1600–1999,31,Active,Club Player
49883407,Player_1600–1999_0157,None,FRA,M,1993,1955,1911,1857,17,1953.4436429953666,1600–1999,32,Inactive,Club Player
31771898,Player_1600–1999_0158,None,ITA,M,1954,1839,1877,1921,52,1862.7991150467599,1600–1999,71,Inactive,Club Player
35923488,Player_1600–1999_0159,None,CHN,M,1984,1848,1786,1738,33,1833.4614365680072,1600–1999,41,Active,Club Player
81514302,Player_1600–1999_0160,None,POL,M,2008,1610,1600,1636,17,1564.112876033878,1600–1999,17,Inactive,Club Player
13515505,Player_1600–1999_0161,None,GER,F,1995,1957,1913,1904,25,1945.0987457496083,1600–1999,30,Active,Club Player
35509494,Player_1600–1999_0162,None,NOR,M,2005,1913,1891,1869,63,1941.1882565994126,1600–1999,20,Active,Club Player
57799713,Player_1600–1999_0163,None,GBR,M,1982,1882,1932,1859,92,1880.570532249737,1600–1999,43,Active,Club Player
10968046,Player_1600–1999_0164,None,UKR,M,1997,1965,1867,1850,15,1991.2480786835768,1600–1999,28,Inactive,Club Player
79493562,Player_1600–1999_0165,CM,IND,M,1980,1771,1680,1614,54,1777.8320101866739,1600–1999,45,Active,Titled
22543311,Player_1600–1999_0166,None,NED,M,1964,1842,1887,1952,79,1851.6713542654704,1600–1999,61,Active,Club Player
98542056,Player_1600–1999_0167,None,CAN,M,1972,1752,1799,1764,17,1768.9764583634544,1600–1999,53,Inactive,Club Player
75208270,Player_1600–1999_0168,CM,Other,F,2009,1714,1664,1591,71,1724.0319057105678,1600–1999,16,Active,Titled
76039864,Player_1600–1999_0169,None,POL,M,1956,1820,1732,1666,95,1810.8031037129326,1600–1999,69,Active,Club Player
28983863,Player_1600–1999_0170,None,KOR,F,1961,1696,1670,1602,52,1673.0535576384498,1600–1999,64,Active,Club Player
42805967,Player_1600–1999_0171,None,RUS,F,2004,1863,1811,1843,46,1864.1255726813133,1600–1999,21,Active,Club Player
33743583,Player_1600–1999_0172,None,KOR,M,1983,1725,1639,1580,75,1679.342864863376,1600–1999,42,Active,Club Player
81368947,Player_1600–1999_0173,None,ITA,M,1973,1799,1718,1718,23,1838.6784820723592,1600–1999,52,Active,Club Player
23039374,Player_1600–1999_0174,None,FRA,M,1993,1986,1973,2027,55,1979.2254517890012,1600–1999,32,Active,Club Player
37086214,Player_1600–1999_0175,None,UKR,M,1953,1993,1948,1990,99,2013.9125256237187,1600–1999,72,Inactive,Club Player
16566335,Player_1600–1999_0176,None,GBR,M,1975,1895,1923,1964,15,1840.5275402009563,1600–1999,50,Inactive,Club Player
98136666,Player_1600–1999_0177,None,ITA,M,1967,1872,1889,1811,17,1862.8105293214535,1600–1999,58,Inactive,Club Player
54746150,Player_1600–1999_0178,None,BRA,M,1969,1882,1929,2009,27,1924.6525004643354,1600–1999,56,Active,Club Player
81690279,Player_1600–1999_0179,None,POL,M,1984,1936,1912,1990,36,1947.3498714843536,1600–1999,41,Active,Club Player
43201196,Player_1600–1999_0180,None,CHN,M,1952,1917,1928,1969,93,1896.623096616139,1600–1999,73,Inactive,Club Player
11012807,Player_1600–1999_0181,None,RUS,M,2007,1815,1772,1793,70,1817.8208549144945,1600–1999,18,Active,Club Player
69415095,Player_1600–1999_0182,None,NOR,M,1978,1684,1721,1750,97,1697.4519683576934,1600–1999,47,Active,Club Player
35450962,Player_1600–1999_0183,None,FRA,M,1957,1636,1550,1567,53,1653.5426074263285,1600–1999,68,Active,Club Player
87914904,Player_1600–1999_0184,None,RUS,F,2010,1818,1777,1821,36,1793.016129804671,1600–1999,15,Active,Club Player
38749267,Player_1600–1999_0185,CM,KOR,M,1980,1860,1888,1947,12,1828.4270909146933,1600–1999,45,Inactive,Titled
68293400,Player_1600–1999_0186,None,GBR,M,2002,1906,1809,1888,59,1912.31872115238,1600–1999,23,Active,Club Player
16711320,Player_1600–1999_0187,None,GBR,M,1980,1697,1665,1710,91,1699.420265842962,1600–1999,45,Active,Club Player
33393484,Player_1600–1999_0188,FM,IND,M,1989,1909,1811,1808,87,1868.4393962772822,1600–1999,36,Active,Titled
28180463,Player_1600–1999_0189,None,NED,M,2006,1734,1661,1658,30,1724.0708220149945,1600–1999,19,Active,Club Player
92023762,Player_1600–1999_0190,None,USA,M,2000,1663,1566,1504,55,1671.8552366321971,1600–1999,25,Active,Club Player
28349650,Player_1600–1999_0191,None,NED,M,1997,1774,1727,1720,58,1776.8157515690853,1600–1999,28,Active,Club Player
88254778,Player_1600–1999_0192,None,UKR,M,1955,1604,1650,1711,97,1587.848941566885,1600–1999,70,Inactive,Club Player
72334256,Player_1600–1999_0193,CM,POL,M,2009,1777,1717,1796,91,1786.9300759111534,1600–1999,16,Active,Titled
11673513,Player_1600–1999_0194,None,CAN,M,1954,1687,1679,1730,49,1701.6101994367193,1600–1999,71,Inactive,Club Player
67165975,Player_1600–1999_0195,None,USA,M,1980,1809,1752,1707,30,1811.88665680105,1600–1999,45,Active,Club Player
64012442,Player_1600–1999_0196,CM,ARG,M,1988,1694,1714,1714,75,1710.292884836602,1600–1999,37,Active,Titled
38256281,Player_1600–1999_0197,CM,USA,M,1950,1988,1993,1915,34,1970.2332815623938,1600–1999,75,Inactive,Titled
46988441,Player_1600–1999_0198,None,NOR,M,2006,1978,1984,1968,58,1978.1920483478139,1600–1999,19,Active,Club Player
62088755,Player_1600–1999_0199,None,ESP,M,2006,1710,1635,1586,48,1737.384217567954,1600–1999,19,Active,Club Player
60046340,Player_1600–1999_0200,CM,ESP,M,1964,1814,1774,1808,72,1823.029674484369,1600–1999,61,Active,Titled
31914851,Player_1600–1999_0201,None,ITA,M,2000,1675,1635,1591,13,1665.6769198831332,1600–1999,25,Inactive,Club Player
84905533,Player_1600–1999_0202,None,POL,F,1995,1964,1874,1904,27,1958.5019622617715,1600–1999,30,Active,Club Player
99329857,Player_1600–1999_0203,CM,UKR,M,1950,1769,1726,1770,54,1763.2537156873893,1600–1999,75,Inactive,Titled
33632980,Player_1600–1999_0204,None,JPN,M,1973,1805,1771,1789,44,1830.538670088988,1600–1999,52,Active,Club Player
94529452,Player_1600–1999_0205,None,NOR,M,1981,1969,2012,1947,14,1933.1483641954296,1600–1999,44,Inactive,Club Player
49837537,Player_1600–1999_0206,None,BRA,M,1971,1829,1841,1824,82,1858.23767205374,1600–1999,54,Active,Club Player
28679508,Player_1600–1999_0207,None,IND,M,1972,1952,1923,2001,36,1978.8525532464596,1600–1999,53,Active,Club Player
55502198,Player_1600–1999_0208,None,NOR,M,1981,1646,1582,1551,45,1638.4573089724977,1600–1999,44,Active,Club Player
12610842,Player_1600–1999_0209,None,CAN,M,1953,1615,1575,1643,82,1630.1966931145391,1600–1999,72,Inactive,Club Player
93976753,Player_1600–1999_0210,CM,NED,M,1997,1911,1943,1867,24,1902.6133697617893,1600–1999,28,Active,Titled
69369446,Player_1600–1999_0211,None,NED,M,1972,1915,1906,1960,47,1935.7963264888392,1600–1999,53,Active,Club Player
97474011,Player_1600–1999_0212,None,ITA,M,2000,1958,1905,1965,35,1933.5132174120663,1600–1999,25,Active,Club Player
33052013,Player_1600–1999_0213,None,ARG,M,1962,1758,1759,1680,60,1812.1037686082234,1600–1999,63,Active,Club Player
48618230,Player_1600–1999_0214,None,POL,M,2002,1908,1866,1865,49,1904.3381425570547,1600–1999,23,Active,Club Player
50965179,Player_1600–1999_0215,None,NOR,M,1976,1993,1938,1914,17,1954.856663155351,1600–1999,49,Inactive,Club Player
71524613,Player_1600–1999_0216,None,NED,M,1973,1849,1825,1859,44,1836.7771453146856,1600–1999,52,Active,Club Player
87142204,Player_1600–1999_0217,None,UKR,M,1998,1637,1671,1742,45,1602.1913529635149,1600–1999,27,Active,Club Player
25216351,Player_1600–1999_0218,CM,FRA,M,1960,1687,1592,1638,26,1718.1893263217437,1600–1999,65,Active,Titled
20381782,Player_1600–1999_0219,None,GBR,M,1969,1730,1724,1727,86,1660.3839290235796,1600–1999,56,Active,Club Player
34689300,Player_1600–1999_0220,None,RUS,M,1975,1921,1852,1803,89,1907.6088165157737,1600–1999,50,Active,Club Player
65314558,Player_1600–1999_0221,None,NED,M,2005,1668,1705,1641,14,1651.5373939611268,1600–1999,20,Inactive,Club Player
97070896,Player_1600–1999_0222,CM,POL,M,1959,1925,1897,1888,60,1898.0214968236805,1600–1999,66,Active,Titled
67215434,Player_1600–1999_0223,None,NOR,M,1984,1658,1620,1688,40,1671.636258394956,1600–1999,41,Active,Club Player
66687840,Player_1600–1999_0224,CM,TUR,F,1962,1858,1882,1914,68,1865.7322892811871,1600–1999,63,Active,Titled
15385279,Player_1600–1999_0225,None,Other,M,1954,1833,1833,1809,29,1810.8338126847054,1600–1999,71,Inactive,Club Player
41126597,Player_1600–1999_0226,None,ARG,M,2008,1829,1796,1810,41,1795.6588287775155,1600–1999,17,Active,Club Player
83293324,Player_1600–1999_0227,None,ARG,F,1976,1681,1655,1659,11,1668.7132001458397,1600–1999,49,Inactive,Club Player
79516172,Player_1600–1999_0228,None,USA,M,1980,1696,1657,1692,77,1687.8618046437614,1600–1999,45,Active,Club Player
17222792,Player_1600–1999_0229,None,ITA,M,1983,1945,1928,1939,25,1995.7209015862209,1600–1999,42,Active,Club Player
93575787,Player_1600–1999_0230,None,GBR,M,2009,1750,1750,1711,29,1754.5092812804307,1600–1999,16,Active,Club Player
26849972,Player_1600–1999_0231,None,KOR,M,1992,1983,1979,2015,53,2002.4921076161995,1600–1999,33,Active,Club Player
59060400,Player_1600–1999_0232,None,ARG,M,1952,1844,1771,1715,34,1854.3449141240908,1600–1999,73,Inactive,Club Player
44169916,Player_1600–1999_0233,None,ITA,M,2001,1802,1803,1807,57,1787.7265166844936,1600–1999,24,Active,Club Player
44821683,Player_1600–1999_0234,None,NED,M,1996,1841,1770,1711,13,1842.4301420937456,1600–1999,29,Inactive,Club Player
15438678,Player_1600–1999_0235,None,CAN,M,1954,1648,1571,1581,25,1601.8407025958786,1600–1999,71,Inactive,Club Player
79081007,Player_1600–1999_0236,None,CAN,M,1960,1834,1770,1769,61,1828.802424396603,1600–1999,65,Active,Club Player
12318092,Player_1600–1999_0237,None,NOR,M,1953,1970,1897,1908,27,1993.6817239438976,1600–1999,72,Inactive,Club Player
89798163,Player_1600–1999_0238,CM,UKR,F,1961,1879,1799,1765,100,1811.513200319486,1600–1999,64,Active,Titled
14695398,Player_1600–1999_0239,WCM,NED,M,1971,1626,1604,1594,34,1615.2638973561748,1600–1999,54,Active,Club Player
89782109,Player_1600–1999_0240,CM,POL,M,1999,1828,1733,1759,89,1816.4440267836667,1600–1999,26,Active,Titled
29770045,Player_1600–1999_0241,None,ARG,M,1959,1856,1789,1789,62,1857.012861788298,1600–1999,66,Active,Club Player
96712069,Player_1600–1999_0242,CM,Other,M,1951,1717,1722,1763,43,1693.2454169569553,1600–1999,74,Inactive,Titled
98109240,Player_1600–1999_0243,None,ITA,M,1966,1838,1869,1929,96,1812.3334826902678,1600–1999,59,Active,Club Player
43363125,Player_1600–1999_0244,None,KOR,M,2000,1641,1664,1637,37,1671.506516034093,1600–1999,25,Active,Club Player
25609291,Player_1600–1999_0245,None,JPN,M,1981,1936,1840,1762,81,1967.444715220333,1600–1999,44,Active,Club Player
73578442,Player_1600–1999_0246,None,KOR,F,1957,1830,1822,1821,81,1871.678867603935,1600–1999,68,Active,Club Player
24712679,Player_1600–1999_0247,None,Other,M,1998,1640,1552,1595,85,1576.6441214867962,1600–1999,27,Active,Club Player
27636034,Player_1600–1999_0248,None,CHN,M,2003,1653,1626,1689,53,1685.910282023458,1600–1999,22,Active,Club Player
14213259,Player_1600–1999_0249,None,POL,M,1987,1659,1590,1530,74,1653.7848985920648,1600–1999,38,Active,Club Player
18733648,Player_1600–1999_0250,None,RUS,F,1962,1967,1962,1955,37,1961.9023158998705,1600–1999,63,Active,Club Player
83797163,Player_1600–1999_0251,None,GBR,M,1970,1984,1918,1932,34,1987.7064851271034,1600–1999,55,Active,Club Player
13473842,Player_1600–1999_0252,None,BRA,M,1958,1884,1789,1791,22,1861.106241014945,1600–1999,67,Active,Club Player
95319127,Player_1600–1999_0253,None,JPN,M,1991,1633,1641,1566,85,1635.7876189996252,1600–1999,34,Active,Club Player
89885817,Player_1600–1999_0254,None,IND,M,1958,1946,1864,1855,82,1899.9564927026363,1600–1999,67,Active,Club Player
60493358,Player_1600–1999_0255,FM,BRA,M,1992,1903,1953,2022,80,1882.4733513755054,1600–1999,33,Active,Titled
27993468,Player_1600–1999_0256,None,RUS,M,1988,1808,1760,1683,67,1852.8363447071977,1600–1999,37,Active,Club Player
78395896,Player_1600–1999_0257,None,RUS,M,1991,1832,1735,1656,37,1829.790355883944,1600–1999,34,Active,Club Player
57668789,Player_1600–1999_0258,None,Other,M,2010,1646,1670,1730,15,1638.8612300481043,1600–1999,15,Inactive,Club Player
27084505,Player_1600–1999_0259,None,USA,M,1979,1627,1602,1651,19,1634.3817398242954,1600–1999,46,Inactive,Club Player
70673012,Player_1600–1999_0260,None,RUS,M,2002,1832,1849,1866,61,1830.3470989393554,1600–1999,23,Active,Club Player
77687437,Player_1600–1999_0261,None,NED,M,1979,1855,1880,1880,100,1849.7874813902765,1600–1999,46,Active,Club Player
19560265,Player_1600–1999_0262,None,KOR,M,1950,1631,1583,1629,26,1629.5778672346428,1600–1999,75,Inactive,Club Player
11275180,Player_1600–1999_0263,None,USA,M,1972,1925,1826,1790,95,1956.8567972721867,1600–1999,53,Active,Club Player
98152410,Player_1600–1999_0264,FM,ITA,M,1982,1673,1583,1639,20,1693.071553525253,1600–1999,43,Inactive,Titled
30945640,Player_1600–1999_0265,None,IND,M,1988,1667,1603,1559,73,1664.1387635218837,1600–1999,37,Active,Club Player
52146598,Player_1600–1999_0266,IM,ARG,M,1960,1851,1810,1844,99,1880.3970646590255,1600–1999,65,Active,Master
57757798,Player_1600–1999_0267,None,BRA,F,1969,1609,1597,1636,17,1616.6941007235916,1600–1999,56,Inactive,Club Player
97371398,Player_1600–1999_0268,CM,ESP,M,1955,1695,1607,1602,97,1693.408738671588,1600–1999,70,Inactive,Titled
29934089,Player_1600–1999_0269,None,NED,M,1959,1806,1793,1855,84,1789.6823252438965,1600–1999,66,Active,Club Player
72856057,Player_1600–1999_0270,None,NOR,M,1990,1782,1804,1789,69,1800.2827997060654,1600–1999,35,Active,Club Player
77820356,Player_1600–1999_0271,None,IND,M,1975,1780,1691,1725,74,1795.3035234061506,1600–1999,50,Active,Club Player
98614311,Player_1600–1999_0272,None,BRA,F,1990,1876,1796,1791,77,1897.126543695283,1600–1999,35,Active,Club Player
16533747,Player_1600–1999_0273,None,FRA,M,1998,1754,1803,1765,50,1719.48709023762,1600–1999,27,Active,Club Player
93809918,Player_1600–1999_0274,None,IND,M,2006,1639,1658,1677,57,1652.432913122926,1600–1999,19,Active,Club Player
13103951,Player_1600–1999_0275,None,UKR,M,1957,1994,1897,1920,96,1955.5217223726854,1600–1999,68,Active,Club Player
40715037,Player_1600–1999_0276,None,JPN,M,1956,1609,1513,1488,17,1586.7534767393336,1600–1999,69,Inactive,Club Player
52682050,Player_1600–1999_0277,None,JPN,M,1964,1670,1668,1699,91,1674.0775305960278,1600–1999,61,Active,Club Player
31962940,Player_1600–1999_0278,None,BRA,M,1988,1961,1882,1953,49,1949.3969488288508,1600–1999,37,Active,Club Player
47301588,Player_1600–1999_0279,None,TUR,M,1995,1805,1805,1727,83,1810.7694225620712,1600–1999,30,Active,Club Player
42024405,Player_1600–1999_0280,FM,ESP,F,1982,1696,1686,1643,80,1676.182943316384,1600–1999,43,Active,Titled
68074423,Player_1600–1999_0281,None,GER,M,1978,1749,1775,1736,31,1677.9181766757233,1600–1999,47,Active,Club Player
27004566,Player_1600–1999_0282,None,POL,M,1969,1676,1665,1658,28,1689.0185241303793,1600–1999,56,Active,Club Player
63674498,Player_1600–1999_0283,None,POL,M,1999,1823,1761,1730,56,1849.1472171346363,1600–1999,26,Active,Club Player
61694199,Player_1600–1999_0284,None,CHN,M,1986,1950,1876,1819,75,1999.3386612555055,1600–1999,39,Active,Club Player
55756725,Player_1600–1999_0285,None,NOR,M,2009,1923,1941,1906,42,1978.551665772336,1600–1999,16,Active,Club Player
46967892,Player_2000–2399_0001,None,BRA,F,1981,2369,2321,2396,33,2370.2597048820353,2000–2399,44,Active,Expert
51421117,Player_2000–2399_0002,None,Other,M,1991,2206,2251,2293,89,2212.395906617836,2000–2399,34,Active,Expert
32292046,Player_2000–2399_0003,None,ESP,M,2009,2364,2398,2410,27,2388.9474136201293,2000–2399,16,Active,Expert
18856002,Player_2000–2399_0004,CM,NOR,M,1967,2346,2301,2292,70,2367.403396987529,2000–2399,58,Active,Titled
41048848,Player_2000–2399_0005,None,GER,M,1985,2068,2065,2145,35,2041.8270771700338,2000–2399,40,Active,Expert
13499593,Player_2000–2399_0006,None,UKR,M,1992,2291,2215,2228,44,2320.1779426014614,2000–2399,33,Active,Expert
87645006,Player_2000–2399_0007,None,POL,M,1967,2232,2161,2147,25,2269.845415053215,2000–2399,58,Active,Expert
65039920,Player_2000–2399_0008,CM,ESP,M,1976,2129,2074,2028,58,2141.6119690693054,2000–2399,49,Active,Titled
61639533,Player_2000–2399_0009,None,NOR,M,1956,2266,2230,2231,44,2199.6553564778796,2000–2399,69,Active,Expert
80192476,Player_2000–2399_0010,CM,FRA,F,1952,2154,2107,2170,85,2189.76715931806,2000–2399,73,Inactive,Titled
29542286,Player_2000–2399_0011,None,BRA,M,1963,2042,2028,2108,14,2005.0789187757541,2000–2399,62,Inactive,Expert
72551776,Player_2000–2399_0012,FM,BRA,F,1976,2369,2318,2343,80,2408.6182009863282,2000–2399,49,Active,Titled
28535421,Player_2000–2399_0013,None,FRA,M,1991,2303,2305,2356,56,2300.6945153573224,2000–2399,34,Active,Expert
35004791,Player_2000–2399_0014,CM,GER,M,1979,2246,2195,2144,51,2225.409435985944,2000–2399,46,Active,Titled
34122425,Player_2000–2399_0015,None,JPN,F,2002,2399,2415,2432,42,2357.798396951397,2000–2399,23,Active,Expert
20148189,Player_2000–2399_0016,None,USA,M,1967,2155,2154,2083,97,2178.6077364566345,2000–2399,58,Active,Expert
16496807,Player_2000–2399_0017,None,BRA,M,1967,2083,1995,2037,44,2074.0765909070733,2000–2399,58,Active,Expert
50325833,Player_2000–2399_0018,IM,JPN,M,1961,2012,1973,2012,42,2007.949618533864,2000–2399,64,Active,Master
41505814,Player_2000–2399_0019,FM,FRA,M,1982,2014,2064,2053,11,2017.1194548066549,2000–2399,43,Inactive,Titled
14544787,Player_2000–2399_0020,CM,GBR,M,1998,2372,2338,2375,70,2364.78821731637,2000–2399,27,Active,Titled
36281776,Player_2000–2399_0021,FM,CAN,M,1978,2289,2299,2256,43,2259.4523450729716,2000–2399,47,Active,Titled
45920749,Player_2000–2399_0022,None,Other,M,1958,2174,2185,2201,98,2114.176803504407,2000–2399,67,Active,Expert
88231529,Player_2000–2399_0023,None,KOR,M,1997,2188,2094,2130,58,2209.2820273599473,2000–2399,28,Active,Expert
22298875,Player_2000–2399_0024,None,CAN,M,1991,2266,2285,2317,98,2289.5451225054194,2000–2399,34,Active,Expert
20456345,Player_2000–2399_0025,None,NED,M,2005,2282,2224,2283,46,2274.8539136788067,2000–2399,20,Active,Expert
61955721,Player_2000–2399_0026,None,ITA,M,1953,2134,2146,2149,86,2118.065017729138,2000–2399,72,Inactive,Expert
49052690,Player_2000–2399_0027,CM,KOR,M,1963,2205,2158,2084,31,2230.3906092585653,2000–2399,62,Active,Titled
93164573,Player_2000–2399_0028,CM,GBR,F,2000,2199,2135,2078,99,2179.94334029288,2000–2399,25,Active,Titled
61637673,Player_2000–2399_0029,IM,Other,M,1986,2201,2199,2271,63,2215.370594921755,2000–2399,39,Active,Master
34064863,Player_2000–2399_0030,FM,Other,M,2005,2253,2251,2181,45,2219.0240021824943,2000–2399,20,Active,Titled
97459701,Player_2000–2399_0031,None,JPN,M,1992,2378,2386,2405,89,2400.5491964020107,2000–2399,33,Active,Expert
71870666,Player_2000–2399_0032,None,POL,M,2005,2384,2285,2241,12,2391.444630913203,2000–2399,20,Inactive,Expert
18914976,Player_2000–2399_0033,CM,TUR,M,1995,2380,2389,2350,83,2379.930559170195,2000–2399,30,Active,Titled
79082730,Player_2000–2399_0034,None,GER,M,1959,2128,2076,2016,96,2122.208474826425,2000–2399,66,Active,Expert
50739159,Player_2000–2399_0035,CM,NOR,F,1956,2142,2121,2178,19,2171.388970000654,2000–2399,69,Inactive,Titled
65888487,Player_2000–2399_0036,FM,ITA,M,1959,2241,2226,2214,30,2270.440168730905,2000–2399,66,Active,Titled
80575186,Player_2000–2399_0037,FM,ITA,M,1954,2388,2402,2326,43,2420.49756229907,2000–2399,71,Inactive,Titled
54787247,Player_2000–2399_0038,None,UKR,M,1959,2284,2203,2199,27,2343.759570789629,2000–2399,66,Active,Expert
54686761,Player_2000–2399_0039,CM,FRA,M,1991,2398,2304,2274,77,2381.746136115038,2000–2399,34,Active,Titled
52262307,Player_2000–2399_0040,CM,IND,M,1988,2383,2386,2412,69,2359.164857223194,2000–2399,37,Active,Titled
98558367,Player_2000–2399_0041,None,CAN,M,1994,2103,2012,2078,68,2154.8240052107844,2000–2399,31,Active,Expert
61303525,Player_2000–2399_0042,None,IND,M,2004,2255,2164,2138,88,2259.651684436926,2000–2399,21,Active,Expert
75734648,Player_2000–2399_0043,None,BRA,M,1992,2393,2419,2458,17,2424.8733011533664,2000–2399,33,Inactive,Expert
28344160,Player_2000–2399_0044,None,IND,M,1964,2190,2127,2150,41,2195.827091296859,2000–2399,61,Active,Expert
26938064,Player_2000–2399_0045,None,CAN,M,1954,2348,2280,2321,45,2314.1023530868238,2000–2399,71,Inactive,Expert
75444255,Player_2000–2399_0046,None,FRA,M,1953,2143,2056,2105,45,2170.1740149177062,2000–2399,72,Inactive,Expert
47292621,Player_2000–2399_0047,None,GBR,F,1984,2097,2132,2181,15,2111.945516104833,2000–2399,41,Inactive,Expert
46585282,Player_2000–2399_0048,CM,JPN,M,1953,2218,2200,2196,27,2188.1524605521895,2000–2399,72,Inactive,Titled
96266612,Player_2000–2399_0049,None,ARG,M,1962,2265,2263,2330,25,2253.6883004472384,2000–2399,63,Active,Expert
99716752,Player_2000–2399_0050,None,RUS,M,2009,2351,2356,2377,42,2342.8587750846805,2000–2399,16,Active,Expert
92483890,Player_2000–2399_0051,FM,GBR,M,1979,2256,2199,2244,24,2256.714896119351,2000–2399,46,Active,Titled
22097880,Player_2000–2399_0052,FM,BRA,M,1987,2178,2135,2152,70,2164.2491672853735,2000–2399,38,Active,Titled
53353261,Player_2000–2399_0053,None,CAN,M,1950,2074,1992,1929,49,2060.469158501866,2000–2399,75,Inactive,Expert
35413694,Player_2000–2399_0054,None,CHN,M,1968,2101,2033,2045,34,2106.3416138637185,2000–2399,57,Active,Expert
89033756,Player_2000–2399_0055,None,CHN,M,1969,2150,2186,2206,79,2152.240289018515,2000–2399,56,Active,Expert
57605050,Player_2000–2399_0056,FM,ARG,M,1974,2136,2146,2101,61,2080.3355284393133,2000–2399,51,Active,Titled
94267605,Player_2000–2399_0057,FM,RUS,F,2009,2277,2205,2204,94,2256.1016684871906,2000–2399,16,Active,Titled
66552141,Player_2000–2399_0058,FM,UKR,F,1991,2248,2156,2109,74,2239.474579011665,2000–2399,34,Active,Titled
78680050,Player_2000–2399_0059,FM,CHN,M,1975,2050,2008,2014,77,2062.6968452835495,2000–2399,50,Active,Titled
87858440,Player_2000–2399_0060,None,NED,M,1971,2150,2087,2082,86,2163.281464257842,2000–2399,54,Active,Expert
79199836,Player_2000–2399_0061,CM,NED,F,1986,2131,2128,2155,98,2120.7747076260844,2000–2399,39,Active,Titled
64864412,Player_2000–2399_0062,None,TUR,M,1982,2325,2314,2272,97,2304.7467772172213,2000–2399,43,Active,Expert
44298900,Player_2000–2399_0063,None,RUS,M,1953,2133,2071,2042,100,2122.198539208031,2000–2399,72,Inactive,Expert
43037417,Player_2000–2399_0064,None,Other,M,1956,2118,2147,2109,15,2115.4450353137404,2000–2399,69,Inactive,Expert
77908880,Player_2000–2399_0065,FM,FRA,F,1997,2130,2090,2100,92,2123.6409850669643,2000–2399,28,Active,Titled
77386472,Player_2000–2399_0066,None,UKR,M,1961,2038,1992,1999,55,2034.149287252178,2000–2399,64,Active,Expert
72699069,Player_2000–2399_0067,CM,NED,F,1956,2085,1994,1942,57,2081.1396907838607,2000–2399,69,Active,Titled
15506144,Player_2000–2399_0068,FM,ARG,F,1995,2129,2161,2202,65,2071.449000908593,2000–2399,30,Active,Titled
37492112,Player_2000–2399_0069,FM,IND,M,2001,2342,2379,2397,57,2378.6489528277775,2000–2399,24,Active,Titled
42697676,Player_2000–2399_0070,None,CHN,M,1959,2284,2319,2248,44,2251.782674859742,2000–2399,66,Active,Expert
28224700,Player_2000–2399_0071,None,Other,M,1973,2101,2094,2030,18,2070.736696286013,2000–2399,52,Inactive,Expert
63747510,Player_2000–2399_0072,None,JPN,M,1959,2074,2035,2095,31,2067.2909177235265,2000–2399,66,Active,Expert
79165729,Player_2000–2399_0073,None,GER,M,1974,2126,2080,2131,38,2143.0848120463456,2000–2399,51,Active,Expert
93988616,Player_2000–2399_0074,None,USA,M,1969,2353,2289,2316,36,2345.008271727454,2000–2399,56,Active,Expert
88960063,Player_2000–2399_0075,None,GBR,M,2010,2398,2378,2305,75,2414.1293756046803,2000–2399,15,Active,Expert
45493856,Player_2000–2399_0076,None,NED,M,1972,2169,2202,2251,43,2158.7075028135564,2000–2399,53,Active,Expert
24468672,Player_2000–2399_0077,None,KOR,F,1951,2149,2117,2170,83,2144.204763194832,2000–2399,74,Inactive,Expert
57386091,Player_2000–2399_0078,FM,ARG,M,1987,2307,2277,2224,44,2285.4276929607568,2000–2399,38,Active,Titled
62242921,Player_2000–2399_0079,None,GER,M,1960,2247,2167,2218,34,2234.583668329527,2000–2399,65,Active,Expert
88651306,Player_2000–2399_0080,None,NED,M,1988,2050,2059,2105,58,2004.3056320528992,2000–2399,37,Active,Expert
55910784,Player_2000–2399_0081,FM,BRA,F,1985,2257,2186,2247,56,2249.087179391606,2000–2399,40,Active,Titled
61316040,Player_2000–2399_0082,CM,Other,F,1955,2161,2087,2102,72,2112.9859368498046,2000–2399,70,Inactive,Titled
17943341,Player_2000–2399_0083,None,ESP,M,1991,2206,2131,2053,95,2210.0664696516646,2000–2399,34,Active,Expert
25043319,Player_2000–2399_0084,None,CAN,M,1967,2368,2314,2261,78,2438.1465110907666,2000–2399,58,Active,Expert
96750217,Player_2000–2399_0085,None,KOR,M,1962,2146,2132,2070,53,2098.4522468633013,2000–2399,63,Active,Expert
22252446,Player_2000–2399_0086,None,KOR,M,1970,2036,1998,2024,53,2001.6685291749386,2000–2399,55,Active,Expert
29754987,Player_2000–2399_0087,None,Other,M,2009,2017,2063,1987,34,2009.6578073568787,2000–2399,16,Active,Expert
96182084,Player_2000–2399_0088,None,CHN,M,1992,2156,2076,2091,98,2133.7219503366573,2000–2399,33,Active,Expert
10658217,Player_2000–2399_0089,None,RUS,M,1958,2203,2154,2164,69,2208.902628179348,2000–2399,67,Active,Expert
28753711,Player_2000–2399_0090,None,ESP,M,1992,2045,2027,1958,51,2088.740985605895,2000–2399,33,Active,Expert
16484752,Player_2000–2399_0091,None,KOR,M,2003,2348,2335,2288,11,2380.5283691654004,2000–2399,22,Inactive,Expert
41250901,Player_2000–2399_0092,FM,BRA,F,1976,2098,2111,2152,35,2080.969622584397,2000–2399,49,Active,Titled
98445260,Player_2000–2399_0093,None,RUS,M,2008,2139,2060,2023,35,2168.8638605611527,2000–2399,17,Active,Expert
74343790,Player_2000–2399_0094,FM,IND,M,1963,2089,2131,2201,19,2110.2726692117435,2000–2399,62,Inactive,Titled
22574454,Player_2000–2399_0095,FM,BRA,M,1958,2365,2325,2364,37,2378.889133397406,2000–2399,67,Active,Titled
94150409,Player_2000–2399_0096,None,IND,M,1996,2093,2041,2090,41,2070.914249787961,2000–2399,29,Active,Expert
96465646,Player_2000–2399_0097,None,ARG,M,1965,2280,2233,2191,49,2300.60864431512,2000–2399,60,Active,Expert
71413153,Player_2000–2399_0098,FM,ESP,M,1985,2048,1953,1945,38,2065.19784281525,2000–2399,40,Active,Titled
20191025,Player_2000–2399_0099,None,GER,M,1976,2021,2039,1974,64,2054.3942054876693,2000–2399,49,Active,Expert
15793409,Player_2000–2399_0100,FM,ESP,M,1956,2033,1948,1877,98,2012.7788531228898,2000–2399,69,Active,Titled
27614249,Player_2000–2399_0101,CM,IND,M,1983,2059,2069,2121,80,2056.51331176226,2000–2399,42,Active,Titled
20669082,Player_2000–2399_0102,FM,RUS,M,2007,2001,1970,1891,100,1981.0581307250122,2000–2399,18,Active,Titled
66315864,Player_2000–2399_0103,None,NOR,M,1996,2107,2070,2034,20,2064.05829736624,2000–2399,29,Inactive,Expert
70760929,Player_2000–2399_0104,FM,GER,M,1954,2255,2253,2210,32,2247.197642722817,2000–2399,71,Inactive,Titled
82817913,Player_2000–2399_0105,FM,NOR,M,2010,2147,2067,2122,15,2159.022124893603,2000–2399,15,Inactive,Titled
23497980,Player_2000–2399_0106,FM,ESP,M,2006,2084,2079,2154,66,2093.9549895899877,2000–2399,19,Active,Titled
67553633,Player_2000–2399_0107,None,BRA,M,1991,2224,2267,2270,97,2185.678521494887,2000–2399,34,Active,Expert
16259739,Player_2000–2399_0108,None,TUR,M,2003,2280,2283,2251,81,2312.2807446270476,2000–2399,22,Active,Expert
32534143,Player_2000–2399_0109,None,UKR,M,1973,2351,2258,2192,30,2374.040156133794,2000–2399,52,Active,Expert
72597864,Player_2000–2399_0110,IM,Other,F,1967,2279,2239,2286,58,2260.8978646212013,2000–2399,58,Active,Master
89946222,Player_2000–2399_0111,None,TUR,M,1979,2353,2378,2445,47,2367.3483438460585,2000–2399,46,Active,Expert
37889558,Player_2000–2399_0112,FM,USA,M,1955,2056,2044,2025,63,2012.0022835235907,2000–2399,70,Inactive,Titled
53215667,Player_2000–2399_0113,FM,POL,M,1970,2161,2064,2048,22,2138.1584516776666,2000–2399,55,Active,Titled
30816407,Player_2000–2399_0114,FM,FRA,M,1950,2334,2378,2330,48,2355.081953622771,2000–2399,75,Inactive,Titled
15016330,Player_2000–2399_0115,FM,UKR,F,1987,2109,2090,2122,91,2098.3013608277356,2000–2399,38,Active,Titled
23344551,Player_2000–2399_0116,None,POL,F,1955,2127,2143,2067,96,2107.3517222979267,2000–2399,70,Inactive,Expert
20956724,Player_2000–2399_0117,None,NED,M,1952,2318,2236,2204,80,2322.5317018018063,2000–2399,73,Inactive,Expert
94537931,Player_2000–2399_0118,None,JPN,F,1989,2209,2236,2268,60,2184.441533457405,2000–2399,36,Active,Expert
43925851,Player_2000–2399_0119,None,POL,M,1955,2291,2300,2328,56,2248.514360904089,2000–2399,70,Inactive,Expert
16535430,Player_2000–2399_0120,None,FRA,M,1995,2168,2188,2229,39,2172.0378883169806,2000–2399,30,Active,Expert
72685511,Player_2000–2399_0121,None,UKR,M,2001,2060,2001,2008,24,2054.8738507215908,2000–2399,24,Active,Expert
93170524,Player_2000–2399_0122,None,ESP,M,1998,2180,2140,2069,59,2175.0572817717075,2000–2399,27,Active,Expert
86676541,Player_2000–2399_0123,CM,POL,M,1988,2193,2100,2041,55,2212.0382697317673,2000–2399,37,Active,Titled
62274861,Player_2000–2399_0124,None,BRA,M,1972,2193,2158,2220,46,2183.9587388707855,2000–2399,53,Active,Expert
23857895,Player_2000–2399_0125,None,ITA,M,1961,2121,2042,1967,68,2113.898071752186,2000–2399,64,Active,Expert
65704359,Player_2000–2399_0126,FM,UKR,M,1952,2174,2206,2263,76,2138.061363966817,2000–2399,73,Inactive,Titled
63153212,Player_2000–2399_0127,None,IND,M,1992,2026,1973,1969,58,1979.0896329031093,2000–2399,33,Active,Expert
76418604,Player_2000–2399_0128,None,UKR,M,1963,2129,2058,2128,59,2117.346432884237,2000–2399,62,Active,Expert
68167140,Player_2000–2399_0129,None,UKR,M,1968,2163,2071,2039,32,2129.8310544957712,2000–2399,57,Active,Expert
27210583,Player_2000–2399_0130,CM,RUS,M,2010,2293,2268,2250,64,2294.9160985839803,2000–2399,15,Active,Titled
60719377,Player_2000–2399_0131,CM,BRA,M,2007,2116,2033,2049,31,2107.3734677048337,2000–2399,18,Active,Titled
35050210,Player_2000–2399_0132,None,FRA,M,1997,2153,2065,2115,77,2183.1232384540654,2000–2399,28,Active,Expert
47244041,Player_2000–2399_0133,IM,GER,M,1976,2349,2372,2395,73,2336.52541029249,2000–2399,49,Active,Master
95472971,Player_2000–2399_0134,CM,NED,F,1972,2170,2213,2284,68,2160.2457326611993,2000–2399,53,Active,Titled
43687339,Player_2000–2399_0135,None,ITA,M,1978,2122,2150,2195,29,2107.3615857873406,2000–2399,47,Active,Expert
25897552,Player_2000–2399_0136,None,ESP,F,1969,2103,2114,2129,75,2096.2864472666624,2000–2399,56,Active,Expert
99558416,Player_2000–2399_0137,FM,TUR,M,1951,2339,2294,2372,54,2331.3760813590247,2000–2399,74,Inactive,Titled
76006017,Player_2000–2399_0138,None,NED,M,1991,2020,1936,1940,44,2036.68243605446,2000–2399,34,Active,Expert
96371756,Player_2000–2399_0139,None,UKR,M,1994,2381,2399,2422,23,2347.5358171401936,2000–2399,31,Active,Expert
10934943,Player_2000–2399_0140,None,JPN,F,1993,2293,2232,2248,34,2299.521586774941,2000–2399,32,Active,Expert
38698824,Player_2000–2399_0141,None,BRA,F,1988,2394,2377,2411,73,2388.252286632184,2000–2399,37,Active,Expert
86816070,Player_2000–2399_0142,CM,GER,M,1954,2302,2259,2293,27,2348.873725575154,2000–2399,71,Inactive,Titled
67970416,Player_2000–2399_0143,CM,GER,M,1990,2048,2095,2089,79,2008.3195448744723,2000–2399,35,Active,Titled
97358741,Player_2000–2399_0144,None,NOR,M,1978,2379,2420,2464,44,2347.0605424154082,2000–2399,47,Active,Expert
79653219,Player_2000–2399_0145,CM,IND,M,1973,2284,2216,2235,63,2279.8813825318093,2000–2399,52,Active,Titled
94236630,Player_2000–2399_0146,IM,GBR,M,1981,2064,2112,2136,50,2084.562567246441,2000–2399,44,Active,Master
21666402,Player_2000–2399_0147,CM,KOR,M,1955,2058,2047,2107,71,2070.1960489961107,2000–2399,70,Inactive,Titled
65886868,Player_2000–2399_0148,FM,CHN,M,1954,2030,1961,1950,61,2013.893068977388,2000–2399,71,Inactive,Titled
87018115,Player_2000–2399_0149,None,FRA,M,1953,2390,2326,2327,20,2390.630409631614,2000–2399,72,Inactive,Expert
98667166,Player_2000–2399_0150,FM,CAN,M,1965,2353,2307,2336,59,2303.4928896507854,2000–2399,60,Active,Titled
62095926,Player_2000–2399_0151,CM,CHN,M,1990,2265,2225,2267,69,2272.5881804940577,2000–2399,35,Active,Titled
60073585,Player_2000–2399_0152,None,USA,M,1968,2020,1922,1892,50,2051.8290772071296,2000–2399,57,Active,Expert
64918193,Player_2000–2399_0153,CM,FRA,M,1953,2389,2381,2357,17,2389.6018198175025,2000–2399,72,Inactive,Titled
17795319,Player_2000–2399_0154,None,GER,M,2000,2323,2301,2330,47,2312.2989658404813,2000–2399,25,Active,Expert
18381438,Player_2000–2399_0155,FM,POL,M,2007,2254,2189,2236,55,2223.9760580008897,2000–2399,18,Active,Titled
62801025,Player_2000–2399_0156,None,BRA,M,1969,2197,2210,2262,33,2181.176618803986,2000–2399,56,Active,Expert
20040729,Player_2000–2399_0157,None,Other,M,1998,2141,2141,2118,86,2174.8804134554302,2000–2399,27,Active,Expert
34137895,Player_2000–2399_0158,None,Other,M,1971,2334,2278,2307,21,2325.4027591637314,2000–2399,54,Active,Expert
90500704,Player_2000–2399_0159,None,GBR,F,1962,2126,2066,2077,25,2110.3527499594416,2000–2399,63,Active,Expert
49847670,Player_2000–2399_0160,None,TUR,M,1958,2084,2058,2073,30,2118.186078933835,2000–2399,67,Active,Expert
64878033,Player_2000–2399_0161,CM,NED,M,1994,2128,2141,2159,28,2083.007668119657,2000–2399,31,Active,Titled
54218039,Player_2000–2399_0162,CM,ARG,M,1956,2032,2023,2099,24,2024.137848034163,2000–2399,69,Active,Titled
76931722,Player_2000–2399_0163,CM,FRA,M,1985,2044,2002,2050,26,2045.8474535035248,2000–2399,40,Active,Titled
66488287,Player_2000–2399_0164,None,NOR,F,2004,2040,2000,2069,27,2022.5173434861983,2000–2399,21,Active,Expert
69871557,Player_2000–2399_0165,FM,UKR,M,1956,2139,2097,2164,72,2121.5185151927417,2000–2399,69,Active,Titled
70848191,Player_2000–2399_0166,None,Other,M,1959,2149,2178,2192,43,2156.8234935146033,2000–2399,66,Active,Expert
21981394,Player_2000–2399_0167,None,IND,M,1978,2309,2297,2348,33,2324.379254270903,2000–2399,47,Active,Expert
69160165,Player_2000–2399_0168,None,POL,F,2010,2024,2039,1983,23,2027.9954052076946,2000–2399,15,Active,Expert
22616484,Player_2000–2399_0169,FM,UKR,M,2005,2166,2176,2150,46,2164.8638044116083,2000–2399,20,Active,Titled
49004187,Player_2000–2399_0170,FM,JPN,F,1966,2391,2362,2325,89,2369.7911772966136,2000–2399,59,Active,Titled
10005710,Player_2000–2399_0171,None,CHN,M,2000,2044,2078,2098,72,2059.1134918310636,2000–2399,25,Active,Expert
27352421,Player_2000–2399_0172,CM,GBR,M,1977,2378,2366,2414,23,2354.6501333535057,2000–2399,48,Active,Titled
64772002,Player_2000–2399_0173,None,NED,F,1996,2041,2014,1947,14,2037.928427793434,2000–2399,29,Inactive,Expert
24264065,Player_2000–2399_0174,FM,ARG,F,1967,2209,2239,2260,100,2221.4792712052704,2000–2399,58,Active,Titled
87275099,Player_2000–2399_0175,FM,CAN,M,1963,2099,2016,2006,68,2072.8344849361915,2000–2399,62,Active,Titled
27959917,Player_2000–2399_0176,CM,ITA,M,1957,2276,2282,2277,31,2282.104140676939,2000–2399,68,Active,Titled
15444057,Player_2000–2399_0177,CM,BRA,M,1954,2390,2369,2424,98,2384.0038022937147,2000–2399,71,Inactive,Titled
94930234,Player_2000–2399_0178,FM,UKR,M,1977,2211,2239,2262,56,2233.3126923075474,2000–2399,48,Active,Titled
10634154,Player_2000–2399_0179,None,GER,M,1970,2099,2087,2042,83,2137.0572854359402,2000–2399,55,Active,Expert
80149273,Player_2000–2399_0180,None,KOR,M,1996,2074,2084,2129,81,2040.3005548286171,2000–2399,29,Active,Expert
82200939,Player_2000–2399_0181,None,UKR,F,1955,2137,2135,2137,49,2155.010476562463,2000–2399,70,Inactive,Expert
77703035,Player_2000–2399_0182,CM,JPN,F,1965,2398,2316,2255,88,2398.869634848657,2000–2399,60,Active,Titled
58425895,Player_2000–2399_0183,None,UKR,M,1960,2276,2224,2235,31,2277.5922159474017,2000–2399,65,Active,Expert
27854838,Player_2000–2399_0184,CM,CHN,M,1950,2364,2359,2337,68,2391.4580537926768,2000–2399,75,Inactive,Titled
80465878,Player_2000–2399_0185,None,JPN,M,2001,2363,2299,2341,14,2376.1739379724763,2000–2399,24,Inactive,Expert
99656225,Player_2000–2399_0186,None,POL,M,1960,2394,2355,2311,81,2392.5642905410436,2000–2399,65,Active,Expert
37625921,Player_2000–2399_0187,None,ITA,M,1978,2170,2158,2079,94,2162.6521541579377,2000–2399,47,Active,Expert
83972391,Player_2000–2399_0188,CM,BRA,M,1960,2182,2108,2057,14,2174.2778371743625,2000–2399,65,Inactive,Titled
21460153,Player_2000–2399_0189,None,ARG,M,2003,2136,2093,2039,87,2133.8918111074067,2000–2399,22,Active,Expert
77549761,Player_2000–2399_0190,None,NED,M,1955,2189,2239,2161,78,2169.9566760303815,2000–2399,70,Inactive,Expert
30528771,Player_2000–2399_0191,None,IND,M,2006,2103,2049,2084,45,2133.1448034819014,2000–2399,19,Active,Expert
55863179,Player_2000–2399_0192,None,BRA,M,1980,2087,2001,2071,25,2100.4343968229477,2000–2399,45,Active,Expert
60908156,Player_2000–2399_0193,None,NOR,M,1995,2210,2123,2188,85,2226.729311420479,2000–2399,30,Active,Expert
20118191,Player_2000–2399_0194,IM,CHN,M,1991,2136,2183,2170,45,2140.3004377833327,2000–2399,34,Active,Master
60197097,Player_2000–2399_0195,None,TUR,M,1996,2114,2033,2090,90,2119.192386409221,2000–2399,29,Active,Expert
43058381,Player_2000–2399_0196,FM,ESP,M,1951,2346,2342,2350,82,2349.227676354525,2000–2399,74,Inactive,Titled
78917223,Player_2000–2399_0197,FM,USA,M,1964,2336,2362,2410,98,2366.507282677904,2000–2399,61,Active,Titled
33105334,Player_2000–2399_0198,FM,JPN,M,1987,2104,2067,2002,87,2094.2889644941306,2000–2399,38,Active,Titled
80381579,Player_2000–2399_0199,FM,KOR,F,1969,2392,2304,2278,59,2364.8608877306924,2000–2399,56,Active,Titled
54196060,Player_2000–2399_0200,None,NOR,F,1993,2273,2293,2277,73,2288.311842542672,2000–2399,32,Active,Expert
45599897,Player_2000–2399_0201,None,NOR,M,1994,2075,2106,2156,76,2095.3911336979263,2000–2399,31,Active,Expert
33411406,Player_2000–2399_0202,None,TUR,M,1962,2266,2203,2258,96,2232.7597124617582,2000–2399,63,Active,Expert
35888739,Player_2000–2399_0203,FM,POL,F,1973,2324,2321,2306,43,2345.485194832802,2000–2399,52,Active,Titled
86736334,Player_2000–2399_0204,None,UKR,M,1957,2165,2209,2141,84,2154.6909847914685,2000–2399,68,Active,Expert
37297734,Player_2000–2399_0205,None,POL,M,1966,2155,2178,2213,77,2150.285054625195,2000–2399,59,Active,Expert
69217751,Player_2000–2399_0206,None,GBR,M,1961,2377,2331,2304,45,2392.1375466842237,2000–2399,64,Active,Expert
65469077,Player_2000–2399_0207,None,NOR,F,1987,2378,2412,2459,19,2377.177925608618,2000–2399,38,Inactive,Expert
70845769,Player_2000–2399_0208,IM,GBR,M,1986,2274,2292,2369,90,2312.4308603423397,2000–2399,39,Active,Master
10250668,Player_2000–2399_0209,WIM,TUR,F,1976,2307,2248,2316,22,2332.850221616132,2000–2399,49,Active,Expert
31241744,Player_2000–2399_0210,None,IND,M,1970,2345,2264,2252,46,2308.945279154216,2000–2399,55,Active,Expert
12464966,Player_2000–2399_0211,CM,NED,M,1997,2386,2376,2403,38,2393.0058233616846,2000–2399,28,Active,Titled
71730903,Player_2000–2399_0212,None,ARG,M,1995,2179,2176,2246,92,2183.9589250523854,2000–2399,30,Active,Expert
51552633,Player_2000–2399_0213,FM,KOR,M,1986,2375,2351,2310,94,2360.397627403566,2000–2399,39,Active,Titled
95406569,Player_2000–2399_0214,None,UKR,F,1970,2358,2365,2308,85,2409.854071399569,2000–2399,55,Active,Expert
93852637,Player_2000–2399_0215,CM,FRA,M,1952,2318,2313,2276,14,2256.4885307210407,2000–2399,73,Inactive,Titled
76279895,Player_2000–2399_0216,CM,NOR,F,1967,2276,2304,2303,63,2253.4951212520805,2000–2399,58,Active,Titled
53733272,Player_2000–2399_0217,None,GBR,M,1950,2041,1969,1997,49,2062.62033580472,2000–2399,75,Inactive,Expert
68059733,Player_2000–2399_0218,FM,CHN,M,1981,2389,2359,2287,51,2359.8773524905305,2000–2399,44,Active,Titled
67856784,Player_2000–2399_0219,None,ESP,M,1955,2096,2056,1980,72,2063.8325021959604,2000–2399,70,Inactive,Expert
73965616,Player_2000–2399_0220,None,NOR,M,1964,2115,2048,1993,37,2091.4483891620116,2000–2399,61,Active,Expert
51942503,Player_2000–2399_0221,None,GER,M,1977,2233,2144,2209,18,2222.7178128589426,2000–2399,48,Inactive,Expert
73524805,Player_2000–2399_0222,None,NED,M,2010,2285,2330,2373,46,2266.2173938562237,2000–2399,15,Active,Expert
72330180,Player_2000–2399_0223,None,RUS,M,1959,2189,2155,2128,40,2198.8758148775473,2000–2399,66,Active,Expert
69053988,Player_2000–2399_0224,FM,TUR,M,1972,2316,2321,2401,29,2274.6879953564667,2000–2399,53,Active,Titled
66974669,Player_2000–2399_0225,None,ARG,M,1954,2059,2012,2087,60,2109.3651600028593,2000–2399,71,Inactive,Expert
83178934,Player_2000–2399_0226,None,GBR,M,1950,2325,2226,2273,38,2334.888090883207,2000–2399,75,Inactive,Expert
28405613,Player_2000–2399_0227,CM,GER,F,1996,2091,2013,2045,11,2092.066171707511,2000–2399,29,Inactive,Titled
31750055,Player_2000–2399_0228,None,GBR,M,2010,2230,2161,2134,36,2198.744213640874,2000–2399,15,Active,Expert
94124642,Player_2000–2399_0229,None,CHN,M,1989,2361,2350,2338,96,2379.4295179930286,2000–2399,36,Active,Expert
76792040,Player_2000–2399_0230,None,BRA,M,2009,2187,2125,2117,70,2187.827350015406,2000–2399,16,Active,Expert
48125377,Player_2000–2399_0231,None,CAN,M,1956,2369,2376,2357,42,2358.416503725656,2000–2399,69,Active,Expert
16457445,Player_2000–2399_0232,None,TUR,F,1955,2184,2228,2182,81,2180.9049005960264,2000–2399,70,Inactive,Expert
23393353,Player_2000–2399_0233,None,RUS,M,1966,2034,1979,2019,19,2018.0468635245186,2000–2399,59,Inactive,Expert
51784609,Player_2000–2399_0234,FM,JPN,M,1980,2374,2412,2452,55,2341.46122942561,2000–2399,45,Active,Titled
31638662,Player_2000–2399_0235,CM,GER,M,2006,2344,2352,2346,72,2354.092325315802,2000–2399,19,Active,Titled
61392655,Player_2000–2399_0236,None,UKR,M,1987,2192,2103,2081,96,2235.2647702602303,2000–2399,38,Active,Expert
37269904,Player_2000–2399_0237,CM,NOR,M,1960,2113,2078,2109,21,2125.1829747049196,2000–2399,65,Active,Titled
21801496,Player_2000–2399_0238,None,TUR,F,1993,2094,2112,2055,16,2075.6614850998117,2000–2399,32,Inactive,Expert
83803328,Player_2400–2599_0001,None,ARG,M,2010,2450,2419,2496,138,2414.149899227518,2400–2599,15,Active,Expert
27549266,Player_2400–2599_0002,WFM,FRA,M,1982,2440,2362,2313,75,2449.158384279017,2400–2599,43,Active,Expert
78075558,Player_2400–2599_0003,FM,POL,M,1982,2480,2404,2461,125,2456.0066933964076,2400–2599,43,Active,Titled
33517435,Player_2400–2599_0004,IM,CAN,M,1995,2405,2366,2422,136,2385.349366109735,2400–2599,30,Active,Master
39675835,Player_2400–2599_0005,IM,ESP,M,2004,2442,2389,2417,62,2420.672309381687,2400–2599,21,Active,Master
29039218,Player_2400–2599_0006,None,ESP,M,1978,2419,2404,2353,135,2403.200446542264,2400–2599,47,Active,Expert
40947906,Player_2400–2599_0007,IM,GBR,M,1998,2425,2438,2438,32,2420.878899872355,2400–2599,27,Active,Master
14344685,Player_2400–2599_0008,IM,NED,M,2010,2596,2563,2619,95,2589.597151900422,2400–2599,15,Active,Master
27566546,Player_2400–2599_0009,None,POL,F,1962,2470,2446,2428,73,2454.2456830112346,2400–2599,63,Active,Expert
45922079,Player_2400–2599_0010,FM,CAN,M,1995,2490,2463,2402,84,2447.944264086326,2400–2599,30,Active,Titled
71892517,Player_2400–2599_0011,FM,GER,M,1968,2537,2517,2521,127,2538.9722066435857,2400–2599,57,Active,Titled
51773365,Player_2400–2599_0012,IM,GER,F,1951,2545,2521,2450,93,2517.5689052970233,2400–2599,74,Inactive,Master
91794645,Player_2400–2599_0013,FM,ESP,M,1963,2576,2617,2562,39,2612.4714465435045,2400–2599,62,Active,Titled
52590094,Player_2400–2599_0014,None,ITA,M,1969,2457,2425,2499,69,2416.939883681005,2400–2599,56,Active,Expert
26328705,Player_2400–2599_0015,FM,NOR,M,1953,2432,2344,2381,66,2427.215840003456,2400–2599,72,Inactive,Titled
56750172,Player_2400–2599_0016,FM,UKR,F,2006,2424,2448,2412,142,2426.5432390542305,2400–2599,19,Active,Titled
67708056,Player_2400–2599_0017,IM,NED,M,1989,2450,2448,2467,53,2429.9927885972916,2400–2599,36,Active,Master
66471179,Player_2400–2599_0018,IM,Other,M,1996,2555,2572,2581,41,2550.6341371355206,2400–2599,29,Active,Master
96233143,Player_2400–2599_0019,IM,RUS,M,2006,2460,2494,2418,84,2445.4135633504097,2400–2599,19,Active,Master
93998114,Player_2400–2599_0020,None,NOR,M,1968,2430,2372,2375,43,2449.4595631158772,2400–2599,57,Active,Expert
43944574,Player_2400–2599_0021,IM,CAN,M,1982,2553,2499,2562,35,2584.406066537726,2400–2599,43,Active,Master
98160324,Player_2400–2599_0022,FM,CAN,F,2008,2482,2467,2412,128,2510.559567020964,2400–2599,17,Active,Titled
59144973,Player_2400–2599_0023,None,CAN,M,1951,2488,2396,2350,55,2474.0292320306116,2400–2599,74,Inactive,Expert
33422940,Player_2400–2599_0024,None,BRA,M,1963,2449,2393,2447,44,2426.8722452060156,2400–2599,62,Active,Expert
60493217,Player_2400–2599_0025,IM,FRA,M,2000,2476,2387,2399,100,2442.579973553765,2400–2599,25,Active,Master
42884431,Player_2400–2599_0026,WIM,RUS,M,1991,2420,2439,2363,65,2418.581050577807,2400–2599,34,Active,Expert
45435814,Player_2400–2599_0027,IM,IND,M,1979,2588,2489,2419,144,2584.320727819472,2400–2599,46,Active,Master
70704167,Player_2400–2599_0028,None,ITA,F,1979,2443,2361,2436,120,2429.5629581524995,2400–2599,46,Active,Expert
89859140,Player_2400–2599_0029,None,KOR,M,1998,2445,2363,2408,94,2406.9751063380468,2400–2599,27,Active,Expert
33350372,Player_2400–2599_0030,IM,GBR,M,2004,2479,2415,2350,65,2504.646816393087,2400–2599,21,Active,Master
47274682,Player_2400–2599_0031,IM,CHN,M,1977,2420,2401,2358,36,2453.133045108313,2400–2599,48,Active,Master
50834127,Player_2400–2599_0032,None,KOR,M,1976,2412,2385,2399,106,2450.3269003454175,2400–2599,49,Active,Expert
56910036,Player_2400–2599_0033,None,BRA,M,2003,2447,2356,2387,128,2462.3697400550186,2400–2599,22,Active,Expert
22986620,Player_2400–2599_0034,None,ESP,M,1958,2472,2441,2394,65,2425.615602913632,2400–2599,67,Active,Expert
63325501,Player_2400–2599_0035,IM,CHN,F,1982,2465,2452,2439,140,2482.8315843230275,2400–2599,43,Active,Master
85955106,Player_2400–2599_0036,FM,USA,F,1955,2455,2449,2529,142,2448.5932432661098,2400–2599,70,Inactive,Titled
52251835,Player_2400–2599_0037,None,RUS,M,1963,2465,2466,2502,45,2450.4750006965046,2400–2599,62,Active,Expert
35858918,Player_2400–2599_0038,IM,USA,M,2008,2578,2495,2449,45,2623.069055703069,2400–2599,17,Active,Master
54108481,Player_2400–2599_0039,IM,CAN,F,1973,2498,2543,2516,135,2510.5347844873104,2400–2599,52,Active,Master
71835850,Player_2400–2599_0040,CM,FRA,M,1967,2556,2468,2510,30,2544.5116168949467,2400–2599,58,Active,Titled
39146374,Player_2400–2599_0041,FM,GBR,M,1984,2514,2427,2449,77,2508.3957124790504,2400–2599,41,Active,Titled
56360680,Player_2400–2599_0042,CM,FRA,M,2007,2538,2546,2603,134,2569.449541322077,2400–2599,18,Active,Titled
30430041,Player_2400–2599_0043,CM,JPN,M,1950,2402,2382,2368,133,2388.1188912584785,2400–2599,75,Inactive,Titled
44458300,Player_2400–2599_0044,None,GBR,M,1972,2511,2541,2547,89,2497.541215941095,2400–2599,53,Active,Expert
38716690,Player_2400–2599_0045,IM,UKR,F,2010,2532,2546,2573,129,2549.0269035428278,2400–2599,15,Active,Master
99339035,Player_2400–2599_0046,IM,ITA,M,1985,2576,2613,2622,104,2579.025504940036,2400–2599,40,Active,Master
22592244,Player_2400–2599_0047,IM,CAN,M,2009,2513,2447,2417,72,2530.915072162964,2400–2599,16,Active,Master
69836586,Player_2400–2599_0048,IM,UKR,M,1961,2497,2464,2498,50,2499.249524731935,2400–2599,64,Active,Master
46810154,Player_2400–2599_0049,CM,BRA,F,1950,2596,2630,2631,74,2627.0505191657594,2400–2599,75,Inactive,Titled
74123258,Player_2400–2599_0050,FM,RUS,F,2007,2557,2464,2465,69,2547.366372080971,2400–2599,18,Active,Titled
60608304,Player_2400–2599_0051,None,GER,M,1951,2514,2495,2536,138,2537.0736410509544,2400–2599,74,Inactive,Expert
79651756,Player_2400–2599_0052,FM,NED,M,1987,2493,2539,2504,132,2487.4311067616904,2400–2599,38,Active,Titled
48974618,Player_2400–2599_0053,None,GBR,M,1987,2455,2478,2468,46,2426.4359961605905,2400–2599,38,Active,Expert
50982483,Player_2400–2599_0054,None,RUS,M,2007,2453,2446,2366,83,2417.8771670120586,2400–2599,18,Active,Expert
14394895,Player_2400–2599_0055,CM,GBR,F,1979,2463,2434,2436,116,2405.7067389206727,2400–2599,46,Active,Titled
75130367,Player_2400–2599_0056,CM,FRA,F,1960,2493,2533,2498,35,2507.5101354333797,2400–2599,65,Active,Titled
56367096,Player_2400–2599_0057,IM,GER,M,1966,2464,2372,2303,115,2493.7526096694623,2400–2599,59,Active,Master
97371631,Player_2400–2599_0058,IM,TUR,M,1950,2446,2414,2487,56,2451.963727925014,2400–2599,75,Inactive,Master
48682811,Player_2400–2599_0059,CM,JPN,M,2005,2495,2480,2483,98,2476.3300005032233,2400–2599,20,Active,Titled
42271257,Player_2400–2599_0060,FM,KOR,M,1954,2519,2547,2517,53,2523.6631753022466,2400–2599,71,Inactive,Titled
84072058,Player_2400–2599_0061,IM,JPN,M,1999,2519,2530,2475,49,2559.791383312591,2400–2599,26,Active,Master
95127938,Player_2400–2599_0062,CM,USA,M,1999,2574,2581,2566,46,2649.202758631972,2400–2599,26,Active,Titled
78895919,Player_2400–2599_0063,GM,USA,M,1971,2464,2395,2414,145,2483.2432192577385,2400–2599,54,Active,Master
14867549,Player_2400–2599_0064,FM,KOR,M,1969,2425,2444,2419,120,2386.8977108670047,2400–2599,56,Active,Titled
36358183,Player_2400–2599_0065,None,GBR,M,1997,2432,2339,2273,33,2426.685985226001,2400–2599,28,Active,Expert
24511171,Player_2400–2599_0066,GM,GER,M,1994,2404,2390,2412,67,2434.408664936169,2400–2599,31,Active,Master
52050696,Player_2400–2599_0067,FM,FRA,M,1952,2419,2451,2525,63,2373.526432790405,2400–2599,73,Inactive,Titled
53643726,Player_2400–2599_0068,CM,IND,M,1973,2570,2491,2532,50,2544.990076163216,2400–2599,52,Active,Titled
59761070,Player_2400–2599_0069,WFM,ITA,M,1986,2482,2525,2528,72,2461.152782487182,2400–2599,39,Active,Expert
48864140,Player_2400–2599_0070,FM,CHN,M,1990,2592,2523,2511,71,2595.916760140207,2400–2599,35,Active,Titled
83614290,Player_2400–2599_0071,None,USA,M,1952,2488,2444,2415,58,2469.2865691699976,2400–2599,73,Inactive,Expert
84042673,Player_2400–2599_0072,None,Other,M,1951,2577,2578,2599,57,2589.4746226657076,2400–2599,74,Inactive,Expert
63632459,Player_2400–2599_0073,None,JPN,M,1960,2462,2488,2431,137,2459.09583392085,2400–2599,65,Active,Expert
42387605,Player_2400–2599_0074,FM,RUS,M,1998,2421,2447,2465,144,2428.2689335691107,2400–2599,27,Active,Titled
11030732,Player_2400–2599_0075,IM,Other,M,2001,2557,2524,2505,40,2562.981723641002,2400–2599,24,Active,Master
12054039,Player_2400–2599_0076,None,USA,M,2000,2592,2590,2575,94,2574.508714041205,2400–2599,25,Active,Expert
71140431,Player_2600+_0001,CM,Other,M,1994,2656,2575,2519,177,2653.260313591485,2600+,31,Active,Titled
94812757,Player_2600+_0002,GM,USA,M,1966,3169,3156,3235,93,3123.9230942228573,2600+,59,Active,Master
27948433,Player_2600+_0003,None,RUS,M,1971,2810,2721,2658,140,2841.5383421927377,2600+,54,Active,Expert
70807738,Player_2600+_0004,GM,TUR,M,1950,2958,2993,2996,176,2950.7122317961894,2600+,75,Inactive,Master
76507063,Player_2600+_0005,IM,KOR,M,1968,2661,2611,2641,157,2676.153782780863,2600+,57,Active,Master
86010758,Player_2600+_0006,IM,CHN,M,1972,2683,2593,2597,183,2693.4947599536245,2600+,53,Active,Master
52326418,Player_2600+_0007,IM,GER,M,2010,2758,2672,2615,74,2742.670707536357,2600+,15,Active,Master
61222507,Player_2600+_0008,None,POL,M,2002,2680,2607,2540,50,2718.5144643024923,2600+,23,Active,Expert
79268677,Player_2600+_0009,IM,NOR,M,1994,2935,2858,2824,60,2918.0790994514996,2600+,31,Active,Master
64700172,Player_2600+_0010,FM,TUR,M,2010,2734,2777,2774,181,2745.9518382472615,2600+,15,Active,Titled
71334254,Player_2600+_0011,WIM,ARG,M,1967,2627,2583,2565,145,2609.5255063434047,2600+,58,Active,Expert
71225971,Player_2600+_0012,FM,ITA,M,2003,2738,2711,2687,121,2739.7285982615153,2600+,22,Active,Titled
44144647,Player_2600+_0013,IM,ARG,M,1980,3047,2955,3019,154,3050.6787672835253,2600+,45,Active,Master
71589293,Player_2600+_0014,GM,KOR,M,1962,3163,3072,3000,91,3153.9531170961172,2600+,63,Active,Master
45773215,Player_2600+_0015,FM,NOR,M,1993,3040,3029,3073,172,3023.399754841198,2600+,32,Active,Titled
44221269,Player_2600+_0016,FM,TUR,M,1953,3056,3008,2969,177,3074.080916891992,2600+,72,Inactive,Titled
34797881,Player_2600+_0017,IM,NED,M,1953,2779,2718,2672,80,2792.268853487052,2600+,72,Inactive,Master
32933045,Player_2600+_0018,None,NOR,M,2001,2978,2918,2855,166,2990.799050048836,2600+,24,Active,Expert
35468081,Player_2600+_0019,GM,FRA,M,1959,3106,3123,3047,72,3087.3263813222898,2600+,66,Active,Master
