user,id,rated,speed,color,winner,result,rating_pre,rating_diff,rating_post,opponent_rating,datetime
KAPUTVSEMU,Hc2bTwUi,TRUE,blitz,White,white,1,2821,3,2824,2645,2025-10-12T14:15:41Z
KAPUTVSEMU,Lqc754pZ,TRUE,blitz,Black,NA,0.5,2824,-3,2821,2639,2025-10-12T13:36:20Z
KAPUTVSEMU,KQ4UaiUT,TRUE,blitz,White,white,1,2822,2,2824,2606,2025-10-11T20:42:07Z
KAPUTVSEMU,Mh5hR1sp,TRUE,blitz,Black,white,0,2831,-9,2822,2604,2025-10-11T20:33:07Z
KAPUTVSEMU,9HOjlECU,TRUE,blitz,Black,white,0,2839,-8,2831,2685,2025-10-11T20:26:18Z
KAPUTVSEMU,oZGwvqm8,TRUE,blitz,White,white,1,2836,3,2839,2617,2025-10-11T19:13:34Z
KAPUTVSEMU,PjEM4XsV,TRUE,blitz,Black,NA,0.5,2839,-3,2836,2690,2025-10-11T19:06:43Z
KAPUTVSEMU,d2VIhcup,TRUE,blitz,White,white,1,2835,4,2839,2713,2025-10-11T12:18:52Z
KAPUTVSEMU,TXYkgeJc,TRUE,blitz,White,white,1,2830,5,2835,2722,2025-10-11T00:03:17Z
KAPUTVSEMU,jw95RTOv,TRUE,blitz,White,white,1,2826,4,2830,2682,2025-10-10T23:53:27Z
KAPUTVSEMU,LB0MCFkf,TRUE,blitz,Black,black,1,2823,3,2826,2666,2025-10-10T22:49:53Z
KAPUTVSEMU,sBlV9d8Y,TRUE,blitz,Black,NA,0.5,2824,-1,2823,2766,2025-10-10T22:43:30Z
KAPUTVSEMU,mVttjX4X,TRUE,blitz,White,NA,0.5,2825,-1,2824,2765,2025-10-10T22:39:05Z
KAPUTVSEMU,1aivYPzj,TRUE,blitz,Black,black,1,2819,6,2825,2769,2025-10-10T22:34:13Z
KAPUTVSEMU,E13rtmQ0,TRUE,blitz,Black,white,0,2829,-10,2819,2645,2025-10-10T22:24:22Z
pressive,kVOOufZ3,TRUE,bullet,Black,black,1,3106,0,3106,2092,2025-08-12T11:51:00Z
pressive,WU4qqLhb,TRUE,bullet,Black,black,1,3106,0,3106,2125,2025-08-12T11:48:16Z
pressive,TDeDPwHS,TRUE,rapid,Black,black,1,2636,17,2653,2403,2025-08-11T13:06:36Z
pressive,CGq61DaQ,TRUE,bullet,White,white,1,3101,5,3106,3053,2025-08-04T10:07:34Z
pressive,aF3j7YAh,TRUE,bullet,Black,black,1,3096,5,3101,3058,2025-08-04T10:06:16Z
pressive,t7Qx1bMh,TRUE,bullet,White,black,0,3102,-6,3096,3051,2025-08-04T10:03:49Z
pressive,mo6kCbtI,TRUE,bullet,Black,black,1,3097,5,3102,3057,2025-08-04T10:01:35Z
pressive,zTWTOqgd,TRUE,bullet,White,white,1,3092,5,3097,3062,2025-08-04T09:59:11Z
pressive,bk2BOQSx,TRUE,bullet,Black,black,1,3087,5,3092,3067,2025-08-04T09:57:36Z
pressive,PzRajuGp,TRUE,bullet,White,white,1,3081,6,3087,3073,2025-08-04T09:55:45Z
pressive,npfLK8l5,TRUE,bullet,White,white,1,3077,4,3081,2962,2025-08-04T09:53:46Z
pressive,PVYgrRCw,TRUE,bullet,Black,black,1,3073,4,3077,2966,2025-08-04T09:52:03Z
pressive,shOrgXSM,TRUE,bullet,Black,black,1,3069,4,3073,2957,2025-08-04T09:47:37Z
pressive,miUSuTfe,TRUE,bullet,White,black,0,3077,-8,3069,2949,2025-08-04T09:45:16Z
pressive,xUmm425s,TRUE,bullet,White,white,1,3073,4,3077,2901,2025-08-04T09:35:03Z
Vadim0507001012,vGIx2qai,TRUE,classical,White,black,0,2336,-18,2318,2121,2025-10-14T19:45:01Z
Vadim0507001012,iu5QKXu2,TRUE,classical,Black,black,1,2334,2,2336,1957,2025-10-11T15:07:10Z
Vadim0507001012,l6s6Ja4d,TRUE,classical,White,white,1,2330,4,2334,2012,2025-10-01T15:50:23Z
Vadim0507001012,TEUvacMg,TRUE,classical,Black,black,1,2329,1,2330,1808,2025-09-29T19:28:17Z
Vadim0507001012,69xxc3tA,TRUE,classical,Black,black,1,2328,1,2329,1822,2025-09-24T17:50:41Z
Vadim0507001012,z9hylRC6,TRUE,classical,White,white,1,2327,1,2328,1781,2025-09-22T21:01:40Z
Vadim0507001012,6TeknPxt,TRUE,classical,Black,black,1,2327,0,2327,1598,2025-09-17T14:56:28Z
Vadim0507001012,IpuOV09L,TRUE,classical,White,white,1,2326,1,2327,1789,2025-09-13T16:28:43Z
Vadim0507001012,x8td5pXM,TRUE,classical,White,white,1,2325,1,2326,1683,2025-09-06T18:14:45Z
Vadim0507001012,JzDGXXYk,TRUE,classical,White,white,1,2322,3,2325,2013,2025-09-02T21:47:29Z
Vadim0507001012,zi2ZvLQ2,TRUE,classical,White,white,1,2321,1,2322,1738,2025-09-02T13:36:56Z
Vadim0507001012,ld7Hxsv3,TRUE,classical,White,white,1,2318,3,2321,2053,2025-08-26T16:52:13Z
Vadim0507001012,7AvFDZCq,TRUE,classical,White,white,1,2317,1,2318,1720,2025-08-25T16:44:10Z
Vadim0507001012,OfsmXiLh,TRUE,classical,Black,black,1,2317,0,2317,1360,2025-08-25T16:06:46Z
Vadim0507001012,41XBTeMj,TRUE,classical,Black,black,1,2315,2,2317,1892,2025-08-19T16:31:31Z
Wilbur_Tseng,WHtTbak0,TRUE,bullet,Black,black,1,2507,1,2508,1841,2025-09-23T16:51:45Z
Wilbur_Tseng,oUtB3DDB,TRUE,bullet,White,white,1,2507,0,2507,1871,2025-09-23T16:49:19Z
Wilbur_Tseng,8IZwtZO3,TRUE,bullet,Black,black,1,2503,4,2507,2343,2025-09-23T16:46:48Z
Wilbur_Tseng,DtiuhlNi,TRUE,bullet,White,white,1,2503,0,2503,1712,2025-09-23T16:45:02Z
Wilbur_Tseng,GnMcB7zT,TRUE,bullet,Black,black,1,2502,1,2503,2018,2025-09-23T16:43:18Z
Wilbur_Tseng,UafONxOU,TRUE,bullet,Black,black,1,2502,0,2502,1782,2025-09-23T16:41:09Z
Wilbur_Tseng,UUaM6ACi,TRUE,bullet,White,white,1,2502,0,2502,817,2025-09-23T16:40:15Z
Wilbur_Tseng,hQHavD0N,TRUE,bullet,White,white,1,2493,9,2502,2618,2025-09-23T16:16:41Z
Wilbur_Tseng,FPLbd2HN,TRUE,bullet,White,black,0,2504,-11,2493,2267,2025-09-23T16:15:24Z
Wilbur_Tseng,y3jw6lCf,TRUE,bullet,White,white,1,2503,1,2504,2039,2025-09-11T00:16:16Z
Wilbur_Tseng,WF5Y71yD,TRUE,bullet,Black,black,1,2502,1,2503,2039,2025-09-11T00:12:14Z
Wilbur_Tseng,3b5v5qa0,TRUE,bullet,Black,black,1,2497,5,2502,2430,2025-09-08T02:55:25Z
Wilbur_Tseng,NHoF0Eyh,TRUE,bullet,Black,black,1,2490,7,2497,2607,2025-09-08T02:54:19Z
Wilbur_Tseng,E8WbCV9j,TRUE,bullet,White,black,0,2496,-6,2490,2487,2025-09-08T02:52:05Z
Wilbur_Tseng,1I8Y1OTz,TRUE,bullet,White,white,1,2490,6,2496,2464,2025-09-08T02:49:47Z
A_Tsarkov,Rgar5P9L,TRUE,bullet,White,white,1,2511,5,2516,2421,2025-10-16T04:22:49Z
A_Tsarkov,ZJvzoUUt,TRUE,bullet,Black,white,0,2514,-3,2511,2689,2025-10-16T04:05:22Z
A_Tsarkov,BGbNOGc8,TRUE,bullet,Black,black,1,2509,5,2514,2489,2025-10-15T18:21:38Z
A_Tsarkov,He4uFEr7,TRUE,bullet,White,white,1,2504,5,2509,2447,2025-10-15T18:06:01Z
A_Tsarkov,fG0RvOk7,TRUE,bullet,Black,white,0,2511,-7,2504,2409,2025-10-15T17:35:22Z
A_Tsarkov,vI5Y94SC,TRUE,bullet,White,white,1,2506,5,2511,2469,2025-10-15T17:31:22Z
A_Tsarkov,So4YWsOZ,TRUE,bullet,Black,white,0,2513,-7,2506,2422,2025-10-15T16:49:40Z
A_Tsarkov,QTQGJTGD,TRUE,bullet,Black,black,1,2507,6,2513,2515,2025-10-15T16:46:06Z
A_Tsarkov,xlk6CZLy,TRUE,bullet,White,white,1,2504,3,2507,2370,2025-10-15T16:06:17Z
A_Tsarkov,b15QocGZ,TRUE,bullet,Black,white,0,2510,-6,2504,2463,2025-10-15T16:04:01Z
A_Tsarkov,6HwcC6H5,TRUE,bullet,White,white,1,2505,5,2510,2465,2025-10-15T15:30:34Z
A_Tsarkov,JOPmP7nH,TRUE,bullet,Black,white,0,2511,-6,2505,2489,2025-10-15T15:27:40Z
A_Tsarkov,rqSnjCBA,TRUE,bullet,White,black,0,2517,-6,2511,2491,2025-10-15T14:54:32Z
A_Tsarkov,c8xeuLvF,TRUE,bullet,White,black,0,2522,-5,2517,2595,2025-10-15T14:47:10Z
A_Tsarkov,WIGSdqTn,TRUE,bullet,Black,white,0,2527,-5,2522,2575,2025-10-14T17:15:09Z
chess-is-a-live,dFZBROuU,TRUE,rapid,White,white,1,2465,5,2470,2294,2025-10-16T04:24:23Z
chess-is-a-live,rIIuiodE,TRUE,rapid,Black,black,1,2460,5,2465,2268,2025-10-16T04:11:33Z
chess-is-a-live,GtreCPJq,TRUE,bullet,White,white,1,2671,0,2671,1999,2025-10-15T18:57:53Z
chess-is-a-live,7tGpE22y,TRUE,bullet,Black,white,0,2674,-3,2671,2798,2025-10-15T18:55:17Z
chess-is-a-live,v3eTRBML,TRUE,bullet,White,white,1,2669,5,2674,2653,2025-10-15T18:52:09Z
chess-is-a-live,mX8x2djh,TRUE,bullet,Black,black,1,2669,0,2669,1705,2025-10-15T18:50:35Z
chess-is-a-live,RnnRcp6E,TRUE,bullet,White,white,1,2663,6,2669,2658,2025-10-15T18:48:15Z
chess-is-a-live,SzpK5AMi,TRUE,bullet,Black,black,1,2656,7,2663,2740,2025-10-15T18:46:26Z
chess-is-a-live,PPM0iqv7,TRUE,bullet,White,white,1,2656,0,2656,1997,2025-10-15T18:45:08Z
chess-is-a-live,zmLSHtBh,TRUE,bullet,Black,black,1,2648,8,2656,2747,2025-10-15T18:43:02Z
chess-is-a-live,vKOMYeg6,TRUE,bullet,White,black,0,2653,-5,2648,2720,2025-10-15T18:41:13Z
chess-is-a-live,V0thmyyO,TRUE,bullet,White,black,0,2657,-4,2653,2791,2025-10-15T18:39:08Z
chess-is-a-live,xE9dPPhL,TRUE,bullet,Black,white,0,2662,-5,2657,2710,2025-10-15T18:36:01Z
chess-is-a-live,TDfymh4O,TRUE,bullet,White,white,1,2662,0,2662,1693,2025-10-15T18:33:41Z
chess-is-a-live,SOg31cW0,TRUE,bullet,Black,white,0,2667,-5,2662,2700,2025-10-15T18:31:52Z
AstroCat789,XMy3WseI,TRUE,bullet,White,black,0,2087,-7,2080,2021,2025-10-15T18:06:57Z
AstroCat789,0sI52YiY,TRUE,bullet,Black,black,1,2083,4,2087,1952,2025-10-15T18:04:43Z
AstroCat789,6gZDnGbb,TRUE,bullet,White,NA,0.5,2085,-2,2083,1985,2025-10-14T19:00:45Z
AstroCat789,HA8LUCNM,TRUE,bullet,White,black,0,2088,-3,2085,2257,2025-10-13T20:16:00Z
AstroCat789,cS6ZktXv,TRUE,bullet,White,black,0,2094,-6,2088,2086,2025-10-13T20:15:04Z
AstroCat789,y6IWxUVT,TRUE,bullet,Black,white,0,2096,-2,2094,2438,2025-10-13T20:12:30Z
AstroCat789,y0nupcQE,TRUE,bullet,Black,black,1,2093,3,2096,1889,2025-10-13T20:10:05Z
AstroCat789,0xNTGcZs,TRUE,bullet,White,white,1,2091,2,2093,1804,2025-10-13T20:07:40Z
AstroCat789,SGvPeYWe,TRUE,bullet,Black,black,1,2088,3,2091,1863,2025-10-13T20:05:15Z
AstroCat789,dXDTY8Fh,TRUE,bullet,White,black,0,2099,-11,2088,1770,2025-10-13T20:03:44Z
AstroCat789,BgVQCSAQ,TRUE,bullet,White,black,0,2101,-2,2099,2393,2025-10-13T20:02:00Z
AstroCat789,TzRxwgJn,TRUE,bullet,Black,black,1,2095,6,2101,2090,2025-10-13T20:00:16Z
AstroCat789,FYJVMilF,TRUE,blitz,Black,black,1,1903,4,1907,1781,2025-10-13T19:50:15Z
AstroCat789,Y5Py0Zqe,TRUE,blitz,White,black,0,1909,-6,1903,1907,2025-10-13T18:38:56Z
AstroCat789,cPoDGeFH,TRUE,blitz,Black,white,0,1911,-2,1909,2182,2025-10-12T19:15:12Z
BayorMiller_CNO,amnT6CKn,TRUE,bullet,White,black,0,2334,-6,2328,2322,2025-10-14T15:58:21Z
BayorMiller_CNO,trEuy5k2,TRUE,bullet,Black,white,0,2340,-6,2334,2316,2025-10-14T15:57:05Z
BayorMiller_CNO,0hLK6hip,TRUE,bullet,White,white,1,2335,5,2340,2321,2025-10-14T15:55:53Z
BayorMiller_CNO,dOxxgY6G,TRUE,bullet,Black,white,0,2341,-6,2335,2315,2025-10-14T15:54:44Z
BayorMiller_CNO,ZHqUiQyj,TRUE,bullet,White,white,1,2335,6,2341,2320,2025-10-14T15:53:26Z
BayorMiller_CNO,6ezDCWgl,TRUE,bullet,Black,white,0,2341,-6,2335,2314,2025-10-14T15:52:13Z
BayorMiller_CNO,pprj1Gn3,TRUE,bullet,White,white,1,2334,7,2341,2417,2025-10-14T13:56:02Z
BayorMiller_CNO,KABfHcK8,TRUE,bullet,White,black,0,2337,-3,2334,2549,2025-10-13T18:30:22Z
BayorMiller_CNO,LCbIQ3rx,TRUE,bullet,Black,NA,0.5,2333,4,2337,2552,2025-10-13T18:26:40Z
BayorMiller_CNO,sibq9c0d,TRUE,bullet,White,black,0,2336,-3,2333,2550,2025-10-13T18:22:18Z
BayorMiller_CNO,KtvUTnJv,TRUE,bullet,Black,white,0,2339,-3,2336,2547,2025-10-13T18:21:04Z
BayorMiller_CNO,TGLOIPKM,TRUE,bullet,White,black,0,2341,-2,2339,2544,2025-10-13T18:18:35Z
BayorMiller_CNO,6CXdZGFd,TRUE,bullet,Black,black,1,2332,9,2341,2553,2025-10-13T18:14:22Z
BayorMiller_CNO,wMGIGhM5,TRUE,bullet,White,black,0,2335,-3,2332,2551,2025-10-13T18:11:22Z
BayorMiller_CNO,P5MU9SYp,TRUE,bullet,Black,NA,0.5,2334,1,2335,2390,2025-10-13T18:03:06Z
Chessmaster201736,niFMEzg1,TRUE,rapid,White,black,0,2300,-4,2296,2481,2025-10-15T11:43:20Z
Chessmaster201736,HxNlU8OO,TRUE,rapid,Black,white,0,2304,-4,2300,2456,2025-10-15T11:33:28Z
Chessmaster201736,rBXwcZBS,TRUE,bullet,Black,white,0,2624,-3,2621,2836,2025-10-15T09:02:48Z
Chessmaster201736,t7IsudNK,TRUE,bullet,White,white,1,2623,1,2624,2200,2025-10-14T13:05:08Z
Chessmaster201736,zpfipMZs,TRUE,bullet,Black,white,0,2631,-8,2623,1500,2025-10-14T13:03:23Z
Chessmaster201736,VzC9ytFD,TRUE,blitz,Black,white,0,2366,-8,2358,2391,2025-10-14T10:35:24Z
Chessmaster201736,Hr51Dewj,TRUE,blitz,White,black,0,2373,-7,2366,2386,2025-10-14T10:29:56Z
Chessmaster201736,wbmKGvrE,TRUE,blitz,Black,NA,0.5,2373,0,2373,2386,2025-10-14T10:23:43Z
Chessmaster201736,5e31WLFf,TRUE,blitz,White,white,1,2364,9,2373,2399,2025-10-14T10:15:02Z
Chessmaster201736,DTlPNHgi,TRUE,blitz,Black,white,0,2372,-8,2364,2394,2025-10-14T10:14:05Z
Chessmaster201736,yw8uof9O,TRUE,bullet,Black,black,1,2630,1,2631,1500,2025-10-12T03:24:53Z
Chessmaster201736,SIa0Lm1h,TRUE,classical,White,black,0,2197,-6,2191,2366,2025-10-11T02:51:11Z
Chessmaster201736,ylOGUoVu,TRUE,classical,Black,white,0,2203,-6,2197,2357,2025-10-11T02:39:28Z
Chessmaster201736,2IdFUAjA,TRUE,rapid,White,black,0,2308,-4,2304,2466,2025-10-08T08:52:42Z
Chessmaster201736,EhQ2c2Gm,TRUE,rapid,White,black,0,2311,-3,2308,2503,2025-10-07T14:49:56Z
Bllitzer11,fZ8ec8tB,TRUE,blitz,Black,white,0,2804,-7,2797,2733,2025-10-13T17:31:43Z
Bllitzer11,DsyasDN5,TRUE,blitz,Black,white,0,2812,-8,2804,2723,2025-10-09T20:52:36Z
Bllitzer11,imget47z,TRUE,blitz,White,white,1,2806,6,2812,2783,2025-10-09T20:46:23Z
Bllitzer11,m1tKC5A3,TRUE,blitz,White,black,0,2811,-5,2806,2869,2025-10-09T20:01:34Z
Bllitzer11,VjSMnSdw,TRUE,blitz,Black,black,1,2804,7,2811,2876,2025-10-09T19:56:20Z
Bllitzer11,3ePJFH34,TRUE,blitz,White,white,1,2796,8,2804,2883,2025-10-09T19:52:29Z
Bllitzer11,vwmgv5hm,TRUE,blitz,Black,white,0,2801,-5,2796,2879,2025-10-09T19:47:24Z
Bllitzer11,Xk94gzKb,TRUE,blitz,White,white,1,2792,9,2801,2928,2025-10-07T13:57:28Z
Bllitzer11,6bBhiTdL,TRUE,blitz,White,white,1,2787,5,2792,2746,2025-10-03T13:10:48Z
Bllitzer11,hZzGBLT1,TRUE,blitz,Black,white,0,2792,-5,2787,2849,2025-10-03T12:39:44Z
Bllitzer11,ejnPlc0C,TRUE,blitz,White,black,0,2798,-6,2792,2792,2025-10-03T12:34:02Z
Bllitzer11,pHnLAPjg,TRUE,blitz,Black,black,1,2792,6,2798,2765,2025-10-03T12:16:18Z
Bllitzer11,wOa9Wqsd,TRUE,blitz,White,white,1,2787,5,2792,2770,2025-10-03T12:11:44Z
Bllitzer11,QmDUKUSU,TRUE,blitz,Black,white,0,2791,-4,2787,2897,2025-10-03T12:04:52Z
Bllitzer11,WdUO6Bzg,TRUE,blitz,Black,white,0,2797,-6,2791,2748,2025-10-03T11:05:22Z
artinkhan,Ghr1aC2E,TRUE,blitz,White,black,0,2620,-9,2611,2434,2025-10-15T06:36:16Z
artinkhan,6Y4MfIO0,TRUE,blitz,Black,black,1,2616,4,2620,2500,2025-10-15T06:32:03Z
artinkhan,GycIKne6,TRUE,blitz,White,black,0,2624,-8,2616,2536,2025-10-15T06:26:43Z
artinkhan,lU3wLFEy,TRUE,blitz,White,black,0,2632,-8,2624,2559,2025-10-15T06:19:34Z
artinkhan,TTsJHP4W,TRUE,blitz,Black,black,1,2628,4,2632,2501,2025-10-15T06:12:25Z
artinkhan,zd3lF8v1,TRUE,blitz,Black,white,0,2636,-8,2628,2598,2025-10-15T06:10:08Z
artinkhan,K2faLaz7,TRUE,blitz,White,white,1,2629,7,2636,2604,2025-10-15T06:05:12Z
artinkhan,1p6tnVvk,TRUE,blitz,Black,white,0,2639,-10,2629,2492,2025-10-15T05:59:01Z
artinkhan,dF3a4YG2,TRUE,blitz,White,white,1,2634,5,2639,2540,2025-10-15T05:53:09Z
artinkhan,jz0V2H7Z,TRUE,blitz,Black,black,1,2628,6,2634,2511,2025-10-15T05:46:58Z
artinkhan,xyRkxGja,TRUE,blitz,Black,black,1,2623,5,2628,2513,2025-10-15T05:46:16Z
artinkhan,nvQqUdms,TRUE,blitz,White,white,1,2611,12,2623,2782,2025-10-15T05:40:10Z
artinkhan,eKc91DyV,TRUE,blitz,Black,white,0,2616,-5,2611,2779,2025-10-15T05:36:42Z
artinkhan,KCiTJP2q,TRUE,blitz,White,black,0,2621,-5,2616,2776,2025-10-15T05:30:13Z
artinkhan,z4JXXbjL,TRUE,blitz,Black,white,0,2626,-5,2621,2772,2025-10-15T05:24:22Z
playpuzzlespow,Wzw0d3UI,TRUE,bullet,White,white,1,2869,19,2888,2846,2025-10-04T16:54:57Z
playpuzzlespow,C2zuG2y7,TRUE,bullet,White,white,1,2834,35,2869,3052,2025-10-04T16:20:42Z
playpuzzlespow,hRkbod3x,TRUE,bullet,Black,black,1,2797,37,2834,3061,2025-10-04T16:19:30Z
playpuzzlespow,i0wMLM6Q,TRUE,bullet,White,black,0,2806,-9,2797,3059,2025-10-04T16:18:59Z
playpuzzlespow,7QvYDQRT,TRUE,bullet,Black,white,0,2816,-10,2806,3057,2025-10-04T16:17:45Z
playpuzzlespow,GvZz7qfP,TRUE,bullet,White,white,1,2772,44,2816,3066,2025-10-04T16:16:27Z
playpuzzlespow,kI66gC3F,TRUE,bullet,Black,white,0,2780,-8,2772,3064,2025-10-04T16:15:16Z
playpuzzlespow,jFe3IQIS,TRUE,bullet,Black,white,0,2801,-21,2780,2866,2025-09-12T00:58:39Z
playpuzzlespow,NoVk9onk,TRUE,bullet,White,white,1,2766,35,2801,2873,2025-09-12T00:57:30Z
playpuzzlespow,xNXUwGI0,TRUE,bullet,Black,white,0,2788,-22,2766,2868,2025-09-12T00:56:53Z
playpuzzlespow,JTmZR6HE,TRUE,bullet,White,black,0,2814,-26,2788,2864,2025-09-12T00:55:38Z
playpuzzlespow,08oLSuOK,TRUE,bullet,Black,black,1,2771,43,2814,2870,2025-09-12T00:54:37Z
playpuzzlespow,Wr8laiuq,TRUE,bullet,White,black,0,2801,-30,2771,2866,2025-09-12T00:53:26Z
playpuzzlespow,lVjPUOFM,TRUE,bullet,Black,black,1,2745,56,2801,2873,2025-09-12T00:52:14Z
playpuzzlespow,BKZadQpr,TRUE,bullet,Black,black,1,2718,27,2745,2680,2025-05-26T20:23:21Z
Frankeinsteinzombie,RLl2693j,TRUE,rapid,Black,NA,0.5,2637,-5,2632,2291,2025-10-15T05:08:50Z
Frankeinsteinzombie,JzFBtfMy,TRUE,rapid,Black,NA,0.5,2640,-3,2637,2448,2025-10-14T09:42:34Z
Frankeinsteinzombie,Cblxbhf9,TRUE,rapid,Black,white,0,2649,-9,2640,2530,2025-10-13T07:07:37Z
Frankeinsteinzombie,D2HAsqBL,TRUE,rapid,Black,NA,0.5,2651,-2,2649,2516,2025-10-04T01:43:21Z
Frankeinsteinzombie,5nB09Pkl,TRUE,rapid,White,white,1,2647,4,2651,2527,2025-10-03T11:15:47Z
Frankeinsteinzombie,GExDdHS6,TRUE,bullet,White,white,1,2753,30,2783,2727,2025-10-03T04:55:26Z
Frankeinsteinzombie,QMEGHuAB,TRUE,rapid,Black,white,0,2655,-8,2647,2483,2025-10-02T10:14:05Z
Frankeinsteinzombie,HE6Ru9Ks,TRUE,rapid,White,black,0,2664,-9,2655,2534,2025-10-01T07:27:06Z
Frankeinsteinzombie,Lat4GgGI,TRUE,rapid,Black,black,1,2659,5,2664,2538,2025-10-01T07:06:01Z
Frankeinsteinzombie,f8t1wJKA,TRUE,rapid,White,white,1,2657,2,2659,2413,2025-09-26T03:51:27Z
Frankeinsteinzombie,WqEOJjQE,TRUE,rapid,White,white,1,2655,2,2657,2399,2025-09-25T05:58:27Z
Frankeinsteinzombie,sb0mFYu1,TRUE,rapid,Black,black,1,2651,4,2655,2467,2025-09-24T11:06:05Z
Frankeinsteinzombie,njK7uxEs,TRUE,rapid,Black,black,1,2645,6,2651,2664,2025-09-23T01:52:11Z
Frankeinsteinzombie,Vlivfrbm,TRUE,rapid,Black,black,1,2641,4,2645,2523,2025-09-23T00:34:52Z
Frankeinsteinzombie,27A7LHdx,TRUE,rapid,White,white,1,2638,3,2641,2413,2025-09-22T07:08:54Z
loristavernier,psIZL8Qt,TRUE,classical,Black,black,1,2300,25,2325,2519,2025-10-13T20:45:59Z
loristavernier,XCb2GH2Z,TRUE,classical,Black,white,0,2308,-8,2300,2451,2025-09-15T18:58:33Z
loristavernier,6AIJ3Ddn,TRUE,classical,White,white,1,2293,15,2308,2488,2025-09-15T18:28:56Z
loristavernier,e1L2XKtx,TRUE,classical,Black,NA,0.5,2296,-3,2293,2212,2025-09-15T16:48:01Z
loristavernier,zqnpicDP,TRUE,classical,White,NA,0.5,2295,4,2299,2406,2025-09-15T15:30:10Z
loristavernier,fodjABqB,TRUE,classical,Black,NA,0.5,2295,-3,2292,2208,2025-09-15T15:10:48Z
loristavernier,lqGqLf1h,TRUE,classical,Black,black,1,2281,14,2295,2292,2025-09-14T09:27:25Z
loristavernier,2btcivNF,TRUE,rapid,White,black,0,2377,0,2377,1919,2025-08-31T15:22:03Z
loristavernier,c2LqltJj,TRUE,rapid,Black,black,1,2377,0,2377,1892,2025-08-31T15:00:01Z
loristavernier,G77WP9CE,TRUE,bullet,White,white,1,2532,6,2538,2554,2025-08-30T07:48:27Z
loristavernier,0pI1KDV9,TRUE,bullet,Black,white,0,2539,-7,2532,2466,2025-08-29T11:36:39Z
loristavernier,oPeNPX6N,TRUE,bullet,White,black,0,2546,-7,2539,2459,2025-08-29T11:34:56Z
loristavernier,pGontNUB,TRUE,bullet,Black,NA,0.5,2547,-1,2546,2457,2025-08-29T11:32:36Z
loristavernier,5Sgj0Gxd,TRUE,bullet,White,white,1,2543,4,2547,2461,2025-08-29T11:30:48Z
loristavernier,e9eTSltu,TRUE,bullet,Black,black,1,2538,5,2543,2466,2025-08-29T11:28:58Z
yhm250903,bihHSUTt,TRUE,bullet,White,white,1,2692,4,2696,2499,2025-10-14T08:13:34Z
yhm250903,ut9JaDAS,TRUE,blitz,White,white,1,2709,3,2712,2510,2025-10-14T08:05:00Z
yhm250903,DMAKF2j3,TRUE,rapid,Black,black,1,2609,3,2612,2447,2025-10-14T06:38:11Z
yhm250903,r59VG1jQ,TRUE,blitz,White,black,0,2718,-9,2709,2533,2025-10-13T07:59:00Z
yhm250903,EiGyokn8,TRUE,rapid,Black,black,1,2604,5,2609,2567,2025-10-13T07:26:58Z
yhm250903,G7nYJh9a,TRUE,rapid,White,white,1,2600,4,2604,2445,2025-10-13T07:16:53Z
yhm250903,AttYHz7j,TRUE,classical,White,black,0,2350,-24,2326,2261,2025-10-12T19:49:57Z
yhm250903,vmJUMGKi,TRUE,bullet,White,white,1,2688,4,2692,2550,2025-10-12T19:42:43Z
yhm250903,1Rh3LmUt,TRUE,blitz,Black,white,0,2726,-8,2718,2650,2025-10-12T17:45:43Z
yhm250903,t6h3csvp,TRUE,bullet,Black,black,1,2681,7,2688,2659,2025-10-12T17:36:47Z
yhm250903,XBCucnYe,TRUE,bullet,White,white,1,2674,7,2681,2669,2025-10-12T17:34:23Z
yhm250903,yVuvSG5F,TRUE,rapid,Black,black,1,2598,2,2600,2395,2025-10-12T07:30:17Z
yhm250903,tja2vsCF,TRUE,rapid,Black,black,1,2595,3,2598,2404,2025-10-12T07:25:08Z
yhm250903,YHuE1aTo,TRUE,blitz,White,black,0,2734,-8,2726,2565,2025-10-11T20:48:36Z
yhm250903,5oxzh7HB,TRUE,rapid,Black,black,1,2589,6,2595,2571,2025-10-11T19:09:31Z
bagoysuragoy,mOUDQpKB,TRUE,blitz,Black,black,1,2396,6,2402,2403,2025-10-12T17:01:21Z
bagoysuragoy,JQvqxRdf,TRUE,blitz,White,white,1,2391,5,2396,2326,2025-10-12T16:57:08Z
bagoysuragoy,KHvtWaQQ,TRUE,blitz,White,white,1,2386,5,2391,2333,2025-10-12T16:49:38Z
bagoysuragoy,wy2MfIhB,TRUE,blitz,Black,black,1,2380,6,2386,2437,2025-10-12T16:43:49Z
bagoysuragoy,zQ8XTxLB,TRUE,blitz,Black,black,1,2375,5,2380,2340,2025-10-12T16:38:29Z
bagoysuragoy,rX7S7rwI,TRUE,blitz,Black,NA,0.5,2375,0,2375,2332,2025-10-12T16:32:31Z
bagoysuragoy,aFIu0k7D,TRUE,blitz,White,NA,0.5,2376,-1,2375,2332,2025-10-12T16:30:18Z
bagoysuragoy,Gvz5sjaL,TRUE,blitz,Black,white,0,2383,-7,2376,2325,2025-10-12T16:23:59Z
bagoysuragoy,0SfncJuN,TRUE,blitz,White,white,1,2378,5,2383,2330,2025-10-12T16:20:36Z
bagoysuragoy,ijIo5Xlk,TRUE,blitz,Black,white,0,2383,-5,2378,2381,2025-10-12T16:13:34Z
bagoysuragoy,D6yMwW23,TRUE,blitz,White,black,0,2389,-6,2383,2378,2025-10-12T16:07:32Z
bagoysuragoy,hdfX98Jc,TRUE,blitz,White,black,0,2395,-6,2389,2409,2025-10-12T16:00:52Z
bagoysuragoy,jeAgmITC,TRUE,blitz,White,white,1,2389,6,2395,2367,2025-10-12T15:54:35Z
bagoysuragoy,2ev5TyLd,TRUE,blitz,Black,white,0,2395,-6,2389,2382,2025-10-12T15:47:52Z
bagoysuragoy,nyYxsVgX,TRUE,blitz,Black,black,1,2389,6,2395,2413,2025-10-12T00:53:40Z
LLlAXMATbl1,MFLNOT2S,TRUE,bullet,White,black,0,2372,-11,2361,1970,2025-10-13T14:39:41Z
LLlAXMATbl1,qd6YzBDf,TRUE,bullet,White,white,1,2369,3,2372,2243,2025-10-11T06:50:37Z
LLlAXMATbl1,W7DPtKV2,TRUE,blitz,White,black,0,2077,-20,2057,1470,2025-10-11T06:11:28Z
LLlAXMATbl1,QnmNVgN6,TRUE,blitz,Black,white,0,2087,-10,2077,2067,2025-10-11T06:06:20Z
LLlAXMATbl1,4lfSoivo,TRUE,bullet,Black,black,1,2364,5,2369,2280,2025-10-10T16:40:17Z
LLlAXMATbl1,473HUruc,TRUE,bullet,Black,black,1,2362,2,2364,2142,2025-10-10T16:37:34Z
LLlAXMATbl1,ef5fjnRI,TRUE,bullet,White,black,0,2371,-9,2362,2108,2025-10-10T16:36:12Z
LLlAXMATbl1,tUELrPV4,TRUE,bullet,White,white,1,2370,1,2371,1933,2025-10-10T16:34:55Z
LLlAXMATbl1,AqESi3D4,TRUE,bullet,Black,black,1,2368,2,2370,2115,2025-10-10T16:33:52Z
LLlAXMATbl1,0P3iCaio,TRUE,bullet,Black,black,1,2361,7,2368,2433,2025-10-10T16:32:48Z
LLlAXMATbl1,erFeV2f0,TRUE,bullet,White,white,1,2358,3,2361,2114,2025-10-10T16:31:46Z
LLlAXMATbl1,zkGjSjRR,TRUE,bullet,White,white,1,2356,2,2358,2133,2025-10-10T16:30:44Z
LLlAXMATbl1,EwawB22Q,TRUE,bullet,Black,NA,0.5,2361,-5,2356,1929,2025-10-10T16:29:11Z
LLlAXMATbl1,Y5BFSELU,TRUE,bullet,Black,black,1,2360,1,2361,1676,2025-10-10T16:28:24Z
LLlAXMATbl1,g0QId6zB,TRUE,bullet,White,white,1,2360,0,2360,1442,2025-10-10T16:27:22Z
Saparmyrat,qPAtreKT,TRUE,bullet,White,white,1,3100,4,3104,2971,2025-10-14T04:18:15Z
Saparmyrat,jS1ZVWUC,TRUE,bullet,Black,white,0,3110,-10,3100,2884,2025-10-14T04:13:57Z
Saparmyrat,G7fM5JUX,TRUE,bullet,White,white,1,3108,2,3110,2881,2025-10-02T18:10:17Z
Saparmyrat,GPuXH0cG,TRUE,bullet,Black,white,0,3113,-5,3108,3163,2025-09-30T17:00:37Z
Saparmyrat,3rDdjI9T,TRUE,bullet,White,NA,0.5,3112,1,3113,3164,2025-09-30T16:58:35Z
Saparmyrat,U9sMkPup,TRUE,bullet,Black,NA,0.5,3111,1,3112,3165,2025-09-30T16:55:40Z
Saparmyrat,iZM76MX8,TRUE,bullet,White,white,1,3107,4,3111,2959,2025-09-28T12:01:54Z
Saparmyrat,qSOVwz6Z,TRUE,bullet,Black,black,1,3105,2,3107,2865,2025-09-28T11:59:42Z
Saparmyrat,WNefsR2k,TRUE,bullet,White,white,1,3102,3,3105,2930,2025-09-28T07:22:28Z
Saparmyrat,IDja77fX,TRUE,bullet,Black,white,0,3110,-8,3102,2983,2025-09-28T06:51:29Z
Saparmyrat,OmViGhAn,TRUE,bullet,White,white,1,3104,6,3110,3082,2025-09-28T06:36:42Z
Saparmyrat,6Arr1qd6,TRUE,bullet,Black,black,1,3102,2,3104,2835,2025-09-28T06:33:30Z
Saparmyrat,YqObYbY7,TRUE,bullet,White,black,0,3109,-7,3102,3041,2025-09-27T16:58:17Z
Saparmyrat,d4HkS5kB,TRUE,bullet,Black,black,1,3104,5,3109,3045,2025-09-27T16:56:35Z
Saparmyrat,sWutkoip,TRUE,blitz,White,black,0,2739,0,2739,2065,2025-09-27T15:30:00Z
Tsoi_Dima,XibuxqQg,TRUE,blitz,Black,black,1,2905,3,2908,2708,2025-10-11T00:17:38Z
Tsoi_Dima,URVncjKu,TRUE,blitz,White,white,1,2901,4,2905,2711,2025-10-11T00:10:57Z
Tsoi_Dima,i9B1YGh9,TRUE,blitz,Black,white,0,2909,-8,2901,2866,2025-10-11T00:04:16Z
Tsoi_Dima,H5ZXTinh,TRUE,bullet,White,white,1,3126,6,3132,3100,2025-10-04T00:19:05Z
Tsoi_Dima,kbybPnZY,TRUE,bullet,Black,black,1,3120,6,3126,3105,2025-10-04T00:17:19Z
Tsoi_Dima,p0H508eW,TRUE,bullet,White,white,1,3114,6,3120,3111,2025-10-04T00:16:09Z
Tsoi_Dima,oggRee56,TRUE,bullet,Black,NA,0.5,3114,0,3114,3111,2025-10-04T00:14:06Z
Tsoi_Dima,Pzw5PTDq,TRUE,bullet,White,black,0,3121,-7,3114,3105,2025-10-04T00:11:22Z
Tsoi_Dima,bgLImHZr,TRUE,bullet,Black,white,0,3128,-7,3121,3099,2025-10-04T00:09:47Z
Tsoi_Dima,yZltRn3f,TRUE,bullet,White,white,1,3121,7,3128,3104,2025-10-04T00:07:19Z
Tsoi_Dima,rZQztHzr,TRUE,bullet,Black,black,1,3114,7,3121,3110,2025-10-04T00:06:10Z
Tsoi_Dima,CRCYGRiS,TRUE,bullet,White,black,0,3122,-8,3114,3103,2025-10-04T00:04:09Z
Tsoi_Dima,T6OorwiE,TRUE,bullet,Black,white,0,3130,-8,3122,3097,2025-10-04T00:01:50Z
Tsoi_Dima,81WV5xqR,TRUE,bullet,White,white,1,3123,7,3130,3103,2025-10-03T23:59:11Z
Tsoi_Dima,WBxnRkbK,TRUE,bullet,Black,NA,0.5,3123,0,3123,3102,2025-10-03T23:57:22Z
Bardiya___Daneshvar,0XbOPxDO,TRUE,blitz,Black,white,0,2836,-6,2830,2832,2025-10-14T11:07:29Z
Bardiya___Daneshvar,VAAMtGH0,TRUE,blitz,White,NA,0.5,2840,-4,2836,2641,2025-10-11T20:58:24Z
Bardiya___Daneshvar,VhRYeSts,TRUE,blitz,White,NA,0.5,2842,-2,2840,2730,2025-10-11T20:57:55Z
Bardiya___Daneshvar,vfxW5Swu,TRUE,blitz,Black,white,0,2850,-8,2842,2779,2025-10-11T20:55:00Z
Bardiya___Daneshvar,be5c6NaY,TRUE,blitz,Black,black,1,2846,4,2850,2708,2025-10-11T20:52:06Z
Bardiya___Daneshvar,P1uytDlg,TRUE,blitz,Black,NA,0.5,2845,1,2846,2880,2025-10-11T20:48:42Z
Bardiya___Daneshvar,l12Jyoaw,TRUE,blitz,White,white,1,2839,6,2845,2776,2025-10-11T20:45:46Z
Bardiya___Daneshvar,hlG0Wr6w,TRUE,blitz,White,white,1,2833,6,2839,2779,2025-10-11T20:43:55Z
Bardiya___Daneshvar,H0vTntVu,TRUE,blitz,Black,black,1,2828,5,2833,2714,2025-10-11T20:40:37Z
Bardiya___Daneshvar,XjWXCgBS,TRUE,blitz,Black,black,1,2821,7,2828,2759,2025-10-11T20:37:47Z
Bardiya___Daneshvar,wGw6JTGn,TRUE,blitz,White,black,0,2831,-10,2821,2730,2025-10-11T20:34:54Z
Bardiya___Daneshvar,wd35JLHg,TRUE,blitz,Black,white,0,2841,-10,2831,2781,2025-10-11T20:32:50Z
Bardiya___Daneshvar,JlRgMjHX,TRUE,blitz,White,white,1,2835,6,2841,2733,2025-10-11T20:29:57Z
Bardiya___Daneshvar,p1Sjr0U4,TRUE,blitz,Black,black,1,2830,5,2835,2670,2025-10-11T20:28:28Z
Bardiya___Daneshvar,gpnh5n2C,TRUE,blitz,Black,white,0,2844,-14,2830,2599,2025-10-11T20:23:47Z
snoozer,lvY93gHw,TRUE,blitz,White,black,0,2495,-15,2480,2384,2025-10-11T18:18:52Z
snoozer,MsZ0sB01,TRUE,blitz,Black,black,1,2485,10,2495,2435,2025-10-11T15:02:35Z
snoozer,ybT1rnji,TRUE,blitz,White,black,0,2493,-8,2485,2612,2025-10-11T00:51:27Z
snoozer,94BNLhEG,TRUE,blitz,Black,black,1,2481,12,2493,2475,2025-10-07T21:19:40Z
snoozer,mdIJF8Jz,TRUE,blitz,White,white,1,2474,7,2481,2343,2025-10-03T04:34:04Z
snoozer,NKiDQ3Z0,TRUE,blitz,Black,black,1,2465,9,2474,2386,2025-09-26T00:07:35Z
snoozer,WRqJQpMM,TRUE,blitz,Black,white,0,2474,-9,2465,2519,2025-09-19T16:56:44Z
snoozer,rvOjVvVB,TRUE,blitz,White,white,1,2466,8,2474,2375,2025-09-19T13:47:23Z
snoozer,GT62qZFb,TRUE,blitz,Black,black,1,2457,9,2466,2391,2025-09-14T19:33:15Z
snoozer,eJvGywyB,TRUE,blitz,White,black,0,2467,-10,2457,2497,2025-09-13T14:10:55Z
snoozer,YmAmASPD,TRUE,blitz,White,white,1,2462,5,2467,2269,2025-09-12T23:07:22Z
snoozer,56X2VMoE,TRUE,blitz,Black,black,1,2451,11,2462,2434,2025-09-12T22:53:21Z
snoozer,O33mZqLI,TRUE,blitz,White,white,1,2446,5,2451,2218,2025-09-12T22:47:10Z
snoozer,YubOdwq2,TRUE,blitz,Black,white,0,2454,-8,2446,2583,2025-09-12T20:23:07Z
snoozer,fACgeQZU,TRUE,blitz,Black,black,1,2444,10,2454,2385,2025-09-12T19:44:30Z
KIETtuan20135,45byYRVC,TRUE,blitz,White,white,1,1931,2,1933,1548,2025-10-15T06:26:12Z
KIETtuan20135,PSz48zj4,TRUE,blitz,Black,black,1,1922,9,1931,1933,2025-10-15T06:20:01Z
KIETtuan20135,Alb0TcFu,TRUE,rapid,White,white,1,1862,6,1868,1900,2025-10-12T10:06:45Z
KIETtuan20135,1nlsrwux,TRUE,rapid,Black,black,1,1859,3,1862,1646,2025-10-12T09:45:25Z
KIETtuan20135,w7KlsKNw,TRUE,rapid,White,white,1,1851,8,1859,1977,2025-10-12T09:23:38Z
KIETtuan20135,BVrlApzQ,TRUE,rapid,Black,black,1,1851,0,1851,1568,2025-10-12T09:03:16Z
KIETtuan20135,r9HwD6mN,TRUE,rapid,White,black,0,1854,-3,1851,2109,2025-10-12T08:43:04Z
KIETtuan20135,EUt3JbSK,TRUE,rapid,Black,white,0,1859,-5,1854,1890,2025-10-12T08:21:20Z
KIETtuan20135,2K1HFkTx,TRUE,rapid,White,white,1,1849,10,1859,2112,2025-10-12T08:00:01Z
KIETtuan20135,vJ3b5ymU,TRUE,rapid,White,white,1,1842,7,1849,1917,2025-10-12T02:42:49Z
KIETtuan20135,Dku3MbN9,TRUE,rapid,Black,NA,0.5,1844,-2,1842,1747,2025-10-12T02:36:17Z
KIETtuan20135,WjaoTBvE,TRUE,rapid,White,white,1,1836,8,1844,1969,2025-10-12T02:30:08Z
KIETtuan20135,4haRz4i1,TRUE,rapid,White,black,0,1843,-7,1836,1723,2025-10-12T02:20:19Z
KIETtuan20135,9XFAxswS,TRUE,rapid,Black,white,0,1849,-6,1843,1837,2025-10-12T02:14:00Z
KIETtuan20135,pttCwY2s,TRUE,rapid,White,white,1,1843,6,1849,1887,2025-10-12T02:07:11Z
N7PRO,Ry6FoHr8,TRUE,blitz,Black,white,0,2606,-6,2600,1500,2025-10-15T13:28:20Z
N7PRO,P0Hdhpba,TRUE,blitz,White,white,1,2599,7,2606,2667,2025-10-14T16:51:14Z
N7PRO,ENyaapS6,TRUE,blitz,White,black,0,2604,-5,2599,2639,2025-10-14T16:43:44Z
N7PRO,C5NbVHnP,TRUE,blitz,Black,white,0,2608,-4,2604,2752,2025-10-14T16:25:08Z
N7PRO,w2m9Z2QS,TRUE,blitz,White,NA,0.5,2607,1,2608,2638,2025-10-14T16:19:14Z
N7PRO,A5l66v9m,TRUE,blitz,Black,NA,0.5,2606,1,2607,2684,2025-10-14T14:08:51Z
N7PRO,LRPRHAWS,TRUE,blitz,Black,white,0,2612,-6,2606,2612,2025-10-14T14:03:15Z
N7PRO,y04TO8XT,TRUE,blitz,White,white,1,2605,7,2612,2673,2025-10-14T13:54:02Z
N7PRO,a3XVTeWT,TRUE,blitz,Black,NA,0.5,2604,1,2605,2629,2025-10-14T13:47:54Z
N7PRO,Nxc0iYYN,TRUE,blitz,Black,NA,0.5,2603,1,2604,2671,2025-10-13T14:20:09Z
N7PRO,29GqaivQ,TRUE,blitz,White,black,0,2608,-5,2603,2638,2025-10-13T14:15:55Z
N7PRO,fKnEkoWI,TRUE,blitz,White,black,0,2613,-5,2608,2683,2025-10-13T14:08:53Z
N7PRO,XTMxyeUg,TRUE,blitz,White,white,1,2607,6,2613,2625,2025-10-13T13:59:14Z
N7PRO,PxM4gZuC,TRUE,blitz,White,black,0,2613,-6,2607,2616,2025-10-13T13:51:21Z
N7PRO,X4qaN0yB,TRUE,blitz,Black,NA,0.5,2611,2,2613,2716,2025-10-13T13:42:58Z
genius86,aBn3Ajjm,TRUE,bullet,Black,black,1,2666,0,2666,1895,2025-10-15T23:25:30Z
genius86,JjCOdMV7,TRUE,bullet,White,white,1,2666,0,2666,1884,2025-10-15T23:23:53Z
genius86,Wz3QlVed,TRUE,bullet,White,white,1,2666,0,2666,1940,2025-10-15T23:21:17Z
genius86,u2O7pead,TRUE,bullet,Black,black,1,2665,1,2666,1568,2025-10-15T23:19:38Z
genius86,MH8LKxNF,TRUE,bullet,White,white,1,2661,4,2665,2580,2025-10-15T23:03:24Z
genius86,VpieS7RX,TRUE,bullet,White,white,1,2661,0,2661,1895,2025-10-15T18:55:19Z
genius86,mdkgiz7E,TRUE,bullet,Black,black,1,2661,0,2661,1043,2025-10-15T18:49:17Z
genius86,MOJB9C6F,TRUE,bullet,White,white,1,2660,1,2661,1948,2025-10-15T15:15:48Z
genius86,KcWsDeZg,TRUE,bullet,White,white,1,2660,0,2660,2008,2025-10-15T15:13:25Z
genius86,oFXE3BYb,TRUE,bullet,Black,black,1,2660,0,2660,2156,2025-10-15T15:11:11Z
genius86,6rcEkPkv,TRUE,bullet,White,white,1,2659,1,2660,2179,2025-10-15T15:10:36Z
genius86,EnOW1e0Q,TRUE,bullet,White,NA,0.5,2665,-6,2659,1978,2025-10-15T15:08:14Z
genius86,evi4pCyw,TRUE,bullet,Black,black,1,2660,5,2665,2543,2025-10-15T15:06:25Z
genius86,Fezyrs49,TRUE,rapid,Black,black,1,2416,4,2420,2036,2025-10-15T15:00:08Z
genius86,47tOIAHJ,TRUE,bullet,Black,black,1,2656,4,2660,2584,2025-10-13T13:57:16Z
ilikeknights,PhFdd3Vz,TRUE,bullet,White,white,1,2600,4,2604,2478,2025-10-16T00:24:20Z
ilikeknights,pxTIOXML,TRUE,bullet,Black,white,0,2606,-6,2600,2595,2025-10-16T00:22:00Z
ilikeknights,CyWodFsx,TRUE,bullet,Black,white,0,2611,-5,2606,2609,2025-10-16T00:20:49Z
ilikeknights,rDwwEavE,TRUE,bullet,White,white,1,2608,3,2611,2469,2025-10-16T00:18:02Z
ilikeknights,pjTPrSXc,TRUE,bullet,White,white,1,2603,5,2608,2551,2025-10-16T00:16:35Z
ilikeknights,cOVbV9MD,TRUE,bullet,Black,white,0,2607,-4,2603,2721,2025-10-16T00:14:42Z
ilikeknights,9u7I4WBw,TRUE,bullet,White,black,0,2614,-7,2607,2514,2025-10-16T00:12:27Z
ilikeknights,NC5EQiu9,TRUE,bullet,Black,black,1,2609,5,2614,2578,2025-10-16T00:11:00Z
ilikeknights,Fgh59DZJ,TRUE,bullet,Black,white,0,2615,-6,2609,2605,2025-10-16T00:09:36Z
ilikeknights,ZfKt6RZK,TRUE,bullet,White,white,1,2609,6,2615,2567,2025-10-16T00:07:18Z
ilikeknights,tSzLodpk,TRUE,bullet,White,black,0,2615,-6,2609,2593,2025-10-16T00:05:50Z
ilikeknights,QEFub9os,TRUE,bullet,White,white,1,2609,6,2615,2670,2025-10-16T00:04:17Z
ilikeknights,WcRnNcDS,TRUE,bullet,Black,white,0,2615,-6,2609,2553,2025-10-16T00:03:32Z
ilikeknights,rq0kQr9u,TRUE,bullet,Black,black,1,2609,6,2615,2639,2025-10-16T00:01:33Z
ilikeknights,4YO0X11b,TRUE,bullet,White,black,0,2614,-5,2609,2691,2025-10-16T00:00:03Z
kutiktau,F8fasojb,TRUE,blitz,Black,black,1,2783,12,2795,2839,2025-10-12T18:06:54Z
kutiktau,kdsdribi,TRUE,blitz,White,black,0,2794,-11,2783,2756,2025-09-21T16:39:21Z
kutiktau,WkyGCjj5,TRUE,blitz,Black,black,1,2784,10,2794,2764,2025-09-21T16:33:32Z
kutiktau,pzAIqOZS,TRUE,blitz,White,black,0,2796,-12,2784,2754,2025-09-21T16:27:50Z
kutiktau,ZIi8f6eO,TRUE,blitz,Black,white,0,2808,-12,2796,2743,2025-09-21T16:22:59Z
kutiktau,3QGcYpHB,TRUE,blitz,White,white,1,2799,9,2808,2751,2025-09-21T16:20:45Z
kutiktau,mdxgIMvC,TRUE,blitz,Black,black,1,2788,11,2799,2760,2025-09-21T16:07:04Z
kutiktau,2Jq2hDOH,TRUE,blitz,White,black,0,2802,-14,2788,2737,2025-09-20T20:08:26Z
kutiktau,FGny1pKN,TRUE,blitz,Black,black,1,2792,10,2802,2742,2025-09-20T20:02:46Z
kutiktau,f0ZFsG6Y,TRUE,blitz,White,NA,0.5,2791,1,2792,2803,2025-09-20T19:49:19Z
kutiktau,dBGU6K4B,TRUE,blitz,White,black,0,2804,-13,2791,2805,2025-09-16T16:16:10Z
kutiktau,YAS0S7Q6,TRUE,blitz,Black,black,1,2790,14,2804,2811,2025-09-16T16:11:20Z
kutiktau,IL3L1v4s,TRUE,blitz,White,white,1,2774,16,2790,2817,2025-09-16T16:06:10Z
kutiktau,X8yon2c2,TRUE,blitz,White,white,1,2762,12,2774,2712,2025-09-16T15:59:07Z
kutiktau,q0VbOl80,TRUE,blitz,Black,white,0,2776,-14,2762,2812,2025-09-16T15:55:37Z
shaheus,MHKk3djj,TRUE,bullet,Black,white,0,2363,-8,2355,2229,2025-10-15T19:04:20Z
shaheus,w2byTLzU,TRUE,bullet,White,black,0,2368,-5,2363,2427,2025-10-15T18:59:33Z
shaheus,FM5WaVnY,TRUE,bullet,Black,black,1,2362,6,2368,2359,2025-10-15T18:53:37Z
shaheus,tg2Y0JIz,TRUE,bullet,White,white,1,2357,5,2362,2300,2025-10-15T18:47:37Z
shaheus,wRIl5tue,TRUE,bullet,White,black,0,2361,-4,2357,2491,2025-10-15T18:43:05Z
shaheus,LR5OquYa,TRUE,bullet,Black,black,1,2356,5,2361,2317,2025-10-15T18:37:59Z
shaheus,p8mScK74,TRUE,bullet,Black,black,1,2351,5,2356,2307,2025-10-15T18:32:40Z
shaheus,CkYI80kP,TRUE,bullet,White,black,0,2357,-6,2351,2328,2025-10-15T16:21:40Z
shaheus,RPwyX1gO,TRUE,bullet,Black,white,0,2362,-5,2357,2371,2025-10-15T16:17:31Z
shaheus,Kf1qxcm4,TRUE,bullet,White,white,1,2355,7,2362,2440,2025-10-15T16:10:48Z
shaheus,5FovyGLp,TRUE,bullet,White,white,1,2349,6,2355,2386,2025-10-15T16:04:35Z
shaheus,IVsKxt3e,TRUE,bullet,Black,white,0,2357,-8,2349,2215,2025-10-15T15:59:33Z
shaheus,MCMuZEo8,TRUE,bullet,Black,white,0,2361,-4,2357,2485,2025-10-15T15:54:34Z
shaheus,COP6htcJ,TRUE,bullet,Black,NA,0.5,2360,1,2361,2415,2025-10-15T15:48:33Z
shaheus,30SXKZzj,TRUE,bullet,Black,black,1,2354,6,2360,2337,2025-10-15T15:43:36Z
wizard98,e5q7wo6j,TRUE,bullet,White,white,1,3131,2,3133,2896,2025-10-15T17:42:33Z
wizard98,xDDZF3G7,TRUE,bullet,Black,black,1,3128,3,3131,2898,2025-10-15T17:41:08Z
wizard98,QXy3hqIo,TRUE,bullet,White,white,1,3126,2,3128,2855,2025-10-15T16:46:25Z
wizard98,E10w1xoo,TRUE,bullet,Black,black,1,3124,2,3126,2857,2025-10-15T16:45:39Z
wizard98,0AqaDWcE,TRUE,bullet,White,black,0,3132,-8,3124,2977,2025-10-15T16:42:54Z
wizard98,rxGUpD5G,TRUE,bullet,Black,black,1,3129,3,3132,2950,2025-10-15T08:19:12Z
wizard98,jjsrSRqn,TRUE,bullet,White,black,0,3138,-9,3129,2941,2025-10-15T08:16:11Z
wizard98,HPkyb5kk,TRUE,bullet,Black,NA,0.5,3139,-1,3138,3065,2025-10-15T08:14:00Z
wizard98,p1d7SREM,TRUE,bullet,Black,white,0,3146,-7,3139,3070,2025-10-15T08:11:06Z
wizard98,ifPgWXBU,TRUE,bullet,White,black,0,3156,-10,3146,2938,2025-10-15T06:06:51Z
wizard98,1HA55hmO,TRUE,bullet,Black,black,1,3154,2,3156,2904,2025-10-09T08:00:32Z
wizard98,L7HKpxAb,TRUE,bullet,White,white,1,3151,3,3154,2935,2025-10-09T07:57:22Z
wizard98,pdyKPFxo,TRUE,bullet,White,white,1,3147,4,3151,3043,2025-10-08T15:33:42Z
wizard98,fN4j0dKA,TRUE,bullet,Black,black,1,3142,5,3147,3065,2025-10-08T06:28:33Z
wizard98,pIpYYd4j,TRUE,bullet,White,NA,0.5,3144,-2,3142,3064,2025-10-08T06:26:32Z
disco1234,gMHxWxWX,TRUE,blitz,White,white,1,1264,69,1333,1295,2025-08-23T13:34:23Z
disco1234,rNaaqI06,TRUE,blitz,Black,black,1,1200,64,1264,1183,2025-08-23T13:25:16Z
disco1234,vtCjTMFc,TRUE,blitz,Black,black,1,1062,138,1200,1241,2025-08-23T13:17:03Z
disco1234,Dyrt5Xic,TRUE,blitz,White,black,0,1151,-89,1062,1238,2025-08-23T13:13:05Z
disco1234,308wUJpq,TRUE,bullet,Black,white,0,1536,-48,1488,1488,2024-09-14T14:59:54Z
disco1234,s450thwt,TRUE,bullet,White,black,0,1584,-48,1536,1588,2024-09-14T14:56:41Z
disco1234,s2mcHkqF,TRUE,bullet,White,black,0,1643,-59,1584,1624,2024-09-14T14:55:26Z
disco1234,pEr2pyfP,TRUE,bullet,Black,white,0,1685,-42,1643,1817,2024-09-14T14:53:30Z
disco1234,jq9JEO5b,TRUE,bullet,Black,black,1,1608,77,1685,1595,2024-09-14T14:52:11Z
disco1234,vhUZ4iTm,TRUE,bullet,White,NA,0.5,1607,1,1608,1611,2024-09-14T14:49:34Z
disco1234,kxVyhTr5,TRUE,bullet,White,black,0,1764,-157,1607,1728,2024-09-14T11:42:56Z
disco1234,Gtk1vE92,TRUE,bullet,White,white,1,1500,264,1764,1535,2024-09-14T11:40:14Z
disco1234,7E6mSRSy,TRUE,blitz,White,black,0,1262,-111,1151,1288,2024-09-13T16:13:44Z
disco1234,vGjyQwmF,TRUE,blitz,Black,white,0,1349,-87,1262,1550,2024-09-07T10:26:55Z
disco1234,19JiWpoH,TRUE,blitz,White,NA,0.5,1500,-151,1349,1295,2024-09-07T10:15:32Z
ChessClubKomotini,7YwCH7J0,TRUE,rapid,Black,black,1,2134,4,2138,1779,2025-10-14T11:16:55Z
ChessClubKomotini,0CEv4wyc,TRUE,classical,White,NA,0.5,2416,-5,2411,2272,2025-10-10T07:09:20Z
ChessClubKomotini,Nb2rLqXA,TRUE,rapid,Black,white,0,2162,-28,2134,1841,2025-10-09T14:34:30Z
ChessClubKomotini,rPt2rYt7,TRUE,rapid,Black,black,1,2157,5,2162,1826,2025-10-08T11:50:04Z
ChessClubKomotini,aGugSi42,TRUE,classical,Black,NA,0.5,2423,-7,2416,2219,2025-10-06T18:04:56Z
ChessClubKomotini,W4jddyAn,TRUE,rapid,White,white,1,2154,3,2157,1757,2025-10-04T19:30:30Z
ChessClubKomotini,0MmjVBpr,TRUE,rapid,Black,black,1,2152,2,2154,1684,2025-10-04T12:47:28Z
ChessClubKomotini,RFsdGsgW,TRUE,classical,Black,black,1,2421,2,2423,1967,2025-10-01T19:25:29Z
ChessClubKomotini,IVDcZJRY,TRUE,rapid,White,white,1,2147,5,2152,1846,2025-09-29T20:59:33Z
ChessClubKomotini,ecvWiFpB,TRUE,classical,White,white,1,2419,2,2421,2005,2025-09-29T11:14:24Z
ChessClubKomotini,loY6ZcQw,TRUE,classical,Black,black,1,2406,13,2419,2395,2025-09-27T19:21:40Z
ChessClubKomotini,6Vea9GMg,TRUE,rapid,Black,black,1,2145,2,2147,1652,2025-09-24T07:43:01Z
ChessClubKomotini,YBMxFzN0,TRUE,rapid,White,white,1,2140,5,2145,1880,2025-09-22T22:32:10Z
ChessClubKomotini,nI6UMCJh,TRUE,rapid,Black,white,0,2165,-25,2140,1914,2025-09-22T07:18:51Z
ChessClubKomotini,d4GnwOzP,TRUE,rapid,White,white,1,2161,4,2165,1786,2025-09-20T19:33:46Z
ARM64,JFp9Td1B,TRUE,bullet,White,white,1,1496,12,1508,1471,2025-10-11T09:33:59Z
ARM64,ma1mB7wt,TRUE,bullet,Black,black,1,1488,8,1496,1490,2025-08-30T22:58:52Z
ARM64,2Z04MatW,TRUE,bullet,White,white,1,1482,6,1488,1482,2025-08-20T19:17:02Z
ARM64,Z6iikcyx,TRUE,bullet,Black,white,0,1489,-7,1482,1444,2025-08-20T19:12:44Z
ARM64,ln92t4NR,TRUE,bullet,White,white,1,1481,8,1489,1518,2025-08-20T19:08:28Z
ARM64,gVCoNXne,TRUE,bullet,Black,black,1,1475,6,1481,1477,2025-08-20T19:03:03Z
ARM64,LnF3SxLk,TRUE,bullet,White,white,1,1468,7,1475,1463,2025-08-20T18:57:23Z
ARM64,bAs4ILTk,TRUE,bullet,Black,white,0,1475,-7,1468,1488,2025-08-20T18:53:03Z
ARM64,0IEJAHGs,TRUE,bullet,White,black,0,1482,-7,1475,1460,2025-08-20T18:46:22Z
ARM64,XJeBB7hg,TRUE,bullet,White,white,1,1475,7,1482,1479,2025-08-20T18:41:37Z
ARM64,9141RdXx,TRUE,bullet,Black,white,0,1482,-7,1475,1482,2025-08-20T18:36:36Z
ARM64,lBbrdOY5,TRUE,bullet,Black,white,0,1490,-8,1482,1468,2025-08-20T15:37:49Z
ARM64,B6G74NGb,TRUE,bullet,White,black,0,1498,-8,1490,1468,2025-08-20T15:35:18Z
ARM64,uc414maL,TRUE,bullet,White,black,0,1503,-5,1498,1625,2025-08-20T15:33:06Z
ARM64,3H3Uk2nf,TRUE,bullet,Black,white,0,1510,-7,1503,1532,2025-08-20T15:31:42Z
ShivaKPV,N7DzxhZB,TRUE,bullet,Black,white,0,1519,-4,1515,1666,2025-10-11T16:54:56Z
ShivaKPV,ek1Fbmlc,TRUE,bullet,White,black,0,1523,-4,1519,1663,2025-10-11T16:54:41Z
ShivaKPV,pMdKT0Eo,TRUE,bullet,Black,white,0,1527,-4,1523,1659,2025-10-11T16:52:48Z
ShivaKPV,NXXyvA6Y,TRUE,bullet,White,white,1,1521,6,1527,1558,2025-10-05T10:16:05Z
ShivaKPV,iCtPVLUQ,TRUE,bullet,White,black,0,1522,-1,1521,1910,2025-10-05T09:51:17Z
ShivaKPV,6e8xU3oy,TRUE,bullet,Black,black,1,1517,5,1522,1453,2025-10-05T06:47:57Z
ShivaKPV,9TyzHKfQ,TRUE,bullet,Black,white,0,1522,-5,1517,1612,2025-10-05T06:40:27Z
ShivaKPV,e8Omk80E,TRUE,bullet,White,black,0,1526,-4,1522,1598,2025-10-03T04:48:38Z
ShivaKPV,mtzThiW7,TRUE,blitz,White,white,1,1348,9,1357,1341,2025-10-03T04:45:53Z
ShivaKPV,vPPhUdL5,TRUE,blitz,Black,black,1,1338,10,1348,1317,2025-10-03T04:37:41Z
ShivaKPV,Jv1B4aA6,TRUE,blitz,White,black,0,1350,-12,1338,1280,2025-10-03T04:31:33Z
ShivaKPV,FoMkf6zG,TRUE,bullet,White,black,0,1533,-7,1526,1474,2025-10-02T11:05:38Z
ShivaKPV,rsXed0mU,TRUE,bullet,White,white,1,1526,7,1533,1596,2025-10-02T11:04:03Z
ShivaKPV,krpZsG5r,TRUE,bullet,Black,black,1,1521,5,1526,1488,2025-10-02T11:00:34Z
ShivaKPV,2a2Ken2l,TRUE,bullet,Black,white,0,1522,-1,1521,1817,2025-10-02T10:56:46Z
MoveItUrSlow,2ssFRBcV,TRUE,rapid,Black,NA,0.5,1389,-14,1375,1294,2022-09-03T17:03:53Z
MoveItUrSlow,eJskQVtP,TRUE,rapid,White,white,1,1372,17,1389,1035,2022-09-03T16:24:57Z
MoveItUrSlow,7J2IwYQa,TRUE,rapid,Black,black,1,1344,28,1372,1105,2022-09-03T15:55:06Z
MoveItUrSlow,1pyGRJVG,TRUE,rapid,White,white,1,1298,46,1344,1148,2022-09-03T15:31:18Z
MoveItUrSlow,bIKhsSgd,TRUE,rapid,White,white,1,1275,23,1298,919,2022-09-03T15:21:53Z
MoveItUrSlow,sRUiQnOC,TRUE,rapid,Black,black,1,1176,99,1275,1152,2022-09-03T15:13:03Z
MoveItUrSlow,15zKw8by,TRUE,rapid,Black,NA,0.5,1159,17,1176,1198,2022-09-03T14:57:49Z
MoveItUrSlow,NP04NhTO,TRUE,rapid,Black,white,0,1500,-341,1159,1377,2022-09-03T14:45:47Z
MoveItUrSlow,qQPRBvQb,TRUE,bullet,Black,white,0,1500,-322,1178,1395,2022-05-27T17:15:37Z
firebatprime,kCqmNY8A,TRUE,bullet,White,black,0,1645,-11,1634,1695,2024-03-17T19:55:25Z
firebatprime,Cw3MFuJJ,TRUE,bullet,Black,black,1,1630,15,1645,1685,2024-03-14T18:14:02Z
firebatprime,EC4oXNWq,TRUE,bullet,White,white,1,1623,7,1630,1442,2024-03-14T13:45:48Z
firebatprime,hs4NQO3R,TRUE,bullet,White,black,0,1631,-8,1623,1769,2024-03-12T20:04:29Z
firebatprime,lL1LgdgC,TRUE,bullet,Black,black,1,1615,16,1631,1688,2024-03-02T20:03:15Z
firebatprime,DoJFezZ4,TRUE,bullet,White,black,0,1626,-11,1615,1686,2024-02-29T22:27:19Z
firebatprime,WdzNcs00,TRUE,bullet,Black,white,0,1636,-10,1626,1736,2024-02-28T22:51:57Z
firebatprime,pZxeErnb,TRUE,bullet,Black,white,0,1647,-11,1636,1721,2024-02-20T05:01:20Z
firebatprime,3emb1EgX,TRUE,bullet,White,white,1,1635,12,1647,1569,2024-02-18T13:58:43Z
firebatprime,OVKRCHo2,TRUE,bullet,Black,white,0,1645,-10,1635,1752,2024-02-12T19:38:09Z
firebatprime,rizfuhWn,TRUE,bullet,White,black,0,1664,-19,1645,1586,2024-02-10T11:47:37Z
firebatprime,TAqLlovj,TRUE,bullet,Black,white,0,1683,-19,1664,1620,2024-02-09T16:46:18Z
firebatprime,MT1liGjs,TRUE,bullet,White,white,1,1678,5,1683,1374,2024-02-01T12:36:10Z
firebatprime,1MHcyZsG,TRUE,bullet,White,white,1,1661,17,1678,1670,2024-01-23T16:22:26Z
firebatprime,af8vKsWp,TRUE,bullet,White,white,1,1650,11,1661,1534,2024-01-22T19:21:18Z
Olaffo,jyEgXsYe,TRUE,blitz,White,white,1,2611,11,2622,2567,2025-08-28T22:42:08Z
Olaffo,Y7uT5vYV,TRUE,blitz,Black,black,1,2611,0,2611,1085,2025-08-21T23:10:56Z
Olaffo,GF9mIQtn,TRUE,blitz,White,white,1,2611,0,2611,850,2025-08-21T23:10:10Z
Olaffo,LWrGvGnT,TRUE,blitz,Black,black,1,2611,0,2611,1604,2025-08-21T23:03:14Z
Olaffo,A832PKun,TRUE,blitz,White,white,1,2611,0,2611,987,2025-08-21T22:58:52Z
Olaffo,ryhBdoaH,TRUE,blitz,White,white,1,2611,0,2611,1604,2025-08-21T22:51:40Z
Olaffo,nPWbN9bB,TRUE,blitz,Black,black,1,2611,0,2611,1121,2025-08-21T22:45:14Z
Olaffo,qrwqmjCn,TRUE,blitz,White,white,1,2611,0,2611,985,2025-08-07T23:05:55Z
Olaffo,vmt8sIaU,TRUE,blitz,White,white,1,2611,0,2611,1097,2025-08-07T22:59:11Z
Olaffo,2HtHywuA,TRUE,blitz,Black,black,1,2611,0,2611,1463,2025-07-21T23:49:22Z
Olaffo,61BuXsii,TRUE,blitz,White,white,1,2611,0,2611,1186,2025-07-21T23:42:10Z
Olaffo,QCG1Mp2u,TRUE,blitz,Black,black,1,2601,10,2611,2583,2025-07-18T16:24:32Z
Olaffo,bv34m2Pl,TRUE,blitz,Black,black,1,2601,0,2601,843,2025-07-17T22:56:27Z
Olaffo,DM9WfZZg,TRUE,blitz,White,white,1,2601,0,2601,964,2025-07-10T23:10:10Z
Olaffo,FEQZNPHO,TRUE,blitz,Black,black,1,2601,0,2601,927,2025-07-10T23:04:28Z
cr4z3chess1,bMwEfh9M,TRUE,blitz,White,black,0,2359,-3,2356,2543,2025-10-15T18:12:41Z
cr4z3chess1,hj7VMl0r,TRUE,blitz,Black,white,0,2363,-4,2359,2515,2025-10-15T18:05:30Z
cr4z3chess1,k1atmzPD,TRUE,blitz,White,black,0,2368,-5,2363,2385,2025-10-15T16:44:56Z
cr4z3chess1,0fdh1LeR,TRUE,blitz,White,white,1,2362,6,2368,2387,2025-10-15T16:38:22Z
cr4z3chess1,idDlD9hh,TRUE,blitz,Black,white,0,2367,-5,2362,2381,2025-10-15T16:33:44Z
cr4z3chess1,LillTF9R,TRUE,blitz,White,white,1,2360,7,2367,2472,2025-10-15T16:27:24Z
cr4z3chess1,Mz4fKEP3,TRUE,blitz,Black,NA,0.5,2359,1,2360,2427,2025-10-15T14:53:56Z
cr4z3chess1,mzgWOZod,TRUE,bullet,Black,black,1,2678,5,2683,2627,2025-10-15T14:51:38Z
cr4z3chess1,Td3A1Dt2,TRUE,blitz,White,black,0,2365,-6,2359,2366,2025-10-15T14:46:01Z
cr4z3chess1,iIBmMgXl,TRUE,blitz,White,NA,0.5,2364,1,2365,2404,2025-10-15T14:45:21Z
cr4z3chess1,zGj4r7qW,TRUE,blitz,Black,black,1,2358,6,2364,2374,2025-10-15T14:41:36Z
cr4z3chess1,yEnUrL8y,TRUE,blitz,Black,white,0,2362,-4,2358,2460,2025-10-15T14:37:24Z
cr4z3chess1,2G5dyxci,TRUE,blitz,Black,black,1,2355,7,2362,2430,2025-10-15T14:29:56Z
cr4z3chess1,bHSH9zEJ,TRUE,blitz,White,black,0,2360,-5,2355,2422,2025-10-15T14:25:19Z
cr4z3chess1,rLcfmB0q,TRUE,blitz,Black,NA,0.5,2358,2,2360,2443,2025-10-15T14:19:22Z
Dr_mARtIk,6pjQ68XW,TRUE,bullet,Black,white,0,3020,-4,3016,3171,2025-10-15T23:23:14Z
Dr_mARtIk,A2qNJP3s,TRUE,bullet,White,black,0,3023,-3,3020,3168,2025-10-15T23:21:41Z
Dr_mARtIk,rFSntEMt,TRUE,bullet,Black,white,0,3030,-7,3023,2934,2025-10-15T23:19:38Z
Dr_mARtIk,8IQOn5pD,TRUE,bullet,White,black,0,3034,-4,3030,3164,2025-10-15T23:18:39Z
Dr_mARtIk,pTSSdf1q,TRUE,bullet,Black,white,0,3038,-4,3034,3160,2025-10-15T23:16:16Z
Dr_mARtIk,Cznn2nSH,TRUE,bullet,White,NA,0.5,3040,-2,3038,2873,2025-10-15T23:13:48Z
Dr_mARtIk,MenXzGLr,TRUE,bullet,Black,black,1,3036,4,3040,2977,2025-10-15T22:54:35Z
Dr_mARtIk,GFt5qWyC,TRUE,bullet,White,white,1,3031,5,3036,2981,2025-10-15T22:52:47Z
Dr_mARtIk,QkcHT0e2,TRUE,bullet,Black,black,1,3026,5,3031,2986,2025-10-15T22:51:43Z
Dr_mARtIk,9SeeLD6a,TRUE,bullet,White,black,0,3030,-4,3026,3121,2025-10-15T21:33:19Z
Dr_mARtIk,DZOOItoF,TRUE,bullet,Black,white,0,3038,-8,3030,2902,2025-10-15T20:33:23Z
Dr_mARtIk,Al0098Dj,TRUE,bullet,Black,black,1,3035,3,3038,2844,2025-10-15T20:30:57Z
Dr_mARtIk,rhVcatx9,TRUE,bullet,White,white,1,3030,5,3035,2931,2025-10-15T20:28:18Z
Dr_mARtIk,3LFHZIfZ,TRUE,bullet,White,white,1,3029,1,3030,2739,2025-10-15T20:26:48Z
Dr_mARtIk,ZKdV058X,TRUE,bullet,Black,black,1,3025,4,3029,2892,2025-10-15T20:25:01Z
SindarovGM,tv2wNYym,TRUE,bullet,Black,black,1,3261,3,3264,3082,2025-10-10T19:50:54Z
SindarovGM,kswCAsJb,TRUE,bullet,White,white,1,3258,3,3261,3085,2025-10-10T19:49:20Z
SindarovGM,FumJw17r,TRUE,bullet,Black,black,1,3255,3,3258,3089,2025-10-10T19:47:04Z
SindarovGM,ZRlOTDvK,TRUE,bullet,White,white,1,3252,3,3255,3092,2025-10-10T19:45:09Z
SindarovGM,XdHzwBGC,TRUE,bullet,Black,NA,0.5,3254,-2,3252,3089,2025-10-10T19:43:29Z
SindarovGM,O3jokSRD,TRUE,bullet,White,white,1,3251,3,3254,3093,2025-10-10T19:42:35Z
SindarovGM,hXzwjQqr,TRUE,bullet,Black,white,0,3259,-8,3251,3084,2025-10-10T19:40:59Z
SindarovGM,EQAbQVjI,TRUE,bullet,White,white,1,3256,3,3259,3087,2025-10-10T19:39:32Z
SindarovGM,sj3MdqKs,TRUE,bullet,White,white,1,3253,3,3256,3051,2025-10-06T15:37:37Z
SindarovGM,fD3vyspr,TRUE,bullet,Black,black,1,3250,3,3253,3054,2025-10-06T15:36:05Z
SindarovGM,kTikQiXh,TRUE,bullet,White,white,1,3247,3,3250,3057,2025-10-06T15:34:30Z
SindarovGM,4utq0ddA,TRUE,bullet,Black,black,1,3245,2,3247,3010,2025-10-06T15:29:26Z
SindarovGM,gDh5D3DZ,TRUE,bullet,White,white,1,3242,3,3245,3012,2025-10-06T15:27:29Z
SindarovGM,MRBnJBqG,TRUE,bullet,Black,black,1,3240,2,3242,3015,2025-10-06T15:25:18Z
SindarovGM,Txi8aXnu,TRUE,bullet,White,white,1,3237,3,3240,3010,2025-10-06T15:23:09Z
Jaggust01,TpeU0vc8,TRUE,bullet,White,white,1,3205,0,3205,2418,2025-10-10T15:39:12Z
Jaggust01,KVKkiE5J,TRUE,bullet,Black,black,1,3205,0,3205,2419,2025-10-10T15:38:01Z
Jaggust01,wJ2xU11f,TRUE,bullet,White,white,1,3205,0,3205,2419,2025-10-10T15:36:43Z
Jaggust01,djFjz6FP,TRUE,bullet,White,white,1,3195,10,3205,3322,2025-09-12T22:16:17Z
Jaggust01,nli7K0Y9,TRUE,bullet,Black,white,0,3200,-5,3195,3318,2025-09-12T22:15:13Z
Jaggust01,iVWqOFXO,TRUE,bullet,White,white,1,3190,10,3200,3326,2025-09-12T22:14:02Z
Jaggust01,RB0XqnFu,TRUE,bullet,Black,white,0,3195,-5,3190,3322,2025-09-12T22:13:14Z
Jaggust01,HjyGt9Gw,TRUE,bullet,White,black,0,3200,-5,3195,3318,2025-09-12T22:12:05Z
Jaggust01,GbbiG66i,TRUE,bullet,Black,white,0,3205,-5,3200,3314,2025-09-12T22:10:46Z
Jaggust01,W8ANvMw8,TRUE,bullet,White,white,1,3199,6,3205,3249,2025-08-05T22:57:41Z
Jaggust01,zbpU3Jxo,TRUE,bullet,Black,black,1,3192,7,3199,3256,2025-08-05T22:56:30Z
Jaggust01,dG3MofWx,TRUE,bullet,White,white,1,3185,7,3192,3263,2025-08-05T22:55:49Z
Jaggust01,qQ4kz4Um,TRUE,bullet,Black,NA,0.5,3184,1,3185,3264,2025-08-05T22:53:35Z
Jaggust01,8gLiXs5B,TRUE,bullet,White,black,0,3188,-4,3184,3260,2025-08-05T22:51:16Z
Jaggust01,W8i4i3Fg,TRUE,bullet,Black,white,0,3193,-5,3188,3255,2025-08-05T22:49:55Z
Javelin_ua,VEt46MmU,TRUE,bullet,White,white,1,2175,3,2178,1976,2025-10-15T19:08:51Z
Javelin_ua,NaM0emrz,TRUE,bullet,Black,black,1,2172,3,2175,1979,2025-10-15T19:08:10Z
Javelin_ua,VuYATN4L,TRUE,bullet,White,black,0,2181,-9,2172,1970,2025-10-15T19:06:28Z
Javelin_ua,LGtAek4x,TRUE,bullet,Black,black,1,2178,3,2181,1972,2025-10-15T19:04:44Z
Javelin_ua,lqHhExBF,TRUE,bullet,White,white,1,2175,3,2178,1975,2025-10-15T19:03:20Z
Javelin_ua,FprbkGhY,TRUE,bullet,Black,black,1,2172,3,2175,1978,2025-10-15T19:02:54Z
Javelin_ua,Uk4UnXTO,TRUE,bullet,White,black,0,2181,-9,2172,1969,2025-10-15T19:01:57Z
Javelin_ua,Z9cneNeB,TRUE,bullet,Black,black,1,2176,5,2181,2116,2025-10-15T19:01:24Z
Javelin_ua,AlmmnfPm,TRUE,bullet,Black,white,0,2184,-8,2176,2090,2025-10-15T19:00:39Z
Javelin_ua,Mj7oskps,TRUE,bullet,White,black,0,2189,-5,2184,2172,2025-10-15T18:59:44Z
Javelin_ua,6PZZfwId,TRUE,bullet,Black,black,1,2186,3,2189,2053,2025-10-15T18:57:55Z
Javelin_ua,IZRhkLkt,TRUE,bullet,White,white,1,2179,7,2186,2254,2025-10-15T18:56:41Z
Javelin_ua,yMbk06Th,TRUE,bullet,Black,white,0,2185,-6,2179,2174,2025-10-15T18:54:27Z
Javelin_ua,CrwfOTvl,TRUE,bullet,Black,white,0,2190,-5,2185,2194,2025-10-15T11:44:50Z
Javelin_ua,zUNeECuH,TRUE,bullet,White,white,1,2189,1,2190,1777,2025-10-14T18:53:14Z
Brillant_Sacriffice,IWEpQZhB,TRUE,rapid,Black,white,0,2510,-8,2502,2521,2025-10-15T15:26:59Z
Brillant_Sacriffice,loLVrxC8,TRUE,rapid,Black,white,0,2518,-8,2510,2505,2025-10-07T20:29:23Z
Brillant_Sacriffice,VRlpWdrR,TRUE,rapid,White,black,0,2526,-8,2518,2492,2025-10-07T17:45:48Z
Brillant_Sacriffice,S0TxOJJI,TRUE,rapid,Black,black,1,2518,8,2526,2509,2025-10-07T12:45:02Z
Brillant_Sacriffice,SPxy7LuU,TRUE,rapid,White,black,0,2526,-8,2518,2507,2025-10-07T12:23:18Z
Brillant_Sacriffice,os9thmUq,TRUE,rapid,Black,NA,0.5,2527,-1,2526,2492,2025-10-06T17:59:24Z
Brillant_Sacriffice,rMur8q0w,TRUE,rapid,Black,black,1,2518,9,2527,2566,2025-10-03T19:09:56Z
Brillant_Sacriffice,IJ5tZXGU,TRUE,rapid,White,black,0,2522,-4,2518,2751,2025-10-03T18:40:47Z
Brillant_Sacriffice,Pe98mFuJ,TRUE,blitz,White,NA,0.5,2399,2,2401,2473,2025-10-03T18:36:42Z
Brillant_Sacriffice,bRwPgRTT,TRUE,blitz,Black,black,1,2389,10,2399,2394,2025-10-03T18:29:10Z
Brillant_Sacriffice,0gJy3P4v,TRUE,blitz,Black,black,1,2378,11,2389,2417,2025-10-03T18:23:41Z
Brillant_Sacriffice,ab8YE5k5,TRUE,blitz,White,black,0,2387,-9,2378,2427,2025-10-03T18:16:53Z
Brillant_Sacriffice,oHruHx3L,TRUE,rapid,White,black,0,2529,-7,2522,2528,2025-10-01T18:36:30Z
Brillant_Sacriffice,2CjTdHN3,TRUE,rapid,Black,black,1,2522,7,2529,2491,2025-10-01T18:19:19Z
Brillant_Sacriffice,QAwi4U70,TRUE,rapid,Black,black,1,2513,9,2522,2589,2025-10-01T18:04:51Z
Rodionkel,nJbDdE8L,TRUE,bullet,White,NA,0.5,2176,-3,2173,1992,2025-10-15T15:00:39Z
Rodionkel,wimnMrOG,TRUE,bullet,White,black,0,2177,-1,2176,2513,2025-10-12T16:42:40Z
Rodionkel,eyFGeVgv,TRUE,bullet,Black,NA,0.5,2181,-4,2177,1936,2025-10-11T07:02:23Z
Rodionkel,yFHu39mP,TRUE,bullet,White,white,1,2181,0,2181,1327,2025-10-11T07:00:00Z
Rodionkel,zcCDp2vC,TRUE,bullet,White,white,1,2175,6,2181,2162,2025-10-11T06:23:48Z
Rodionkel,bVh3jmbF,TRUE,rapid,White,white,1,1596,12,1608,1515,2025-10-10T17:17:39Z
Rodionkel,yjvUDZZN,TRUE,rapid,Black,white,0,1598,-2,1596,2103,2025-10-10T17:05:19Z
Rodionkel,5td43KXP,TRUE,rapid,White,white,1,1570,28,1598,1975,2025-10-10T16:57:53Z
Rodionkel,HF6omaLQ,TRUE,rapid,White,black,0,1574,-4,1570,1897,2025-10-10T16:52:26Z
Rodionkel,5M4rFbj8,TRUE,rapid,Black,black,1,1567,7,1574,1338,2025-10-10T16:47:40Z
Rodionkel,0o3BTq6v,TRUE,bullet,White,black,0,2177,-2,2175,2466,2025-10-10T15:00:00Z
Rodionkel,8Qn3Royb,TRUE,bullet,White,white,1,2173,4,2177,2029,2025-10-09T15:27:39Z
Rodionkel,d14q0yac,TRUE,bullet,White,white,1,2171,2,2173,1950,2025-10-09T08:45:38Z
Rodionkel,6OPWLNMR,TRUE,bullet,White,white,1,2166,5,2171,2106,2025-10-07T10:18:20Z
Rodionkel,Erp4MqzM,TRUE,bullet,White,black,0,2177,-11,2166,1215,2025-10-06T18:43:28Z
Statham_13,bXCO95YV,TRUE,bullet,Black,NA,0.5,2897,3,2900,3132,2025-10-15T15:07:10Z
Statham_13,sqYJwffx,TRUE,bullet,White,white,1,2887,10,2897,3141,2025-10-15T15:06:15Z
Statham_13,bg52V321,TRUE,bullet,Black,white,0,2890,-3,2887,3139,2025-10-15T15:05:19Z
Statham_13,jBBQysjq,TRUE,bullet,White,black,0,2892,-2,2890,3137,2025-10-15T15:04:30Z
Statham_13,vLgiVn1E,TRUE,bullet,Black,black,1,2882,10,2892,3146,2025-10-15T15:03:23Z
Statham_13,9PzQBxxC,TRUE,bullet,White,black,0,2884,-2,2882,3144,2025-10-15T15:02:09Z
Statham_13,lU8aNLRf,TRUE,bullet,Black,white,0,2887,-3,2884,3142,2025-10-15T15:01:05Z
Statham_13,Cy9ujMRS,TRUE,bullet,White,black,0,2889,-2,2887,3139,2025-10-15T14:59:50Z
Statham_13,ShbBpLz1,TRUE,bullet,Black,black,1,2879,10,2889,3149,2025-10-15T14:58:23Z
Statham_13,e586YD8t,TRUE,bullet,White,black,0,2881,-2,2879,3147,2025-10-15T14:57:14Z
Statham_13,NQRpqBxu,TRUE,bullet,Black,black,1,2872,9,2881,3156,2025-10-15T14:56:18Z
Statham_13,XxGMzs7c,TRUE,bullet,White,black,0,2874,-2,2872,3154,2025-10-15T14:55:05Z
Statham_13,mZW3gL7T,TRUE,bullet,Black,white,0,2876,-2,2874,3152,2025-10-15T14:53:43Z
Statham_13,d2vwwBJP,TRUE,bullet,Black,black,1,2866,10,2876,3162,2025-10-15T14:51:36Z
Statham_13,DZXCGuPg,TRUE,bullet,White,white,1,2856,10,2866,3172,2025-10-15T14:50:34Z
ArtemChessRU,0krqJ3dC,TRUE,bullet,Black,NA,0.5,3066,2,3068,3171,2025-10-12T11:08:20Z
ArtemChessRU,jO3d6uGN,TRUE,bullet,White,black,0,3070,-4,3066,3167,2025-10-12T11:07:47Z
ArtemChessRU,IkwU0ZRS,TRUE,bullet,Black,white,0,3075,-5,3070,3163,2025-10-12T11:06:40Z
ArtemChessRU,pyMXhjRq,TRUE,bullet,White,black,0,3079,-4,3075,3158,2025-10-12T11:05:56Z
ArtemChessRU,dE5SgM2v,TRUE,bullet,White,black,0,3086,-7,3079,2977,2025-10-12T06:52:00Z
ArtemChessRU,x6YKdOJL,TRUE,bullet,White,black,0,3094,-8,3086,2976,2025-10-12T06:47:54Z
ArtemChessRU,NRKtY2QI,TRUE,bullet,Black,white,0,3101,-7,3094,3031,2025-10-12T06:42:33Z
ArtemChessRU,eEoA8bMQ,TRUE,bullet,Black,black,1,3097,4,3101,3000,2025-10-11T21:11:56Z
ArtemChessRU,PKpgEGXL,TRUE,bullet,White,white,1,3092,5,3097,3004,2025-10-11T21:10:30Z
ArtemChessRU,CSJNcd6p,TRUE,bullet,White,white,1,3088,4,3092,2968,2025-10-11T21:07:48Z
ArtemChessRU,nznyfICU,TRUE,bullet,Black,black,1,3086,2,3088,2845,2025-10-11T20:53:14Z
ArtemChessRU,OEHwiyvO,TRUE,bullet,White,white,1,3081,5,3086,3012,2025-10-11T20:44:10Z
ArtemChessRU,E7vXlM1m,TRUE,bullet,Black,black,1,3077,4,3081,3007,2025-10-11T20:08:22Z
ArtemChessRU,efll69JA,TRUE,bullet,White,black,0,3084,-7,3077,3000,2025-10-11T20:06:08Z
ArtemChessRU,glDxQ2la,TRUE,bullet,Black,black,1,3079,5,3084,3004,2025-10-11T20:04:07Z
cherryghost1108,WtdbJR8o,TRUE,blitz,Black,white,0,1956,-8,1948,1848,2025-10-15T10:21:25Z
cherryghost1108,qxliJjEZ,TRUE,bullet,White,black,0,2114,-4,2110,2253,2025-10-15T06:06:32Z
cherryghost1108,NJaFufaD,TRUE,rapid,White,black,0,1945,-1,1944,2439,2025-10-13T17:57:08Z
cherryghost1108,6mS956GB,TRUE,rapid,White,NA,0.5,1939,6,1945,2216,2025-10-13T17:44:07Z
cherryghost1108,h43acqit,TRUE,rapid,Black,white,0,1940,-1,1939,2449,2025-10-13T17:40:07Z
cherryghost1108,zJnV7Vz1,TRUE,rapid,White,white,1,1939,1,1940,1299,2025-10-13T17:39:12Z
cherryghost1108,xgcrgMNC,TRUE,rapid,White,white,1,1939,0,1939,1042,2025-10-13T17:33:47Z
cherryghost1108,7ipuui2C,TRUE,rapid,Black,white,0,1954,-15,1939,1801,2025-10-13T17:20:09Z
cherryghost1108,JaBjkJdn,TRUE,rapid,White,white,1,1952,2,1954,1466,2025-10-13T17:13:25Z
cherryghost1108,OOTPfhJT,TRUE,rapid,Black,black,1,1952,0,1952,1211,2025-10-13T17:08:50Z
cherryghost1108,U7SdWiwx,TRUE,rapid,White,black,0,1954,-2,1952,2385,2025-10-13T17:07:18Z
cherryghost1108,AntGS3RA,TRUE,rapid,White,white,1,1952,2,1954,1490,2025-10-13T17:03:02Z
cherryghost1108,agsUFoWU,TRUE,rapid,Black,white,0,1953,-1,1952,2430,2025-10-13T16:49:36Z
cherryghost1108,kMK94FLt,TRUE,rapid,White,white,1,1943,10,1953,1925,2025-10-13T16:45:25Z
cherryghost1108,fvdLFc5K,TRUE,rapid,Black,black,1,1943,0,1943,1060,2025-10-13T16:40:19Z
cr0c0d1l3,Vdn3RZSW,TRUE,bullet,Black,black,1,2220,6,2226,2202,2025-10-09T06:53:22Z
cr0c0d1l3,qxTNT7sh,TRUE,bullet,White,white,1,2215,5,2220,2208,2025-10-09T06:51:26Z
cr0c0d1l3,4LCgMgeZ,TRUE,bullet,Black,white,0,2221,-6,2215,2201,2025-10-09T06:48:18Z
cr0c0d1l3,Ry9SDfnS,TRUE,bullet,White,white,1,2215,6,2221,2208,2025-10-09T06:47:27Z
cr0c0d1l3,BSn8uCKN,TRUE,bullet,Black,black,1,2209,6,2215,2214,2025-10-09T06:45:26Z
cr0c0d1l3,TSegPSGu,TRUE,bullet,White,white,1,2203,6,2209,2222,2025-10-09T06:43:10Z
cr0c0d1l3,0N87QcSq,TRUE,bullet,Black,black,1,2196,7,2203,2229,2025-10-09T06:40:54Z
cr0c0d1l3,kDd0JX4f,TRUE,bullet,White,black,0,2202,-6,2196,2222,2025-10-09T06:38:41Z
cr0c0d1l3,MYKymzHO,TRUE,bullet,White,black,0,2208,-6,2202,2215,2025-10-09T06:33:13Z
cr0c0d1l3,LCRd9Q9m,TRUE,bullet,Black,black,1,2201,7,2208,2223,2025-10-09T06:31:38Z
cr0c0d1l3,1fVCLijD,TRUE,bullet,Black,white,0,2208,-7,2201,2212,2025-10-09T06:27:54Z
cr0c0d1l3,ylm9t2Sh,TRUE,bullet,White,black,0,2214,-6,2208,2192,2025-10-09T06:25:43Z
cr0c0d1l3,6R130vC6,TRUE,bullet,White,white,1,2213,1,2214,1864,2025-10-06T11:49:16Z
cr0c0d1l3,AjfaEjyf,TRUE,bullet,Black,black,1,2211,2,2213,1866,2025-10-06T11:46:59Z
cr0c0d1l3,PJfsxoRi,TRUE,bullet,White,white,1,2210,1,2211,1867,2025-10-06T11:46:21Z
Shreyas_Adimulam,J2MEHwBe,TRUE,bullet,White,black,0,2555,-8,2547,2388,2025-10-14T16:10:09Z
Shreyas_Adimulam,Rb08sr0J,TRUE,bullet,Black,black,1,2554,1,2555,2087,2025-10-14T16:08:38Z
Shreyas_Adimulam,CodiORsR,TRUE,bullet,White,white,1,2551,3,2554,2390,2025-10-14T16:07:22Z
Shreyas_Adimulam,TI3VhWHK,TRUE,bullet,Black,black,1,2549,2,2551,2311,2025-10-14T16:06:24Z
Shreyas_Adimulam,CUazj2n5,TRUE,bullet,Black,black,1,2547,2,2549,2288,2025-10-14T16:05:45Z
Shreyas_Adimulam,jaxEgq5B,TRUE,bullet,White,white,1,2543,4,2547,2375,2025-10-14T16:04:18Z
Shreyas_Adimulam,f6LRNCDx,TRUE,bullet,White,white,1,2540,3,2543,2402,2025-10-14T16:02:45Z
Shreyas_Adimulam,tZOyVI9N,TRUE,bullet,Black,black,1,2538,2,2540,2203,2025-10-12T19:08:21Z
Shreyas_Adimulam,NNP929Lj,TRUE,bullet,White,white,1,2535,3,2538,2372,2025-10-12T19:07:02Z
Shreyas_Adimulam,KcGskIv1,TRUE,bullet,Black,black,1,2532,3,2535,2376,2025-10-12T19:05:51Z
Shreyas_Adimulam,AzsQHZii,TRUE,bullet,White,white,1,2528,4,2532,2379,2025-10-12T19:04:37Z
Shreyas_Adimulam,mA1oCdel,TRUE,bullet,White,white,1,2526,2,2528,2223,2025-10-12T19:03:25Z
Shreyas_Adimulam,f9jZq4JO,TRUE,bullet,Black,white,0,2536,-10,2526,2186,2025-10-11T17:41:18Z
Shreyas_Adimulam,kJmPlwvw,TRUE,bullet,White,black,0,2540,-4,2536,2641,2025-10-11T17:39:52Z
Shreyas_Adimulam,4UwOSKmB,TRUE,bullet,White,black,0,2541,-1,2540,3023,2025-10-11T17:38:50Z
Oliverqueena,dbnDmsYs,TRUE,bullet,Black,white,0,2728,-5,2723,2759,2025-10-14T13:02:21Z
Oliverqueena,T2ay9AUr,TRUE,bullet,White,NA,0.5,2727,1,2728,2802,2025-10-14T12:26:08Z
Oliverqueena,5fzANZ5U,TRUE,bullet,Black,white,0,2733,-6,2727,2722,2025-10-14T08:34:58Z
Oliverqueena,aVpMkqie,TRUE,bullet,White,black,0,2739,-6,2733,2716,2025-10-14T08:34:01Z
Oliverqueena,rhZMk3BD,TRUE,bullet,Black,white,0,2745,-6,2739,2710,2025-10-14T08:32:42Z
Oliverqueena,ULkEqtJl,TRUE,bullet,White,white,1,2739,6,2745,2715,2025-10-14T08:31:29Z
Oliverqueena,Pi0iuXlK,TRUE,bullet,Black,white,0,2747,-8,2739,2644,2025-10-14T06:38:29Z
Oliverqueena,0fX4ryDS,TRUE,bullet,White,black,0,2752,-5,2747,2750,2025-10-14T06:36:40Z
Oliverqueena,aJMx3AvI,TRUE,bullet,Black,black,1,2749,3,2752,2593,2025-10-14T06:34:06Z
Oliverqueena,PPIezmTa,TRUE,bullet,White,white,1,2743,6,2749,2735,2025-10-13T14:04:00Z
Oliverqueena,XFgkyqPb,TRUE,bullet,Black,white,0,2749,-6,2743,2729,2025-10-13T14:02:27Z
Oliverqueena,nXhWbEoV,TRUE,bullet,White,black,0,2756,-7,2749,2706,2025-10-13T13:47:44Z
Oliverqueena,AdzHKgXv,TRUE,bullet,Black,black,1,2752,4,2756,2625,2025-10-13T13:45:44Z
Oliverqueena,672B4fFc,TRUE,bullet,Black,NA,0.5,2754,-2,2752,2642,2025-10-13T13:43:22Z
Oliverqueena,7Gr2Z3yr,TRUE,bullet,White,white,1,2749,5,2754,2698,2025-10-13T13:40:45Z
buldog58,hRdrKAEs,TRUE,blitz,White,white,1,2307,4,2311,2169,2025-10-15T19:12:16Z
buldog58,kWzbXS23,TRUE,blitz,Black,black,1,2303,4,2307,2172,2025-10-15T19:04:10Z
buldog58,6h0D8149,TRUE,blitz,White,white,1,2300,3,2303,2176,2025-10-15T19:01:30Z
buldog58,Z47AYdGi,TRUE,blitz,Black,white,0,2307,-7,2300,2168,2025-10-15T18:55:23Z
buldog58,9JcLj2sM,TRUE,blitz,White,black,0,2316,-9,2307,2160,2025-10-15T18:47:18Z
buldog58,lkXpTJei,TRUE,blitz,White,white,1,2312,4,2316,2170,2025-10-15T18:36:21Z
buldog58,Tib4uhYR,TRUE,blitz,Black,black,1,2309,3,2312,2154,2025-10-15T18:27:53Z
buldog58,IIor97qE,TRUE,blitz,White,black,0,2314,-5,2309,2322,2025-10-15T18:20:08Z
buldog58,eEmJNySa,TRUE,blitz,Black,white,0,2320,-6,2314,2316,2025-10-15T18:10:38Z
buldog58,YiU10ZgN,TRUE,blitz,White,black,0,2326,-6,2320,2310,2025-10-15T18:01:44Z
buldog58,x54kHWBp,TRUE,blitz,White,white,1,2321,5,2326,2285,2025-10-15T17:55:28Z
buldog58,0FGHYuao,TRUE,blitz,Black,black,1,2317,4,2321,2186,2025-10-15T17:47:43Z
buldog58,TQhw8rMw,TRUE,blitz,Black,white,0,2323,-6,2317,2334,2025-10-15T17:38:52Z
buldog58,wOHsV0gn,TRUE,blitz,White,black,0,2327,-4,2323,2379,2025-10-15T17:12:51Z
buldog58,OIvAwLAe,TRUE,blitz,Black,black,1,2321,6,2327,2386,2025-10-15T17:04:07Z
bandibacsi1966,yE3rxLfI,TRUE,blitz,White,NA,0.5,2242,-4,2238,1971,2025-10-12T19:31:18Z
bandibacsi1966,xjQUC3q3,TRUE,blitz,Black,NA,0.5,2245,-3,2242,2023,2025-10-12T19:26:47Z
bandibacsi1966,anKOfTBR,TRUE,blitz,White,white,1,2242,3,2245,2080,2025-10-12T19:18:45Z
bandibacsi1966,joxfMUHB,TRUE,blitz,Black,black,1,2231,11,2242,2663,2025-10-12T19:11:46Z
bandibacsi1966,J1m8gIlI,TRUE,blitz,Black,black,1,2226,5,2231,2173,2025-10-12T19:04:52Z
bandibacsi1966,DfqItFZ7,TRUE,blitz,Black,black,1,2221,5,2226,2180,2025-10-12T18:58:03Z
bandibacsi1966,L7nzZOLR,TRUE,blitz,White,white,1,2214,7,2221,2273,2025-10-12T18:55:43Z
bandibacsi1966,v7vNCdOT,TRUE,blitz,Black,black,1,2207,7,2214,2281,2025-10-12T18:50:19Z
bandibacsi1966,oNFNFWgB,TRUE,blitz,White,white,1,2202,5,2207,2159,2025-10-12T18:45:07Z
bandibacsi1966,gJYaEfXZ,TRUE,blitz,Black,black,1,2200,2,2202,2005,2025-10-12T18:42:49Z
bandibacsi1966,uUwRfK8y,TRUE,blitz,Black,black,1,2193,7,2200,2233,2025-10-12T18:36:43Z
bandibacsi1966,wCs8UlJK,TRUE,blitz,White,white,1,2191,2,2193,1901,2025-10-12T18:33:56Z
bandibacsi1966,MN98fTDY,TRUE,blitz,Black,black,1,2190,1,2191,1789,2025-10-12T18:32:32Z
bandibacsi1966,wmb7BrZW,TRUE,blitz,White,white,1,2190,0,2190,1668,2025-10-12T18:31:02Z
bandibacsi1966,hul3rTQi,TRUE,blitz,White,black,0,2195,-5,2190,2205,2025-10-12T18:25:42Z
Tulachessroom,w6oeJBNV,TRUE,rapid,Black,black,1,2642,6,2648,2486,2025-10-13T19:40:55Z
Tulachessroom,yHNP90f4,TRUE,bullet,White,black,0,2897,-6,2891,2905,2025-10-12T19:43:32Z
Tulachessroom,1A47HdpY,TRUE,bullet,White,black,0,2903,-6,2897,2903,2025-10-12T19:41:27Z
Tulachessroom,FYMHNA8N,TRUE,bullet,Black,black,1,2897,6,2903,2909,2025-10-12T19:39:14Z
Tulachessroom,tCR1tKHW,TRUE,bullet,White,black,0,2902,-5,2897,2903,2025-10-12T19:37:31Z
Tulachessroom,CZ9W3IHh,TRUE,bullet,Black,black,1,2896,6,2902,2909,2025-10-12T19:35:10Z
Tulachessroom,jRVBqT91,TRUE,bullet,Black,white,0,2901,-5,2896,2984,2025-10-12T16:15:34Z
Tulachessroom,fwIvgLA4,TRUE,bullet,White,NA,0.5,2899,2,2901,2986,2025-10-12T16:13:15Z
Tulachessroom,C7CjZxM7,TRUE,bullet,Black,white,0,2904,-5,2899,2981,2025-10-12T16:11:24Z
Tulachessroom,rp0aw3hP,TRUE,bullet,White,black,0,2908,-4,2904,2976,2025-10-12T16:10:35Z
Tulachessroom,7uIxZi0D,TRUE,bullet,Black,white,0,2913,-5,2908,2972,2025-10-12T16:08:22Z
Tulachessroom,9zILLyyp,TRUE,bullet,White,white,1,2906,7,2913,2978,2025-10-12T16:06:45Z
Tulachessroom,oFqCoevF,TRUE,bullet,Black,white,0,2910,-4,2906,3001,2025-10-12T16:03:34Z
Tulachessroom,7ZUjOPFm,TRUE,bullet,White,NA,0.5,2909,1,2910,3007,2025-10-12T15:52:32Z
Tulachessroom,el4g1G4V,TRUE,bullet,Black,black,1,2903,6,2909,2895,2025-10-12T15:49:06Z
woshigeshagua,yOkpAQYA,TRUE,bullet,Black,black,1,3099,3,3102,2929,2025-10-12T08:49:49Z
woshigeshagua,uekRSqoy,TRUE,bullet,White,white,1,3096,3,3099,2938,2025-10-12T08:45:25Z
woshigeshagua,1yo96jBH,TRUE,bullet,Black,white,0,3104,-8,3096,2929,2025-10-12T08:43:06Z
woshigeshagua,ZLS5o1x4,TRUE,bullet,White,black,0,3113,-9,3104,2921,2025-10-12T08:40:45Z
woshigeshagua,Nh7sXJxA,TRUE,bullet,Black,black,1,3109,4,3113,3021,2025-10-12T08:37:56Z
woshigeshagua,N7aGiVWk,TRUE,bullet,Black,black,1,3106,3,3109,2917,2025-10-12T08:36:24Z
woshigeshagua,Uxv9VlZK,TRUE,bullet,White,black,0,3114,-8,3106,2969,2025-10-12T08:34:51Z
woshigeshagua,e2otug2Z,TRUE,bullet,White,white,1,3110,4,3114,2965,2025-10-12T08:32:10Z
woshigeshagua,b94vvB9U,TRUE,bullet,Black,black,1,3106,4,3110,2980,2025-10-12T08:30:14Z
woshigeshagua,JaotIAmW,TRUE,blitz,White,white,1,2840,5,2845,2671,2025-10-06T06:55:49Z
woshigeshagua,CPm7AN3f,TRUE,bullet,Black,white,0,3113,-7,3106,3012,2025-10-06T06:48:30Z
woshigeshagua,tKEI3exj,TRUE,bullet,White,white,1,3109,4,3113,3047,2025-10-05T08:14:44Z
woshigeshagua,VqgUBPUd,TRUE,bullet,Black,white,0,3116,-7,3109,3040,2025-10-05T08:13:17Z
woshigeshagua,p3uXUDrd,TRUE,bullet,White,black,0,3123,-7,3116,3032,2025-10-05T08:11:08Z
woshigeshagua,baXMO9b2,TRUE,bullet,Black,white,0,3131,-8,3123,3025,2025-10-05T08:08:55Z
Hulscher_1979,65eCVrwC,TRUE,rapid,Black,NA,0.5,2277,-2,2275,2160,2025-10-13T17:58:24Z
Hulscher_1979,zn7Rk09a,TRUE,rapid,White,white,1,2273,4,2277,2114,2025-10-13T17:48:39Z
Hulscher_1979,OQDVjeSP,TRUE,rapid,White,white,1,2268,5,2273,2239,2025-10-13T17:40:48Z
Hulscher_1979,gLB6c5PW,TRUE,rapid,Black,black,1,2265,3,2268,1988,2025-10-13T17:35:42Z
Hulscher_1979,RYLoW2oE,TRUE,rapid,Black,black,1,2264,1,2265,1952,2025-10-13T17:26:20Z
Hulscher_1979,lVq9xQa8,TRUE,rapid,Black,white,0,2266,-2,2264,2511,2025-10-13T17:19:33Z
Hulscher_1979,0k76Iy8V,TRUE,rapid,White,black,0,2277,-11,2266,1974,2025-10-13T17:09:30Z
Hulscher_1979,Z0KFwRk5,TRUE,rapid,Black,white,0,2280,-3,2277,2470,2025-10-13T16:58:10Z
Hulscher_1979,Lx9180Do,TRUE,rapid,Black,white,0,2283,-3,2280,2525,2025-10-13T16:48:27Z
Hulscher_1979,XAlDNGiL,TRUE,rapid,White,white,1,2282,1,2283,1821,2025-10-13T16:42:12Z
Hulscher_1979,dIGfDx2I,TRUE,rapid,White,white,1,2280,2,2282,1948,2025-10-13T16:35:59Z
Hulscher_1979,RE4QCtTK,TRUE,rapid,Black,black,1,2275,5,2280,2211,2025-10-13T16:24:53Z
Hulscher_1979,TBe4zW7x,TRUE,rapid,White,white,1,2274,1,2275,1578,2025-10-13T16:20:35Z
Hulscher_1979,PxZiB7il,TRUE,rapid,Black,white,0,2285,-11,2274,2078,2025-10-13T16:15:23Z
Hulscher_1979,kPcH8Af1,TRUE,classical,White,black,0,2245,-10,2235,2102,2025-10-12T16:23:50Z
jaime_sonho01,OooWp0qw,TRUE,blitz,Black,white,0,2544,-8,2536,2362,2025-10-15T21:56:51Z
jaime_sonho01,xGOKFIE0,TRUE,blitz,White,black,0,2553,-9,2544,2353,2025-10-15T21:50:35Z
jaime_sonho01,LPSTXDw2,TRUE,blitz,Black,black,1,2550,3,2553,2356,2025-10-15T21:46:04Z
jaime_sonho01,01N3bHXB,TRUE,blitz,White,white,1,2547,3,2550,2359,2025-10-15T21:38:23Z
jaime_sonho01,3lhhwAQT,TRUE,blitz,Black,black,1,2544,3,2547,2362,2025-10-15T21:31:44Z
jaime_sonho01,JIB4Tikk,TRUE,blitz,White,white,1,2541,3,2544,2366,2025-10-15T21:23:43Z
jaime_sonho01,fKgz1ptb,TRUE,blitz,Black,white,0,2552,-11,2541,2003,2025-10-15T21:11:54Z
jaime_sonho01,yHWwDTnZ,TRUE,blitz,White,white,1,2551,1,2552,1967,2025-10-15T21:07:08Z
jaime_sonho01,ZCDdOYdG,TRUE,blitz,White,white,1,2551,0,2551,1893,2025-10-15T21:03:57Z
jaime_sonho01,XQ8yGjEu,TRUE,blitz,Black,black,1,2550,1,2551,2078,2025-10-15T21:03:26Z
jaime_sonho01,1cqKxprc,TRUE,blitz,White,white,1,2550,0,2550,2005,2025-10-15T21:00:20Z
jaime_sonho01,FHZjXj9Q,TRUE,blitz,Black,black,1,2550,0,2550,1904,2025-10-15T20:56:03Z
jaime_sonho01,Ndt3S7L9,TRUE,blitz,White,white,1,2553,1,2554,2020,2025-10-15T20:52:42Z
jaime_sonho01,iSbmtWBV,TRUE,blitz,White,black,0,2557,-8,2549,2395,2025-10-15T20:41:12Z
jaime_sonho01,VYHdFVHe,TRUE,blitz,Black,black,1,2554,3,2557,2399,2025-10-15T20:39:00Z
AahaanTheChamp,qX1FDAlT,TRUE,bullet,White,black,0,1857,-3,1854,2029,2025-10-15T12:30:06Z
AahaanTheChamp,PgbV0TBX,TRUE,bullet,Black,white,0,1861,-4,1857,1951,2025-10-15T12:12:08Z
AahaanTheChamp,rHBCBeXy,TRUE,bullet,Black,black,1,1853,8,1861,2010,2025-10-15T12:06:21Z
AahaanTheChamp,Tdh6kxX8,TRUE,bullet,White,black,0,1858,-5,1853,1880,2025-10-15T10:26:33Z
AahaanTheChamp,ApIiSZMy,TRUE,bullet,Black,NA,0.5,1858,0,1858,1896,2025-10-15T10:24:00Z
AahaanTheChamp,AGYGzNtA,TRUE,bullet,White,white,1,1855,3,1858,1658,2025-10-15T10:22:34Z
AahaanTheChamp,UCLHlbTS,TRUE,bullet,Black,black,1,1850,5,1855,1797,2025-10-15T10:20:07Z
AahaanTheChamp,ADMkUgVk,TRUE,bullet,White,NA,0.5,1853,-3,1850,1649,2025-10-15T10:17:21Z
AahaanTheChamp,QKi4NBjL,TRUE,bullet,Black,NA,0.5,1854,-1,1853,1799,2025-10-15T10:14:52Z
AahaanTheChamp,41EIiigr,TRUE,bullet,Black,black,1,1850,4,1854,1744,2025-10-15T10:11:23Z
AahaanTheChamp,Dxg0U1fJ,TRUE,bullet,White,black,0,1853,-3,1850,2009,2025-10-15T10:08:45Z
AahaanTheChamp,FeBus15p,TRUE,bullet,White,NA,0.5,1853,0,1853,1868,2025-10-15T10:06:41Z
AahaanTheChamp,g0RFqT5u,TRUE,bullet,Black,white,0,1858,-5,1853,1876,2025-10-15T10:04:57Z
AahaanTheChamp,5ZHlxrrA,TRUE,bullet,White,white,1,1853,5,1858,1831,2025-10-15T10:02:33Z
AahaanTheChamp,djcUwOhf,TRUE,bullet,White,white,1,1847,6,1853,1875,2025-10-15T09:59:24Z
i_love_1C,Z2eZTAG9,TRUE,bullet,Black,black,1,2655,12,2667,2527,2025-10-15T19:36:04Z
i_love_1C,OIJTaSwj,TRUE,bullet,Black,black,1,2642,13,2655,2519,2025-10-15T19:33:31Z
i_love_1C,bqpFFgB9,TRUE,bullet,White,white,1,2625,17,2642,2575,2025-10-15T19:05:00Z
i_love_1C,XnkvxDRK,TRUE,blitz,White,NA,0.5,2691,-2,2689,2530,2025-10-15T14:46:54Z
i_love_1C,8BsuluWS,TRUE,blitz,Black,black,1,2686,5,2691,2683,2025-10-15T13:05:16Z
i_love_1C,iRMAj5wa,TRUE,blitz,White,white,1,2680,6,2686,2661,2025-10-15T12:40:23Z
i_love_1C,ZOCr3db8,TRUE,bullet,Black,black,1,2613,12,2625,2436,2025-10-14T16:09:08Z
i_love_1C,LblOdqKg,TRUE,blitz,White,white,1,2678,2,2680,2425,2025-10-13T12:43:11Z
i_love_1C,iESoHBVK,TRUE,blitz,White,white,1,2672,6,2678,2670,2025-10-13T12:05:56Z
i_love_1C,DLhYnpgs,TRUE,blitz,Black,black,1,2669,3,2672,2534,2025-10-13T09:06:39Z
i_love_1C,SNVHbqnQ,TRUE,blitz,Black,NA,0.5,2669,0,2669,2662,2025-10-13T08:55:07Z
i_love_1C,0HZemmbO,TRUE,blitz,White,white,1,2665,4,2669,2506,2025-10-12T21:58:44Z
i_love_1C,DORuDLHD,TRUE,rapid,White,white,1,2642,4,2646,2523,2025-10-12T21:29:24Z
i_love_1C,A31uH1m7,TRUE,rapid,White,black,0,2650,-8,2642,2531,2025-10-12T21:02:22Z
i_love_1C,RcxAIDx1,TRUE,rapid,Black,white,0,2658,-8,2650,2546,2025-10-12T20:41:30Z
ChessInsomniac,XKWuraMN,TRUE,classical,White,white,1,2327,2,2329,1923,2025-10-15T17:57:19Z
ChessInsomniac,prp43HEi,TRUE,classical,White,white,1,2325,2,2327,1919,2025-10-14T09:20:11Z
ChessInsomniac,WtuZtoAh,TRUE,classical,Black,NA,0.5,2333,-8,2325,1944,2025-10-13T17:09:12Z
ChessInsomniac,eU53ecrb,TRUE,classical,White,white,1,2328,5,2333,2113,2025-10-13T17:01:53Z
ChessInsomniac,urrJtG5R,TRUE,classical,White,white,1,2325,3,2328,2009,2025-10-07T18:45:30Z
ChessInsomniac,CpKEDMAb,TRUE,classical,Black,black,1,2319,6,2325,2153,2025-10-01T13:47:23Z
ChessInsomniac,B4XY6Hdj,TRUE,classical,White,white,1,2316,3,2319,1967,2025-09-29T17:48:34Z
ChessInsomniac,uYAJ0Z3F,TRUE,classical,White,white,1,2314,2,2316,1934,2025-09-25T17:19:05Z
ChessInsomniac,wapclx5U,TRUE,classical,Black,black,1,2312,2,2314,1944,2025-09-22T18:54:17Z
ChessInsomniac,ydNOnsgS,TRUE,classical,Black,black,1,2308,4,2312,2049,2025-09-17T18:26:35Z
ChessInsomniac,kdYCplHL,TRUE,classical,Black,NA,0.5,2314,-6,2308,2048,2025-09-15T15:38:23Z
ChessInsomniac,Oc2lZ0C8,TRUE,classical,White,white,1,2310,4,2314,2074,2025-09-12T12:54:04Z
ChessInsomniac,v8LUajSQ,TRUE,classical,White,white,1,2305,5,2310,2100,2025-09-09T15:12:58Z
ChessInsomniac,CzEZe0pj,TRUE,classical,White,white,1,2303,2,2305,1947,2025-09-01T09:28:15Z
ChessInsomniac,s9wzAWlC,TRUE,classical,White,white,1,2298,5,2303,2117,2025-08-31T17:40:03Z
DedkovR,SIABCnrN,TRUE,blitz,Black,black,1,2597,6,2603,2627,2025-10-15T20:57:42Z
DedkovR,nTvwk1lK,TRUE,blitz,Black,black,1,2592,5,2597,2535,2025-10-15T20:50:05Z
DedkovR,dB8cRZe9,TRUE,blitz,White,black,0,2598,-6,2592,2587,2025-10-15T20:45:11Z
DedkovR,8mjIjN0K,TRUE,blitz,Black,black,1,2593,5,2598,2551,2025-10-15T20:37:04Z
DedkovR,DieTvj0J,TRUE,blitz,White,white,1,2588,5,2593,2500,2025-10-15T20:30:19Z
DedkovR,EQHvHmuQ,TRUE,blitz,White,NA,0.5,2588,0,2588,2610,2025-10-15T20:24:42Z
DedkovR,XBfE3MmL,TRUE,blitz,Black,NA,0.5,2590,-2,2588,2495,2025-10-15T20:18:26Z
DedkovR,tszZN6q1,TRUE,blitz,White,white,1,2583,7,2590,2611,2025-10-15T20:14:49Z
DedkovR,djOnwDnn,TRUE,blitz,Black,black,1,2578,5,2583,2550,2025-10-15T20:10:14Z
DedkovR,2P3JalbX,TRUE,blitz,Black,black,1,2574,4,2578,2474,2025-10-15T20:06:00Z
DedkovR,gSwfY5Zr,TRUE,blitz,White,NA,0.5,2575,-1,2574,2540,2025-10-15T20:01:01Z
DedkovR,OKjkqn4B,TRUE,blitz,Black,white,0,2581,-6,2575,2529,2025-10-15T19:56:05Z
DedkovR,1dvroNtZ,TRUE,blitz,Black,black,1,2577,4,2581,2482,2025-10-15T19:14:39Z
DedkovR,4P2Kj8CF,TRUE,blitz,White,white,1,2572,5,2577,2551,2025-10-15T19:08:28Z
DedkovR,g1CfXUx9,TRUE,blitz,White,black,0,2579,-7,2572,2495,2025-10-15T15:16:19Z
Orcinus_Orca,7KQMnPjY,TRUE,bullet,Black,black,1,2395,6,2401,2439,2025-08-28T15:42:55Z
Orcinus_Orca,kDXsfcWS,TRUE,bullet,White,NA,0.5,2394,1,2395,2429,2025-08-28T15:40:12Z
Orcinus_Orca,puZjrycR,TRUE,bullet,White,white,1,2388,6,2394,2415,2025-08-28T15:37:31Z
Orcinus_Orca,zrxjjM8X,TRUE,bullet,Black,black,1,2382,6,2388,2386,2025-08-28T15:36:18Z
Orcinus_Orca,CiGPchtS,TRUE,bullet,Black,white,0,2389,-7,2382,2343,2025-08-28T15:18:49Z
Orcinus_Orca,nCWxVAUK,TRUE,bullet,Black,white,0,2393,-4,2389,2481,2025-08-28T14:48:48Z
Orcinus_Orca,zx2gkrOv,TRUE,bullet,White,white,1,2387,6,2393,2412,2025-08-28T14:46:08Z
Orcinus_Orca,xdmUtY4I,TRUE,bullet,Black,white,0,2395,-8,2387,2251,2025-08-28T14:40:17Z
Orcinus_Orca,OkAHMyfu,TRUE,bullet,White,white,1,2391,4,2395,2255,2025-08-28T14:38:55Z
Orcinus_Orca,zB3aeDW2,TRUE,bullet,White,white,1,2386,5,2391,2331,2025-08-28T14:36:17Z
Orcinus_Orca,9tUpMrw5,TRUE,bullet,Black,black,1,2381,5,2386,2320,2025-08-28T14:34:22Z
Orcinus_Orca,3Es8aWot,TRUE,bullet,White,white,1,2375,6,2381,2389,2025-08-28T14:32:28Z
Orcinus_Orca,K2ZOcIBp,TRUE,bullet,Black,black,1,2371,4,2375,2316,2025-08-28T14:15:37Z
Orcinus_Orca,GM7Gc1Jn,TRUE,bullet,White,white,1,2366,5,2371,2306,2025-08-28T14:13:16Z
Orcinus_Orca,tr1e2Lit,TRUE,bullet,White,white,1,2360,6,2366,2350,2025-08-28T14:10:59Z
u1rick,j4zlLqlK,TRUE,blitz,Black,black,1,2380,6,2386,2367,2025-10-16T00:37:08Z
u1rick,i0WCTJXj,TRUE,blitz,White,black,0,2386,-6,2380,2342,2025-10-15T04:28:18Z
u1rick,zQGrCQbD,TRUE,blitz,White,black,0,2391,-5,2386,2457,2025-10-15T04:00:31Z
u1rick,4nK4JuwN,TRUE,blitz,White,white,1,2388,3,2391,2240,2025-10-14T03:20:57Z
u1rick,pDfCIUEy,TRUE,blitz,White,black,0,2393,-5,2388,2418,2025-10-14T00:03:29Z
u1rick,xFRcuECl,TRUE,blitz,Black,white,0,2399,-6,2393,2354,2025-10-13T04:18:06Z
u1rick,VZYLUhW9,TRUE,blitz,White,black,0,2404,-5,2399,2486,2025-10-12T09:06:26Z
u1rick,WQHtJxqC,TRUE,blitz,Black,black,1,2398,6,2404,2407,2025-10-11T05:33:55Z
u1rick,mJCiAffH,TRUE,blitz,White,black,0,2404,-6,2398,2413,2025-10-10T23:52:11Z
u1rick,sz5Oev31,TRUE,blitz,Black,black,1,2400,4,2404,2254,2025-10-10T05:05:24Z
u1rick,q2NJaHdh,TRUE,blitz,Black,white,0,2408,-8,2400,2253,2025-10-10T01:32:26Z
u1rick,mSkFyHoG,TRUE,blitz,White,white,1,2404,4,2408,2302,2025-10-09T10:49:48Z
u1rick,5BwbAzne,TRUE,blitz,White,black,0,2411,-7,2404,2360,2025-10-09T06:34:41Z
u1rick,PjlJ654q,TRUE,blitz,Black,white,0,2415,-4,2411,2491,2025-10-08T00:27:46Z
u1rick,AGg5z6o7,TRUE,blitz,White,white,1,2407,8,2415,2533,2025-10-07T05:07:28Z
SashaKuzhilniy,CzRHvu9u,TRUE,rapid,Black,black,1,2659,6,2665,2664,2025-10-15T18:23:42Z
SashaKuzhilniy,JQlH9yrW,TRUE,rapid,Black,white,0,2668,-9,2659,2479,2025-10-15T10:18:08Z
SashaKuzhilniy,mkx7esDX,TRUE,rapid,White,NA,0.5,2670,-2,2668,2511,2025-10-11T09:56:11Z
SashaKuzhilniy,3tXM7MVl,TRUE,rapid,White,black,0,2677,-7,2670,2629,2025-10-10T17:58:20Z
SashaKuzhilniy,2i38XYck,TRUE,rapid,Black,black,1,2673,4,2677,2563,2025-10-10T13:47:16Z
SashaKuzhilniy,u7xQ246o,TRUE,rapid,White,white,1,2670,3,2673,2475,2025-10-09T13:04:01Z
SashaKuzhilniy,GwIVPjSl,TRUE,rapid,Black,black,1,2666,4,2670,2567,2025-10-09T12:39:45Z
SashaKuzhilniy,3VHgK2ju,TRUE,rapid,White,white,1,2662,4,2666,2520,2025-10-08T12:41:52Z
SashaKuzhilniy,8RdYEieY,TRUE,rapid,Black,black,1,2658,4,2662,2560,2025-10-08T12:13:26Z
SashaKuzhilniy,x0uAHwVq,TRUE,rapid,White,white,1,2655,3,2658,2484,2025-10-07T16:36:39Z
SashaKuzhilniy,K0gWhLYP,TRUE,rapid,White,white,1,2650,5,2655,2564,2025-10-07T16:04:42Z
SashaKuzhilniy,ivMQ0WGL,TRUE,rapid,Black,black,1,2647,3,2650,2476,2025-10-06T16:03:36Z
SashaKuzhilniy,pALdr9er,TRUE,rapid,Black,white,0,2654,-7,2647,2555,2025-10-05T15:40:16Z
SashaKuzhilniy,CKHCgipm,TRUE,rapid,White,white,1,2651,3,2654,2507,2025-10-05T15:25:49Z
SashaKuzhilniy,PI5aeaGI,TRUE,rapid,Black,NA,0.5,2652,-1,2651,2541,2025-10-05T10:20:00Z
Kotov_Syndrome,QGutxjVF,TRUE,bullet,White,white,1,1560,56,1616,2138,2024-10-26T16:42:55Z
Kotov_Syndrome,Pl1Bi426,TRUE,bullet,White,black,0,1564,-4,1560,2019,2024-10-26T14:29:00Z
Kotov_Syndrome,ZIhazl2X,TRUE,bullet,White,white,1,1520,44,1564,1923,2024-08-03T16:17:04Z
Kotov_Syndrome,Iaq5JXto,TRUE,bullet,Black,white,0,1538,-18,1520,1638,2024-08-03T16:14:51Z
Kotov_Syndrome,85y8jKP7,TRUE,blitz,White,white,1,1762,40,1802,1768,2024-06-15T18:07:15Z
Kotov_Syndrome,YsRSwyAZ,TRUE,blitz,White,black,0,1772,-10,1762,2136,2024-06-15T18:02:00Z
Kotov_Syndrome,0w43t0Aa,TRUE,blitz,White,white,1,1719,53,1772,1807,2024-03-24T19:40:05Z
Kotov_Syndrome,i7i0uf4B,TRUE,blitz,Black,black,1,1719,0,1719,777,2023-12-29T16:39:49Z
Kotov_Syndrome,UvYzvb1T,TRUE,blitz,White,black,0,1758,-39,1719,1778,2023-12-29T16:33:35Z
Kotov_Syndrome,ZdCQBEfZ,TRUE,bullet,White,white,1,1524,14,1538,1572,2023-12-18T22:05:52Z
Kotov_Syndrome,xGtXlQIk,TRUE,bullet,Black,black,1,1513,11,1524,1526,2023-11-06T17:15:14Z
Kotov_Syndrome,idyuf0F9,TRUE,bullet,Black,black,1,1502,11,1513,1534,2023-11-04T18:01:44Z
Kotov_Syndrome,7FVKfoAW,TRUE,bullet,Black,black,1,1492,10,1502,1574,2023-10-02T17:18:56Z
Kotov_Syndrome,BwLH5l3H,TRUE,bullet,White,white,1,1485,7,1492,1403,2023-10-02T17:16:25Z
Kotov_Syndrome,zbkUyvvD,TRUE,bullet,Black,white,0,1488,-3,1485,1757,2023-10-02T17:13:57Z
salfetkaa5,sKEVTEP1,TRUE,blitz,White,black,0,2603,-7,2596,2606,2025-10-16T01:04:42Z
salfetkaa5,sgXEHg6t,TRUE,blitz,Black,white,0,2609,-6,2603,2687,2025-10-16T00:57:07Z
salfetkaa5,s9OJS2RE,TRUE,blitz,White,white,1,2601,8,2609,2605,2025-10-16T00:49:02Z
salfetkaa5,79M7Tmhb,TRUE,blitz,White,black,0,2606,-5,2601,2744,2025-10-16T00:43:15Z
salfetkaa5,FZQDdD9o,TRUE,blitz,Black,black,1,2598,8,2606,2602,2025-10-16T00:22:26Z
salfetkaa5,BHZMhw0J,TRUE,blitz,White,white,1,2589,9,2598,2608,2025-10-16T00:19:14Z
salfetkaa5,DqLhX2C0,TRUE,blitz,Black,black,1,2580,9,2589,2614,2025-10-16T00:17:32Z
salfetkaa5,z73jm6nU,TRUE,blitz,White,white,1,2570,10,2580,2621,2025-10-16T00:11:05Z
salfetkaa5,iMmUHc4V,TRUE,blitz,Black,black,1,2559,11,2570,2628,2025-10-16T00:06:31Z
salfetkaa5,QetwrFON,TRUE,blitz,White,white,1,2548,11,2559,2635,2025-10-16T00:01:01Z
salfetkaa5,amcnRUcI,TRUE,blitz,Black,black,1,2535,13,2548,2642,2025-10-15T23:56:36Z
salfetkaa5,ug3cEZ9Y,TRUE,blitz,White,black,0,2542,-7,2535,2638,2025-10-15T23:54:17Z
salfetkaa5,s3F9lSnd,TRUE,blitz,Black,white,0,2550,-8,2542,2633,2025-10-15T23:48:43Z
salfetkaa5,b5MgzfDH,TRUE,blitz,White,white,1,2537,13,2550,2641,2025-10-15T23:42:08Z
salfetkaa5,Rtx0FWDV,TRUE,blitz,Black,black,1,2523,14,2537,2648,2025-10-15T23:37:02Z
Stamatis3,2KBkADli,TRUE,bullet,Black,black,1,2574,6,2580,2544,2025-10-12T16:59:15Z
Stamatis3,RyAaMUdB,TRUE,bullet,White,white,1,2569,5,2574,2549,2025-10-12T16:58:00Z
Stamatis3,9jnwTzK0,TRUE,bullet,Black,white,0,2575,-6,2569,2543,2025-10-12T16:57:09Z
Stamatis3,jcb8UBoZ,TRUE,bullet,White,white,1,2570,5,2575,2548,2025-10-12T16:55:56Z
Stamatis3,vGxL0l39,TRUE,bullet,Black,black,1,2564,6,2570,2554,2025-10-12T16:54:47Z
Stamatis3,MAOZzB5A,TRUE,bullet,White,white,1,2558,6,2564,2559,2025-10-12T16:54:27Z
Stamatis3,zgSWVg06,TRUE,bullet,Black,white,0,2564,-6,2558,2554,2025-10-12T16:53:12Z
Stamatis3,wlU22P4U,TRUE,bullet,White,black,0,2570,-6,2564,2547,2025-10-12T16:51:51Z
Stamatis3,Wt7xUMGI,TRUE,bullet,Black,white,0,2577,-7,2570,2541,2025-10-12T16:50:36Z
Stamatis3,YAWtnJVd,TRUE,bullet,White,white,1,2571,6,2577,2546,2025-10-12T16:49:20Z
Stamatis3,domM6kBt,TRUE,bullet,Black,white,0,2577,-6,2571,2540,2025-10-12T16:48:00Z
Stamatis3,05dx1PqZ,TRUE,bullet,White,white,1,2572,5,2577,2545,2025-10-12T16:46:40Z
Stamatis3,x7rpQYWr,TRUE,bullet,Black,white,0,2578,-6,2572,2539,2025-10-12T16:45:23Z
Stamatis3,1zc3GcZz,TRUE,bullet,White,white,1,2573,5,2578,2544,2025-10-12T16:44:15Z
Stamatis3,RsOto1Aj,TRUE,bullet,Black,white,0,2580,-7,2573,2538,2025-10-12T16:43:20Z
Xiliov,saYlCMK4,TRUE,bullet,Black,NA,0.5,2450,2,2452,2540,2025-10-14T21:43:48Z
Xiliov,qCfF3IKb,TRUE,bullet,Black,white,0,2460,-10,2450,2345,2025-10-08T19:05:05Z
Xiliov,zAFQlhaP,TRUE,bullet,Black,white,0,2468,-8,2460,2462,2025-10-07T20:25:21Z
Xiliov,IHYY1zQw,TRUE,bullet,Black,black,1,2462,6,2468,2409,2025-10-04T23:28:25Z
Xiliov,PGoZbw9q,TRUE,bullet,White,black,0,2466,-4,2462,2580,2025-09-21T09:20:19Z
Xiliov,FVkEaIBB,TRUE,bullet,White,black,0,2471,-5,2466,2493,2025-09-20T23:23:27Z
Xiliov,6SSTgaiB,TRUE,bullet,Black,NA,0.5,2471,0,2471,2493,2025-09-20T23:22:14Z
Xiliov,7bIruDgB,TRUE,bullet,White,white,1,2464,7,2471,2499,2025-09-20T23:21:46Z
Xiliov,i8AJD999,TRUE,bullet,Black,white,0,2470,-6,2464,2494,2025-09-20T23:20:32Z
Xiliov,1i5ctW4L,TRUE,bullet,White,white,1,2461,9,2470,2641,2025-09-20T23:14:48Z
Xiliov,4ulv5CMt,TRUE,bullet,White,white,1,2452,9,2461,2592,2025-09-20T23:08:41Z
Xiliov,irEzkeB3,TRUE,bullet,White,black,0,2462,-10,2452,2228,2025-09-20T20:37:01Z
Xiliov,GtXecwZP,TRUE,bullet,Black,white,0,2468,-6,2462,2446,2025-09-19T12:22:22Z
Xiliov,EmaFOOKa,TRUE,bullet,White,black,0,2473,-5,2468,2558,2025-09-17T16:59:38Z
Xiliov,aHrcMEme,TRUE,bullet,Black,white,0,2477,-4,2473,2563,2025-09-16T19:54:16Z
Litke76,qHaKMu0M,TRUE,blitz,Black,black,1,2475,5,2480,2389,2025-10-15T19:56:55Z
Litke76,Hge7Bvzl,TRUE,blitz,White,white,1,2470,5,2475,2439,2025-10-15T19:53:25Z
Litke76,dJybqre5,TRUE,blitz,White,black,0,2476,-6,2470,2486,2025-10-15T19:48:05Z
Litke76,OgsnaJqt,TRUE,blitz,White,black,0,2481,-5,2476,2511,2025-10-15T19:42:06Z
Litke76,gmK4nqfy,TRUE,blitz,Black,black,1,2474,7,2481,2519,2025-10-15T19:35:41Z
Litke76,FUbv68ZN,TRUE,blitz,Black,white,0,2480,-6,2474,2466,2025-10-15T19:30:22Z
Litke76,WP4qa4DS,TRUE,blitz,Black,white,0,2488,-8,2480,2385,2025-10-15T19:26:49Z
Litke76,1twwhICM,TRUE,blitz,Black,black,1,2483,5,2488,2380,2025-10-15T19:26:17Z
Litke76,PIXo302P,TRUE,classical,Black,black,1,2388,11,2399,2298,2025-10-15T15:01:46Z
Litke76,PK48Nvc3,TRUE,blitz,White,white,1,2478,5,2483,2459,2025-10-14T18:29:24Z
Litke76,I61xUjnW,TRUE,blitz,White,black,0,2484,-6,2478,2455,2025-10-14T18:23:58Z
Litke76,oPGNx3Vx,TRUE,blitz,Black,white,0,2491,-7,2484,2409,2025-10-12T19:22:04Z
Litke76,I6LO0bb6,TRUE,blitz,Black,black,1,2487,4,2491,2395,2025-10-12T19:15:39Z
Litke76,Zu25lTNp,TRUE,blitz,White,black,0,2495,-8,2487,2378,2025-10-12T19:11:20Z
Litke76,fBRqmvnm,TRUE,blitz,White,white,1,2490,5,2495,2433,2025-10-12T19:05:22Z
Salmon_on_butter,f1hFq8Kl,TRUE,blitz,White,black,0,1796,-6,1790,1798,2025-10-13T15:13:42Z
Salmon_on_butter,0SO4LmFD,TRUE,blitz,Black,white,0,1801,-5,1796,1820,2025-10-13T09:45:34Z
Salmon_on_butter,uOYmDLdS,TRUE,blitz,Black,black,1,1796,5,1801,1759,2025-10-13T09:42:31Z
Salmon_on_butter,bslVcmDY,TRUE,blitz,White,black,0,1802,-6,1796,1800,2025-10-13T09:40:17Z
Salmon_on_butter,QDjl0FbB,TRUE,blitz,Black,white,0,1808,-6,1802,1815,2025-10-12T19:27:33Z
Salmon_on_butter,fbGBgopT,TRUE,blitz,White,black,0,1814,-6,1808,1801,2025-10-12T19:23:43Z
Salmon_on_butter,MlJR17O5,TRUE,blitz,Black,black,1,1809,5,1814,1757,2025-10-12T18:52:33Z
Salmon_on_butter,DaowhQ9s,TRUE,rapid,White,black,0,1766,-17,1749,1597,2025-10-12T16:42:26Z
Salmon_on_butter,9kaEIoAU,TRUE,blitz,Black,white,0,1815,-6,1809,1753,2025-10-12T16:38:37Z
Salmon_on_butter,vLMQwvB3,TRUE,blitz,White,white,1,1809,6,1815,1821,2025-10-12T16:31:50Z
Salmon_on_butter,ZCI9r6lL,TRUE,blitz,White,white,1,1804,5,1809,1797,2025-10-12T16:17:29Z
Salmon_on_butter,yQixoVRO,TRUE,blitz,Black,black,1,1798,6,1804,1793,2025-10-12T11:22:00Z
Salmon_on_butter,bT7CD0yR,TRUE,blitz,White,white,1,1792,6,1798,1799,2025-10-12T11:16:27Z
Salmon_on_butter,B31kPAay,TRUE,blitz,Black,white,0,1798,-6,1792,1793,2025-10-12T11:12:18Z
Salmon_on_butter,NuAeWtWJ,TRUE,blitz,White,white,1,1792,6,1798,1799,2025-10-12T11:08:19Z
pavaobjazevic,aSVD7Sae,TRUE,classical,White,white,1,2291,3,2294,1950,2025-10-11T19:25:08Z
pavaobjazevic,RBV6ZD34,TRUE,classical,Black,NA,0.5,2297,-6,2291,2021,2025-10-05T05:25:45Z
pavaobjazevic,qCAK97qs,TRUE,classical,White,white,1,2295,2,2297,1978,2025-09-27T21:08:02Z
pavaobjazevic,Lsfn0vaw,TRUE,classical,Black,black,1,2292,3,2295,2008,2025-09-27T20:50:59Z
pavaobjazevic,dCgQT01A,TRUE,classical,Black,NA,0.5,2296,-4,2292,2095,2025-09-20T01:18:19Z
pavaobjazevic,hbHw4vjC,TRUE,classical,White,black,0,2307,-11,2296,2209,2025-09-17T23:44:07Z
pavaobjazevic,qT8fM5aH,TRUE,classical,Black,black,1,2304,3,2307,2041,2025-09-13T15:42:10Z
pavaobjazevic,tL8hkRgT,TRUE,classical,White,white,1,2300,4,2304,2055,2025-09-13T02:24:53Z
pavaobjazevic,JyrVtPfT,TRUE,classical,White,white,1,2298,2,2300,1945,2025-09-05T19:20:25Z
pavaobjazevic,bwtDzESB,TRUE,classical,Black,black,1,2294,4,2298,2112,2025-09-04T19:10:14Z
pavaobjazevic,ibaHJfqo,TRUE,classical,White,black,0,2302,-8,2294,2300,2025-09-03T19:07:57Z
pavaobjazevic,mgChwKOf,TRUE,classical,Black,black,1,2300,2,2302,1911,2025-09-02T21:58:04Z
pavaobjazevic,jmcohR8B,TRUE,classical,White,white,1,2298,2,2300,1924,2025-09-01T21:45:23Z
pavaobjazevic,ssoKoVbA,TRUE,classical,Black,black,1,2296,2,2298,1931,2025-08-31T20:06:43Z
pavaobjazevic,65kTGShf,TRUE,classical,Black,black,1,2294,2,2296,1971,2025-08-31T01:30:26Z
se5eimaiekei,G4XLY0Ux,TRUE,classical,Black,black,1,2271,5,2276,2216,2025-10-14T17:39:20Z
se5eimaiekei,fAlvEujU,TRUE,classical,White,black,0,2274,-3,2271,2489,2025-10-14T12:41:22Z
se5eimaiekei,ztdK40jp,TRUE,bullet,Black,white,0,2504,-9,2495,2362,2025-10-13T18:29:27Z
se5eimaiekei,Pgwo4lWe,TRUE,bullet,White,white,1,2498,6,2504,2462,2025-10-13T18:26:32Z
se5eimaiekei,PJwTfAqs,TRUE,bullet,Black,black,1,2493,5,2498,2457,2025-10-12T12:48:17Z
se5eimaiekei,c9UFLdJs,TRUE,bullet,White,black,0,2500,-7,2493,2423,2025-10-12T12:42:53Z
se5eimaiekei,gaU6ljwc,TRUE,bullet,White,white,1,2494,6,2500,2494,2025-10-12T12:42:18Z
se5eimaiekei,0OHGJons,TRUE,bullet,Black,white,0,2500,-6,2494,2483,2025-10-12T12:40:32Z
se5eimaiekei,kZY3DxIS,TRUE,blitz,White,black,0,2412,-5,2407,2403,2025-10-07T14:41:46Z
se5eimaiekei,aHJhsVRT,TRUE,blitz,Black,white,0,2418,-6,2412,2403,2025-10-07T14:36:14Z
se5eimaiekei,d4iUGEZM,TRUE,blitz,White,black,0,2423,-5,2418,2513,2025-10-07T14:29:57Z
se5eimaiekei,53aC3Zty,TRUE,blitz,Black,white,0,2429,-6,2423,2366,2025-10-07T14:24:45Z
se5eimaiekei,NrZ3huS6,TRUE,bullet,White,black,0,2505,-5,2500,2581,2025-10-07T14:12:40Z
se5eimaiekei,mhloPIYt,TRUE,bullet,White,black,0,2512,-7,2505,2464,2025-10-07T14:10:59Z
se5eimaiekei,DapE6ndB,TRUE,classical,White,white,1,2269,5,2274,2210,2025-10-07T12:49:34Z
BlixLT,NyKUU7hz,TRUE,blitz,White,white,1,2316,0,2316,1845,2025-10-15T14:24:38Z
BlixLT,vhqjKRBY,TRUE,bullet,Black,black,1,2596,8,2604,2594,2025-10-15T08:35:59Z
BlixLT,ST8Qp4Mp,TRUE,bullet,White,white,1,2589,7,2596,2581,2025-10-15T08:35:01Z
BlixLT,ChQ1HIr2,TRUE,bullet,Black,white,0,2596,-7,2589,2621,2025-10-15T08:32:52Z
BlixLT,LSFCt3tu,TRUE,bullet,Black,black,1,2587,9,2596,2623,2025-10-15T08:30:30Z
BlixLT,aoRRXqni,TRUE,bullet,White,white,1,2581,6,2587,2515,2025-10-15T08:28:57Z
BlixLT,DbsKslr8,TRUE,bullet,Black,white,0,2592,-11,2581,2451,2025-10-15T08:26:50Z
BlixLT,qJZui822,TRUE,bullet,White,black,0,2601,-9,2592,2574,2025-10-15T08:25:10Z
BlixLT,LJ7ZAZq6,TRUE,bullet,White,NA,0.5,2603,-2,2601,2524,2025-10-15T08:22:39Z
BlixLT,GQXYsWQf,TRUE,bullet,Black,white,0,2610,-7,2603,2668,2025-10-15T08:20:11Z
BlixLT,SB8LS68o,TRUE,bullet,White,black,0,2619,-9,2610,2634,2025-10-15T08:17:40Z
BlixLT,5KIL7C5b,TRUE,bullet,Black,white,0,2627,-8,2619,2661,2025-10-15T08:16:11Z
BlixLT,yP49qihY,TRUE,bullet,White,white,1,2619,8,2627,2554,2025-10-15T08:14:02Z
BlixLT,jcbYTyGZ,TRUE,bullet,Black,white,0,2631,-12,2619,2549,2025-10-15T08:12:06Z
BlixLT,yNr0vhXC,TRUE,bullet,Black,white,0,2641,-10,2631,2658,2025-10-15T08:10:56Z
fireatash,IZawkuye,TRUE,bullet,Black,white,0,2576,-10,2566,2263,2025-10-15T10:42:20Z
fireatash,5zcDyrtg,TRUE,bullet,White,white,1,2574,2,2576,2265,2025-10-15T10:41:31Z
fireatash,C4g7V5Js,TRUE,bullet,Black,white,0,2581,-7,2574,2516,2025-10-15T10:38:37Z
fireatash,Xqo8bfJq,TRUE,bullet,White,black,0,2589,-8,2581,2409,2025-10-15T10:37:10Z
fireatash,AloeofJ0,TRUE,bullet,Black,NA,0.5,2591,-2,2589,2509,2025-10-15T10:34:29Z
fireatash,k5s7ww9v,TRUE,bullet,White,white,1,2585,6,2591,2579,2025-10-15T10:31:57Z
fireatash,wZliDEfo,TRUE,bullet,Black,white,0,2592,-7,2585,2501,2025-10-15T10:31:10Z
fireatash,r4OeofD4,TRUE,bullet,White,white,1,2589,3,2592,2413,2025-10-15T10:28:20Z
fireatash,O7EeHVIf,TRUE,bullet,Black,white,0,2596,-7,2589,2511,2025-10-15T10:25:47Z
fireatash,P78jkJfv,TRUE,bullet,Black,black,1,2591,5,2596,2525,2025-10-15T10:24:02Z
fireatash,WsnAnxoS,TRUE,bullet,White,white,1,2586,5,2591,2584,2025-10-15T10:22:44Z
fireatash,YFTbIRFp,TRUE,bullet,White,white,1,2580,6,2586,2590,2025-10-15T10:20:21Z
fireatash,shh0Hv1i,TRUE,bullet,Black,NA,0.5,2580,0,2580,2590,2025-10-15T10:17:57Z
fireatash,GO65bawZ,TRUE,bullet,White,NA,0.5,2579,1,2580,2590,2025-10-15T10:15:28Z
fireatash,JjVrtLfS,TRUE,bullet,Black,black,1,2576,3,2579,2438,2025-10-15T10:13:45Z
Rexfex,EeOQfa0J,TRUE,rapid,White,white,1,2194,16,2210,1967,2025-10-09T22:06:35Z
Rexfex,Trp7qAUR,TRUE,rapid,Black,black,1,2149,45,2194,2194,2025-10-09T22:04:50Z
Rexfex,BdCtb09u,TRUE,blitz,Black,black,1,2155,12,2167,2101,2025-09-10T13:56:00Z
Rexfex,bUbpVfWI,TRUE,blitz,White,white,1,2139,16,2155,2160,2025-09-10T10:26:27Z
Rexfex,Px0oylni,TRUE,bullet,White,white,1,2235,9,2244,2214,2025-08-09T23:58:30Z
Rexfex,n96ndLqB,TRUE,bullet,White,white,1,2229,6,2235,2226,2025-07-11T22:56:20Z
Rexfex,YIoTUNWv,TRUE,blitz,White,black,0,2151,-12,2139,1867,2025-07-11T22:29:51Z
Rexfex,L4jyTHbg,TRUE,blitz,Black,black,1,2151,0,2151,1541,2025-07-11T22:25:41Z
Rexfex,3dEzRres,TRUE,blitz,White,white,1,2150,1,2151,1573,2025-07-11T22:21:05Z
Rexfex,nHRrwDx7,TRUE,blitz,White,white,1,2150,0,2150,1558,2025-07-11T22:09:25Z
Rexfex,HUGr0wHy,TRUE,bullet,White,NA,0.5,2230,-1,2229,2181,2025-07-10T17:37:41Z
Rexfex,MXngb1hd,TRUE,bullet,White,black,0,2237,-7,2230,2186,2025-07-10T17:28:24Z
Rexfex,XXg2pAPX,TRUE,bullet,Black,white,0,2242,-5,2237,2249,2025-07-10T17:09:54Z
Rexfex,t5PAu1UO,TRUE,bullet,Black,white,0,2247,-5,2242,2306,2025-07-09T19:12:44Z
Rexfex,b2UDulGP,TRUE,bullet,White,white,1,2241,6,2247,2248,2025-07-09T14:29:42Z
makeMeCry,hwyNgKTz,TRUE,bullet,Black,white,0,1973,-5,1968,2013,2025-10-15T22:45:55Z
makeMeCry,gkhgnfa5,TRUE,bullet,White,black,0,1978,-5,1973,2055,2025-10-15T22:44:07Z
makeMeCry,Pmh5CSZc,TRUE,bullet,White,black,0,1983,-5,1978,2021,2025-10-15T22:43:04Z
makeMeCry,sI5ZNA1W,TRUE,bullet,White,white,1,1977,6,1983,1966,2025-10-15T21:17:42Z
makeMeCry,BK8WidpF,TRUE,bullet,Black,white,0,1979,-2,1977,2320,2025-10-15T21:15:52Z
makeMeCry,rz5O8HcN,TRUE,bullet,Black,white,0,1981,-2,1979,2222,2025-10-15T21:14:11Z
makeMeCry,MMjBBubV,TRUE,bullet,White,white,1,1976,5,1981,1935,2025-10-15T21:11:15Z
makeMeCry,4XmPS180,TRUE,bullet,White,white,1,1970,6,1976,1955,2025-10-15T20:10:28Z
makeMeCry,dRAF6nKb,TRUE,bullet,White,white,1,1965,5,1970,1928,2025-10-15T20:09:07Z
makeMeCry,BXjuAZ4f,TRUE,bullet,Black,white,0,1971,-6,1965,1946,2025-10-15T20:07:45Z
makeMeCry,J28EFYho,TRUE,bullet,White,black,0,1977,-6,1971,1954,2025-10-15T20:06:29Z
makeMeCry,6p6T8XVK,TRUE,bullet,Black,black,1,1972,5,1977,1960,2025-10-15T20:05:14Z
makeMeCry,pv1jOVJh,TRUE,bullet,White,white,1,1966,6,1972,1965,2025-10-15T20:04:09Z
makeMeCry,begvnpw9,TRUE,bullet,Black,white,0,1972,-6,1966,1959,2025-10-15T20:02:48Z
makeMeCry,oJtLavD0,TRUE,bullet,Black,white,0,1977,-5,1972,2046,2025-10-15T20:01:07Z
CaparoT1,41ZDvRoo,TRUE,bullet,White,black,0,2644,-9,2635,2407,2025-10-12T05:55:35Z
CaparoT1,Bi55qYdr,TRUE,bullet,Black,black,1,2640,4,2644,2533,2025-10-12T05:53:16Z
CaparoT1,CVLHc5pm,TRUE,bullet,White,white,1,2640,0,2640,1894,2025-10-12T05:51:03Z
CaparoT1,iAkQNDWm,TRUE,bullet,Black,black,1,2640,0,2640,1999,2025-10-12T05:49:06Z
CaparoT1,OwW8HW8o,TRUE,bullet,White,white,1,2637,3,2640,2412,2025-10-12T05:47:19Z
CaparoT1,ydAqyJXG,TRUE,bullet,Black,black,1,2636,1,2637,2226,2025-10-12T05:45:02Z
CaparoT1,kGtaFSlD,TRUE,bullet,Black,black,1,2636,0,2636,1963,2025-10-12T05:44:04Z
CaparoT1,4mx3HE8o,TRUE,bullet,White,white,1,2636,0,2636,2030,2025-10-12T05:43:07Z
CaparoT1,IL801Ha4,TRUE,bullet,White,white,1,2635,1,2636,2272,2025-10-12T05:40:56Z
CaparoT1,8OCKJND4,TRUE,bullet,Black,black,1,2634,1,2635,1850,2025-10-12T05:39:38Z
CaparoT1,JpNTuMCC,TRUE,bullet,White,white,1,2632,2,2634,2407,2025-10-12T05:37:35Z
CaparoT1,qDBNBCKB,TRUE,bullet,Black,black,1,2630,2,2632,2362,2025-10-12T05:35:46Z
CaparoT1,rez4bCS4,TRUE,bullet,White,white,1,2627,3,2630,2385,2025-10-12T05:34:00Z
CaparoT1,j8VLougi,TRUE,bullet,Black,black,1,2627,0,2627,1109,2025-10-12T05:33:04Z
CaparoT1,Uq0X8fiw,TRUE,bullet,Black,black,1,2627,0,2627,2168,2025-10-12T05:25:29Z
blitzbullet,lDW5XoBT,TRUE,bullet,White,white,1,2895,5,2900,2847,2025-10-14T22:04:13Z
blitzbullet,KlO8JTU3,TRUE,bullet,Black,white,0,2902,-7,2895,2812,2025-10-14T20:25:22Z
blitzbullet,yGPos4Yz,TRUE,bullet,Black,black,1,2896,6,2902,2914,2025-10-14T17:43:21Z
blitzbullet,nltpTDMk,TRUE,bullet,Black,white,0,2900,-4,2896,3014,2025-10-14T17:14:00Z
blitzbullet,VAHaiZ61,TRUE,bullet,White,white,1,2892,8,2900,3069,2025-10-14T16:45:45Z
blitzbullet,nD2qLSur,TRUE,bullet,Black,white,0,2895,-3,2892,3091,2025-10-14T16:26:41Z
blitzbullet,JKyTBKKW,TRUE,bullet,White,white,1,2887,8,2895,2992,2025-10-14T16:25:43Z
blitzbullet,GzSXWu0d,TRUE,bullet,Black,white,0,2896,-9,2887,2673,2025-10-14T15:53:42Z
blitzbullet,5uPJEZWU,TRUE,bullet,Black,white,0,2901,-5,2896,2932,2025-10-14T15:37:34Z
blitzbullet,LgvtsuMQ,TRUE,bullet,White,white,1,2894,7,2901,3015,2025-10-14T15:33:31Z
blitzbullet,KcVkJfFL,TRUE,bullet,White,white,1,2887,7,2894,2962,2025-10-14T15:22:01Z
blitzbullet,KaEkBg6Y,TRUE,bullet,Black,black,1,2880,7,2887,2948,2025-10-14T15:10:16Z
blitzbullet,2b7EKCsG,TRUE,bullet,Black,white,0,2887,-7,2880,2767,2025-10-13T18:39:04Z
blitzbullet,VPJR71sn,TRUE,bullet,White,black,0,2895,-8,2887,2788,2025-10-13T18:27:42Z
blitzbullet,C2ak6z9z,TRUE,bullet,White,black,0,2900,-5,2895,2935,2025-10-13T18:00:42Z
Bryan_Rodriguez10,0V91szDk,TRUE,bullet,Black,white,0,1595,-5,1590,1890,2025-08-25T01:07:40Z
Bryan_Rodriguez10,r84ldWzT,TRUE,bullet,Black,white,0,1597,-2,1595,2069,2025-08-17T23:49:47Z
Bryan_Rodriguez10,aBPXBgcX,TRUE,bullet,Black,white,0,1599,-2,1597,2088,2025-08-14T01:19:56Z
Bryan_Rodriguez10,1zXQx5H2,TRUE,bullet,Black,black,1,1587,12,1599,1499,2025-08-10T22:29:16Z
Bryan_Rodriguez10,UyVQvLq1,TRUE,bullet,White,white,1,1573,14,1587,1488,2025-08-10T22:28:36Z
Bryan_Rodriguez10,eqPmwqeL,TRUE,bullet,Black,white,0,1577,-4,1573,1924,2025-08-07T00:24:50Z
Bryan_Rodriguez10,ZQGHR3Yr,TRUE,bullet,White,white,1,1572,5,1577,1259,2025-08-07T00:19:00Z
Bryan_Rodriguez10,RS1iIzy7,TRUE,bullet,Black,white,0,1572,0,1572,2616,2025-08-02T15:18:43Z
Bryan_Rodriguez10,qqYFRMbU,TRUE,bullet,Black,white,0,1573,-1,1572,2509,2025-08-02T15:17:13Z
Bryan_Rodriguez10,Q2p2YGy0,TRUE,bullet,White,black,0,1578,-5,1573,1903,2025-08-02T15:14:49Z
Bryan_Rodriguez10,zB16tRVD,TRUE,bullet,White,black,0,1582,-4,1578,1914,2025-08-02T07:47:32Z
Bryan_Rodriguez10,GrZRgLry,TRUE,bullet,Black,white,0,1585,-3,1582,2045,2025-08-02T07:45:00Z
Bryan_Rodriguez10,ptMTcjAW,TRUE,bullet,White,black,0,1598,-13,1585,1707,2025-08-02T07:43:54Z
Bryan_Rodriguez10,zLTnTaoT,TRUE,bullet,Black,white,0,1599,-1,1598,2289,2025-08-02T07:42:16Z
Bryan_Rodriguez10,RMfgPw2M,TRUE,bullet,White,black,0,1599,0,1599,2509,2025-08-02T07:40:56Z
Dark_Cast1gator,hfCLCr1Z,TRUE,bullet,White,white,1,3003,1,3004,2496,2025-10-15T18:25:31Z
Dark_Cast1gator,ss86dYU2,TRUE,bullet,White,white,1,3003,0,3003,2394,2025-10-15T18:23:34Z
Dark_Cast1gator,sjQsab9P,TRUE,bullet,White,white,1,3002,1,3003,2557,2025-10-15T18:21:46Z
Dark_Cast1gator,SmKAZnw2,TRUE,bullet,Black,black,1,3002,0,3002,2392,2025-10-15T18:19:53Z
Dark_Cast1gator,47JeSPtw,TRUE,bullet,White,white,1,3002,0,3002,2003,2025-10-15T18:18:23Z
Dark_Cast1gator,XNIfJPnB,TRUE,bullet,Black,black,1,3002,0,3002,1811,2025-10-15T18:16:50Z
Dark_Cast1gator,6q9KAgP7,TRUE,bullet,White,white,1,3001,1,3002,2080,2025-10-15T18:16:12Z
Dark_Cast1gator,2CZQVnSy,TRUE,bullet,Black,black,1,3001,0,3001,1449,2025-10-15T18:14:28Z
Dark_Cast1gator,YysaIWNS,TRUE,blitz,Black,white,0,2514,-9,2505,2329,2025-10-15T18:09:42Z
Dark_Cast1gator,ObQrPSgr,TRUE,blitz,White,white,1,2513,1,2514,1957,2025-10-15T18:07:02Z
Dark_Cast1gator,jSbOx5Us,TRUE,blitz,Black,white,0,2524,-11,2513,1938,2025-10-15T18:03:10Z
Dark_Cast1gator,jisOFMzC,TRUE,blitz,White,black,0,2535,-11,2524,2128,2025-10-15T17:59:13Z
Dark_Cast1gator,Y1NUGZEI,TRUE,blitz,White,white,1,2534,1,2535,2134,2025-10-15T17:56:15Z
Dark_Cast1gator,jZtAchkb,TRUE,blitz,Black,black,1,2534,0,2534,1511,2025-10-15T17:54:07Z
Dark_Cast1gator,dqOJHLaW,TRUE,blitz,White,white,1,2533,1,2534,1937,2025-10-15T17:51:59Z
stinkypotato,QEnSq9oT,TRUE,blitz,White,black,0,1886,-9,1877,1844,2025-10-15T21:42:48Z
stinkypotato,jl5hFjS5,TRUE,blitz,Black,black,1,1878,8,1886,1896,2025-10-15T21:32:22Z
stinkypotato,h0HHr0Tr,TRUE,blitz,White,white,1,1870,8,1878,1850,2025-10-15T21:23:33Z
stinkypotato,IidOTntR,TRUE,blitz,Black,black,1,1863,7,1870,1815,2025-10-15T21:17:39Z
stinkypotato,nTj4sixw,TRUE,rapid,White,white,1,2058,5,2063,1961,2025-10-12T17:14:45Z
stinkypotato,2e27c0AX,TRUE,bullet,Black,white,0,2055,-8,2047,1937,2025-10-12T03:06:41Z
stinkypotato,fyAUZvNA,TRUE,bullet,Black,white,0,2060,-5,2055,2085,2025-10-12T03:04:43Z
stinkypotato,RChazIBn,TRUE,bullet,White,white,1,2052,8,2060,2209,2025-10-12T03:03:04Z
stinkypotato,3sju2HFd,TRUE,bullet,White,white,1,2047,5,2052,1998,2025-10-12T03:00:42Z
stinkypotato,fn7c9T7n,TRUE,bullet,White,black,0,2052,-5,2047,2068,2025-10-12T02:58:21Z
stinkypotato,cwK6pLJt,TRUE,bullet,Black,white,0,2059,-7,2052,2018,2025-10-10T11:33:19Z
stinkypotato,aEnV7c6L,TRUE,bullet,Black,black,1,2053,6,2059,2038,2025-10-10T03:06:37Z
stinkypotato,689AYpu8,TRUE,bullet,White,white,1,2048,5,2053,2027,2025-10-10T03:04:16Z
stinkypotato,TUGVekIf,TRUE,bullet,Black,black,1,2043,5,2048,1983,2025-10-10T03:01:59Z
stinkypotato,SPbpif0f,TRUE,bullet,Black,NA,0.5,2043,0,2043,2023,2025-10-10T02:59:33Z
mysterious_expert,ZTPnsv4R,TRUE,blitz,White,black,0,2780,-24,2756,2572,2025-10-11T19:34:10Z
mysterious_expert,FMXI5JUP,TRUE,blitz,Black,white,0,2808,-28,2780,2391,2025-10-11T19:30:30Z
mysterious_expert,PwQO9wZL,TRUE,blitz,White,NA,0.5,2816,-8,2808,2627,2025-10-11T19:26:45Z
mysterious_expert,lFqxHmR5,TRUE,blitz,Black,black,1,2808,8,2816,2614,2025-10-11T19:23:59Z
mysterious_expert,yTSfYIkJ,TRUE,blitz,Black,white,0,2820,-12,2808,2925,2025-10-11T19:19:26Z
mysterious_expert,4LaVNPVD,TRUE,blitz,Black,black,1,2811,9,2820,2627,2025-10-11T19:17:34Z
mysterious_expert,muvGguyc,TRUE,blitz,White,white,1,2794,17,2811,2764,2025-10-11T19:12:28Z
mysterious_expert,zH5uUGUe,TRUE,blitz,White,white,1,2771,23,2794,2832,2025-10-11T19:08:55Z
mysterious_expert,MIDEfJiJ,TRUE,blitz,Black,white,0,2810,-39,2771,2314,2025-10-11T19:06:03Z
mysterious_expert,ldMqV5Xa,TRUE,blitz,White,white,1,2800,10,2810,2589,2025-10-11T19:04:22Z
mysterious_expert,EAGKrdUj,TRUE,blitz,Black,black,1,2796,4,2800,2387,2025-10-11T19:01:25Z
mysterious_expert,xe345r6F,TRUE,blitz,White,NA,0.5,2796,0,2796,2806,2025-10-11T19:00:01Z
mysterious_expert,VbVqZWu6,TRUE,bullet,White,white,1,3010,14,3024,3203,2025-08-22T23:40:45Z
mysterious_expert,tHaqf5S3,TRUE,bullet,Black,white,0,3015,-5,3010,3200,2025-08-22T23:39:30Z
mysterious_expert,QYTkCs9z,TRUE,bullet,White,black,0,3020,-5,3015,3197,2025-08-22T23:38:16Z
TAFKABacchus,Icp6S0a6,TRUE,blitz,Black,black,1,1618,6,1624,1507,2025-09-25T16:04:09Z
TAFKABacchus,YTJWLPOy,TRUE,blitz,White,white,1,1609,9,1618,1653,2025-09-24T14:01:16Z
TAFKABacchus,3UC4BImp,TRUE,blitz,White,white,1,1601,8,1609,1613,2025-09-24T13:44:59Z
TAFKABacchus,Ec7ZzTiH,TRUE,blitz,White,NA,0.5,1602,-1,1601,1555,2025-09-24T13:27:35Z
TAFKABacchus,w3PR2qvu,TRUE,blitz,Black,white,0,1609,-7,1602,1691,2025-09-24T13:15:42Z
TAFKABacchus,p8oba7VO,TRUE,blitz,White,white,1,1590,10,1600,1644,2025-09-24T13:08:28Z
TAFKABacchus,xNvKrj1k,TRUE,blitz,Black,black,1,1590,9,1599,1574,2025-09-24T12:57:25Z
TAFKABacchus,AAaeX7dx,TRUE,blitz,Black,white,0,1599,-9,1590,1598,2025-09-24T12:52:32Z
TAFKABacchus,1rbkItZk,TRUE,blitz,White,black,0,1609,-10,1599,1592,2025-09-24T12:47:44Z
TAFKABacchus,h5QAXhsU,TRUE,blitz,Black,black,1,1601,8,1609,1567,2025-09-24T12:27:55Z
TAFKABacchus,m4B4OxSy,TRUE,blitz,White,black,0,1611,-10,1601,1608,2025-09-24T12:14:39Z
TAFKABacchus,M8MmWkCQ,TRUE,blitz,White,white,1,1601,10,1611,1595,2025-09-22T14:46:19Z
TAFKABacchus,ClA7jbhz,TRUE,blitz,White,black,0,1612,-11,1601,1583,2025-09-22T14:42:22Z
TAFKABacchus,lPE1kZ6v,TRUE,blitz,Black,black,1,1603,9,1612,1529,2025-09-22T14:30:20Z
TAFKABacchus,kSgJrB6D,TRUE,blitz,Black,white,0,1615,-12,1603,1578,2025-09-22T14:28:57Z
samaman123,ekpccE2u,TRUE,bullet,Black,white,0,2681,-9,2672,2511,2025-10-15T17:53:34Z
samaman123,wr0vdXcK,TRUE,bullet,White,white,1,2680,1,2681,1962,2025-10-15T17:52:22Z
samaman123,zB7CY8vd,TRUE,bullet,Black,black,1,2680,0,2680,1962,2025-10-15T17:51:20Z
samaman123,y2d8KnEJ,TRUE,bullet,White,black,0,2687,-7,2680,2615,2025-10-15T17:50:06Z
samaman123,MTIA0xIm,TRUE,bullet,Black,white,0,2693,-6,2687,2678,2025-10-15T17:38:30Z
samaman123,8HdoKOd6,TRUE,bullet,White,white,1,2691,2,2693,2422,2025-10-15T08:27:14Z
samaman123,ASQlUhqF,TRUE,bullet,Black,white,0,2697,-6,2691,2657,2025-10-14T21:00:26Z
samaman123,AyqTF5ao,TRUE,bullet,White,NA,0.5,2700,-3,2697,2550,2025-10-14T20:23:23Z
samaman123,35qBNSr6,TRUE,bullet,Black,black,1,2695,5,2700,2636,2025-10-14T20:04:59Z
samaman123,oH6iiRyu,TRUE,bullet,Black,black,1,2690,5,2695,2614,2025-10-14T20:01:59Z
samaman123,xrVwpbyE,TRUE,bullet,White,black,0,2698,-8,2690,2556,2025-10-14T18:56:57Z
samaman123,KDW1Iogc,TRUE,bullet,Black,white,0,2705,-7,2698,2605,2025-10-14T18:53:21Z
samaman123,LddqUyoI,TRUE,bullet,White,black,0,2716,-11,2705,2261,2025-10-14T18:25:23Z
samaman123,c1TPC6Xl,TRUE,bullet,Black,black,1,2715,1,2716,2262,2025-10-14T18:24:13Z
samaman123,1WmciD0u,TRUE,bullet,White,white,1,2714,1,2715,2263,2025-10-14T18:23:20Z
wizard1983,a8JqcC5e,TRUE,classical,White,white,1,2228,3,2231,1701,2025-10-11T18:01:51Z
wizard1983,5KF85u3I,TRUE,classical,Black,NA,0.5,2241,-13,2228,1925,2025-10-03T22:27:33Z
wizard1983,zzxtmEyc,TRUE,rapid,Black,black,1,2329,1,2330,1660,2025-09-25T23:07:58Z
wizard1983,xnf7BCuk,TRUE,rapid,White,black,0,2341,-12,2329,2417,2025-09-25T22:45:28Z
wizard1983,XOMcs2kO,TRUE,rapid,Black,black,1,2341,0,2341,880,2025-09-25T22:21:09Z
wizard1983,LJqJvZ9Y,TRUE,rapid,White,white,1,2341,0,2341,1514,2025-09-25T22:00:00Z
wizard1983,5uaomoa5,TRUE,bullet,White,white,1,2378,4,2382,1973,2025-09-11T14:55:10Z
wizard1983,iiFyQF6U,TRUE,bullet,Black,black,1,2351,27,2378,2380,2025-09-11T14:52:49Z
wizard1983,StjZOPl5,TRUE,bullet,White,black,0,2378,-27,2351,2371,2025-09-11T14:48:32Z
wizard1983,Z7F2WVo6,TRUE,classical,White,white,1,2239,2,2241,1728,2025-08-27T23:43:19Z
wizard1983,f9EZQnnb,TRUE,classical,Black,black,1,2238,1,2239,1479,2025-08-27T22:49:01Z
wizard1983,5z38gAfX,TRUE,classical,White,white,1,2238,0,2238,1462,2025-08-27T22:00:00Z
wizard1983,qbo9ydV4,TRUE,classical,Black,black,1,2232,6,2238,2063,2025-08-10T22:00:00Z
wizard1983,URuefe8x,TRUE,classical,White,white,1,2230,2,2232,1694,2025-08-10T20:40:00Z
wizard1983,E6gn5MJ0,TRUE,classical,Black,white,0,2248,-18,2230,2011,2025-08-10T19:20:00Z
BigDog2008,VRP6tCiS,TRUE,blitz,White,white,1,2386,3,2389,2238,2025-10-12T19:37:36Z
BigDog2008,2yuHm1cp,TRUE,blitz,Black,white,0,2396,-10,2386,2114,2025-10-12T18:52:53Z
BigDog2008,RzNyz5tg,TRUE,blitz,White,white,1,2395,1,2396,1924,2025-10-12T18:47:27Z
BigDog2008,kLp9ugHw,TRUE,blitz,Black,white,0,2405,-10,2395,2070,2025-10-12T18:42:05Z
BigDog2008,hTLEiaak,TRUE,blitz,White,white,1,2404,1,2405,1764,2025-10-12T18:39:37Z
BigDog2008,dqW0eoyq,TRUE,blitz,Black,black,1,2402,2,2404,2165,2025-10-12T18:35:28Z
BigDog2008,d7G9kcBj,TRUE,blitz,White,white,1,2398,4,2402,2281,2025-10-12T18:28:55Z
BigDog2008,Uhjhp5iq,TRUE,blitz,Black,white,0,2406,-8,2398,2248,2025-10-12T18:25:54Z
BigDog2008,Y0aruGfc,TRUE,blitz,White,black,0,2411,-5,2406,2484,2025-10-12T18:21:42Z
BigDog2008,z6ZStRHK,TRUE,blitz,Black,black,1,2408,3,2411,2247,2025-10-12T18:18:00Z
BigDog2008,iZwUoLwn,TRUE,blitz,Black,black,1,2401,7,2408,2469,2025-10-12T17:16:22Z
BigDog2008,cQyLWprH,TRUE,blitz,White,black,0,2407,-6,2401,2403,2025-10-12T17:10:24Z
BigDog2008,mDLeAx3O,TRUE,blitz,White,black,0,2412,-5,2407,2436,2025-10-12T17:06:55Z
BigDog2008,gZXmS93o,TRUE,blitz,White,white,1,2410,2,2412,2163,2025-10-12T17:01:29Z
BigDog2008,Quolx9To,TRUE,classical,Black,black,1,2276,3,2279,1863,2025-10-10T16:17:30Z
JonkNed,c3C5p007,TRUE,bullet,White,black,0,2344,-5,2339,2381,2025-10-15T11:55:00Z
JonkNed,kXHDTbUF,TRUE,bullet,Black,black,1,2342,2,2344,2074,2025-10-15T11:52:48Z
JonkNed,mQVIjRrM,TRUE,bullet,White,black,0,2350,-8,2342,2163,2025-10-15T11:50:38Z
JonkNed,uEodAdsi,TRUE,bullet,Black,black,1,2346,4,2350,2270,2025-10-15T11:49:06Z
JonkNed,YbHqwfjB,TRUE,bullet,Black,black,1,2343,3,2346,2136,2025-10-15T11:46:54Z
JonkNed,Xw4jct1t,TRUE,bullet,White,white,1,2339,4,2343,2180,2025-10-15T11:44:46Z
JonkNed,AL7aoEQH,TRUE,bullet,White,white,1,2339,0,2339,1757,2025-10-15T11:42:55Z
JonkNed,ZGFfwu74,TRUE,bullet,Black,white,0,2347,-8,2339,2183,2025-10-15T11:40:22Z
JonkNed,ZDkoWciy,TRUE,bullet,White,white,1,2347,0,2347,1456,2025-10-15T11:38:27Z
JonkNed,lEm8PW2o,TRUE,bullet,Black,black,1,2347,0,2347,1802,2025-10-15T11:36:15Z
JonkNed,xYFUlYJw,TRUE,bullet,White,white,1,2346,1,2347,1954,2025-10-15T11:33:41Z
JonkNed,X7Z19hf5,TRUE,bullet,Black,white,0,2349,-3,2346,2479,2025-10-14T20:15:05Z
JonkNed,mkAvYx2R,TRUE,bullet,White,white,1,2348,1,2349,1887,2025-10-14T20:14:13Z
JonkNed,62kmIuZ2,TRUE,bullet,Black,black,1,2347,1,2348,2023,2025-10-14T20:12:18Z
JonkNed,Nifdp2i9,TRUE,bullet,White,black,0,2351,-4,2347,2463,2025-10-14T20:10:12Z
papatry,x2t7MADs,TRUE,blitz,Black,black,1,2264,9,2273,2241,2025-10-14T19:45:51Z
papatry,SFetimKf,TRUE,blitz,White,white,1,2256,8,2264,2250,2025-10-14T19:39:18Z
papatry,RdofCGG9,TRUE,bullet,Black,white,0,2411,-6,2405,2388,2025-10-14T19:36:57Z
papatry,rNenwDAO,TRUE,bullet,White,black,0,2419,-8,2411,2280,2025-10-13T23:15:07Z
papatry,iIxVXjG9,TRUE,bullet,White,white,1,2413,6,2419,2412,2025-10-13T22:05:26Z
papatry,LNKsmxsS,TRUE,bullet,Black,NA,0.5,2413,0,2413,2410,2025-10-13T21:37:42Z
papatry,6QNhMWJq,TRUE,bullet,Black,white,0,2419,-6,2413,2390,2025-10-13T00:51:55Z
papatry,TX2tLmWM,TRUE,bullet,White,black,0,2424,-5,2419,2511,2025-10-12T23:37:06Z
papatry,YcVg586w,TRUE,bullet,Black,black,1,2416,8,2424,2520,2025-10-12T23:34:00Z
papatry,pHxWhlXT,TRUE,bullet,White,white,1,2411,5,2416,2381,2025-10-12T20:03:28Z
papatry,k9GXa80J,TRUE,bullet,Black,white,0,2418,-7,2411,2340,2025-10-12T20:01:21Z
papatry,fziu0mHH,TRUE,bullet,Black,white,0,2424,-6,2418,2368,2025-10-12T18:54:57Z
papatry,M34HoONH,TRUE,bullet,White,white,1,2419,5,2424,2421,2025-10-12T18:17:24Z
papatry,F6C3qfaa,TRUE,bullet,White,white,1,2413,6,2419,2395,2025-10-12T18:16:52Z
papatry,1MN3YoBo,TRUE,bullet,White,white,1,2407,6,2413,2419,2025-10-12T18:15:02Z
uzkuzk,OlC5Igy2,TRUE,classical,White,white,1,2446,2,2448,2235,2025-10-16T02:37:26Z
uzkuzk,iOLYXk72,TRUE,classical,White,white,1,2443,3,2446,2188,2025-10-16T01:21:30Z
uzkuzk,twBs58uf,TRUE,classical,Black,NA,0.5,2447,-4,2443,2161,2025-10-15T17:14:17Z
uzkuzk,HGd0cdFS,TRUE,classical,White,white,1,2445,2,2447,2164,2025-10-15T16:22:43Z
uzkuzk,8zCrDIkw,TRUE,classical,Black,black,1,2438,7,2445,2508,2025-10-14T22:04:50Z
uzkuzk,hl60IGUf,TRUE,classical,Black,black,1,2436,2,2438,2231,2025-10-14T20:54:02Z
uzkuzk,OKUiMYtv,TRUE,classical,Black,black,1,2434,2,2436,2157,2025-10-14T19:27:49Z
uzkuzk,ku2ZHw5n,TRUE,classical,White,white,1,2432,2,2434,2135,2025-10-14T18:49:58Z
uzkuzk,nYlegj6w,TRUE,classical,White,white,1,2430,2,2432,2165,2025-10-14T17:01:51Z
uzkuzk,YlhRfbYH,TRUE,classical,Black,black,1,2427,3,2430,2179,2025-10-14T04:07:24Z
uzkuzk,SYZltayo,TRUE,classical,White,white,1,2425,2,2427,2183,2025-10-14T03:29:33Z
uzkuzk,5B3RpqYb,TRUE,classical,White,black,0,2431,-6,2425,2405,2025-10-12T19:06:10Z
uzkuzk,yFgm6uuA,TRUE,classical,Black,white,0,2437,-6,2431,2392,2025-10-12T18:15:23Z
uzkuzk,8BMSM1pt,TRUE,classical,White,white,1,2435,2,2437,2160,2025-10-12T03:29:53Z
uzkuzk,Ml53xwL3,TRUE,classical,Black,black,1,2434,1,2435,2139,2025-10-12T02:09:25Z
IsaacGarcia,lCncMNAS,TRUE,blitz,Black,black,1,2597,8,2605,2602,2025-09-18T18:49:43Z
IsaacGarcia,mh8xhDXG,TRUE,blitz,White,white,1,2589,8,2597,2620,2025-09-18T18:42:53Z
IsaacGarcia,qZsxArkX,TRUE,blitz,Black,black,1,2581,8,2589,2591,2025-09-18T18:37:06Z
IsaacGarcia,0pkX6Xmw,TRUE,blitz,White,black,0,2588,-7,2581,2594,2025-09-10T19:00:03Z
IsaacGarcia,daLhZy9z,TRUE,blitz,White,NA,0.5,2587,1,2588,2652,2025-09-10T18:50:44Z
IsaacGarcia,DHxY9KJy,TRUE,blitz,Black,black,1,2579,8,2587,2595,2025-09-10T18:45:40Z
IsaacGarcia,6c1ep7Ne,TRUE,blitz,Black,black,1,2572,7,2579,2501,2025-09-10T18:41:28Z
IsaacGarcia,aKIyuWD4,TRUE,blitz,White,white,1,2565,7,2572,2537,2025-09-10T18:34:56Z
IsaacGarcia,UeSvXQoR,TRUE,blitz,Black,white,0,2565,-6,2559,2576,2025-08-09T04:52:32Z
IsaacGarcia,4c7uH1T4,TRUE,blitz,Black,NA,0.5,2562,3,2565,2728,2025-08-09T04:46:50Z
IsaacGarcia,7niBVfoL,TRUE,blitz,Black,white,0,2570,-8,2562,2471,2025-08-07T05:08:45Z
IsaacGarcia,XUM3Gb8I,TRUE,blitz,White,black,0,2580,-10,2570,2405,2025-08-06T18:05:13Z
IsaacGarcia,APvT2Ruu,TRUE,blitz,Black,white,0,2587,-7,2580,2558,2025-08-05T19:19:53Z
IsaacGarcia,1dteyP2g,TRUE,blitz,Black,black,1,2582,5,2587,2471,2025-08-05T19:14:09Z
IsaacGarcia,UYiXcOtd,TRUE,blitz,White,white,1,2574,8,2582,2652,2025-08-03T15:45:42Z
Ardavan74,Ezdk6GpP,TRUE,blitz,White,black,0,2037,-15,2022,1946,2025-10-11T15:14:14Z
Ardavan74,X7NbdQgt,TRUE,bullet,Black,white,0,2340,-6,2334,2313,2025-09-26T21:52:40Z
Ardavan74,CmVyZQ6b,TRUE,bullet,White,NA,0.5,2341,-1,2340,2312,2025-09-26T21:50:30Z
Ardavan74,Eg468Zvu,TRUE,bullet,Black,black,1,2335,6,2341,2318,2025-09-26T21:48:28Z
Ardavan74,Kj40lsWu,TRUE,bullet,White,black,0,2341,-6,2335,2311,2025-09-26T21:47:39Z
Ardavan74,shsmU7kL,TRUE,bullet,Black,black,1,2336,5,2341,2317,2025-09-26T21:45:32Z
Ardavan74,HPHwTOgP,TRUE,bullet,White,white,1,2330,6,2336,2322,2025-09-26T21:43:26Z
Ardavan74,7jDFVg7m,TRUE,bullet,Black,white,0,2336,-6,2330,2316,2025-09-26T21:41:16Z
Ardavan74,qKjg5O7C,TRUE,bullet,White,white,1,2330,6,2336,2322,2025-09-26T21:39:18Z
Ardavan74,nAIymEYu,TRUE,bullet,Black,white,0,2337,-7,2330,2316,2025-09-26T21:37:07Z
Ardavan74,PLjDx1h1,TRUE,bullet,White,white,1,2331,6,2337,2321,2025-09-26T21:35:00Z
Ardavan74,mxbe82I2,TRUE,bullet,Black,white,0,2337,-6,2331,2315,2025-09-26T21:33:12Z
Ardavan74,q0A6W9C4,TRUE,bullet,White,white,1,2331,6,2337,2320,2025-09-26T21:31:06Z
Ardavan74,nnyV6XGh,TRUE,bullet,Black,black,1,2326,5,2331,2326,2025-09-26T21:29:49Z
Ardavan74,BBANAHHA,TRUE,bullet,White,white,1,2320,6,2326,2332,2025-09-26T21:28:12Z
kuma0418,ZVvpcIUq,TRUE,bullet,White,black,0,1599,-10,1589,1626,2025-10-03T14:47:03Z
kuma0418,k3wsNylC,TRUE,bullet,Black,black,1,1588,11,1599,1593,2025-10-03T14:43:48Z
kuma0418,cWMsK77R,TRUE,bullet,White,black,0,1601,-13,1588,1549,2025-10-03T14:41:49Z
kuma0418,Xrd6qoBG,TRUE,bullet,Black,white,0,1612,-11,1601,1608,2025-09-24T10:22:43Z
kuma0418,f1BkdKYU,TRUE,bullet,Black,white,0,1622,-10,1612,1674,2025-09-24T10:18:16Z
kuma0418,2U6YC4NT,TRUE,bullet,White,white,1,1610,12,1622,1594,2025-09-24T10:15:51Z
kuma0418,TxA7cWuy,TRUE,blitz,White,black,0,1565,-48,1517,1556,2025-09-24T10:12:51Z
kuma0418,M6Ol1GLP,TRUE,blitz,Black,white,0,1630,-65,1565,1561,2025-09-24T10:08:41Z
kuma0418,3I7UqMqo,TRUE,blitz,White,white,1,1566,64,1630,1566,2025-09-24T10:07:07Z
kuma0418,WtiG4Xe0,TRUE,bullet,White,black,0,1622,-12,1610,1634,2025-09-19T09:51:25Z
kuma0418,Fssxjv4i,TRUE,bullet,White,black,0,1632,-10,1622,1651,2025-09-07T02:03:32Z
kuma0418,cE2OGaTB,TRUE,bullet,Black,white,0,1644,-12,1632,1647,2025-09-06T05:09:06Z
kuma0418,sSaPQ2ea,TRUE,bullet,White,black,0,1657,-13,1644,1641,2025-09-06T05:04:23Z
kuma0418,LUlQNr04,TRUE,bullet,Black,white,0,1670,-13,1657,1630,2025-08-24T12:34:28Z
kuma0418,jXtAekfK,TRUE,bullet,White,black,0,1682,-12,1670,1694,2025-08-24T12:29:45Z
TAAnderson,ogyJMs7F,TRUE,blitz,White,black,0,2833,-17,2816,2636,2025-10-06T20:18:43Z
TAAnderson,lNYzFDdg,TRUE,blitz,Black,white,0,2849,-16,2833,2673,2025-10-06T20:14:06Z
TAAnderson,u3N4uluU,TRUE,blitz,White,white,1,2843,6,2849,2677,2025-10-06T20:07:36Z
TAAnderson,rHLgZis6,TRUE,blitz,Black,white,0,2858,-15,2843,2693,2025-09-26T19:26:48Z
TAAnderson,Sz2o4g13,TRUE,blitz,White,white,1,2852,6,2858,2696,2025-09-26T19:24:17Z
TAAnderson,nRpYmukx,TRUE,blitz,Black,black,1,2845,7,2852,2700,2025-09-26T19:22:12Z
TAAnderson,9hplmNVa,TRUE,blitz,White,white,1,2837,8,2845,2704,2025-09-26T19:18:20Z
TAAnderson,pZxalCBy,TRUE,blitz,Black,black,1,2829,8,2837,2707,2025-09-26T19:14:13Z
TAAnderson,fkxxUMKi,TRUE,blitz,White,white,1,2820,9,2829,2712,2025-09-26T19:11:26Z
TAAnderson,7IThBlYF,TRUE,blitz,Black,white,0,2838,-18,2820,2703,2025-09-26T19:08:35Z
TAAnderson,mg0B52O7,TRUE,blitz,White,white,1,2829,9,2838,2707,2025-09-26T19:03:27Z
TAAnderson,eHMmnkTK,TRUE,blitz,Black,black,1,2819,10,2829,2712,2025-09-26T18:59:48Z
TAAnderson,Lcx80fcn,TRUE,blitz,White,white,1,2812,7,2819,2622,2025-09-26T18:39:26Z
TAAnderson,lkkna19t,TRUE,bullet,White,white,1,2897,5,2902,2769,2025-09-06T16:15:08Z
TAAnderson,S9hQGaMm,TRUE,bullet,White,white,1,2887,10,2897,2960,2025-09-06T16:12:30Z
TolyaStarina0991,xHvdnX5d,TRUE,blitz,Black,black,1,1250,16,1266,1256,2025-08-17T13:20:54Z
TolyaStarina0991,FqS3BO0e,TRUE,blitz,White,black,0,1265,-15,1250,1286,2025-08-17T13:16:48Z
TolyaStarina0991,7TMN8yiy,TRUE,blitz,White,white,1,1249,16,1265,1241,2025-08-13T09:00:46Z
TolyaStarina0991,V38UJsY3,TRUE,blitz,White,white,1,1234,15,1249,1232,2025-07-25T13:52:05Z
TolyaStarina0991,DmZ9yRm3,TRUE,blitz,White,white,1,1217,17,1234,1255,2025-07-25T13:37:53Z
TolyaStarina0991,7hueJyUw,TRUE,blitz,White,black,0,1225,-8,1217,1225,2025-05-30T09:40:28Z
TolyaStarina0991,Iqa5pZGG,TRUE,blitz,White,black,0,1232,-7,1225,1244,2025-05-30T09:40:00Z
TolyaStarina0991,YW0DFgHF,TRUE,blitz,White,black,0,1242,-10,1232,1174,2025-05-29T09:56:39Z
TolyaStarina0991,VPdWuKR8,TRUE,blitz,Black,white,0,1249,-7,1242,1310,2025-05-29T09:12:23Z
TolyaStarina0991,CyNg2iGR,TRUE,blitz,White,black,0,1257,-8,1249,1256,2025-05-29T07:43:32Z
TolyaStarina0991,Nt7IcrkI,TRUE,blitz,Black,white,0,1266,-9,1257,1247,2025-05-29T07:37:30Z
TolyaStarina0991,HXDKdJW6,TRUE,blitz,White,black,0,1276,-10,1266,1241,2025-05-29T07:30:34Z
TolyaStarina0991,Rk9o00nv,TRUE,blitz,Black,black,1,1267,9,1276,1257,2025-05-29T07:18:44Z
TolyaStarina0991,6lwS87Lo,TRUE,blitz,White,white,1,1256,11,1267,1309,2025-05-29T06:03:09Z
TolyaStarina0991,G4TbOiqi,TRUE,blitz,Black,black,1,1245,11,1256,1331,2025-05-29T05:50:38Z
QuCaNi,acNtwQk6,TRUE,rapid,Black,black,1,2653,2,2655,2271,2025-10-10T18:51:51Z
QuCaNi,E8txgHqI,TRUE,rapid,Black,black,1,2653,0,2653,2043,2025-10-10T18:27:47Z
QuCaNi,ik21WcBw,TRUE,rapid,White,white,1,2647,6,2653,2555,2025-10-10T18:05:47Z
QuCaNi,2EfmSGrQ,TRUE,rapid,Black,NA,0.5,2652,-5,2647,2416,2025-10-10T17:48:12Z
QuCaNi,L9i0cNss,TRUE,blitz,Black,black,1,2599,4,2603,2447,2025-10-10T12:27:09Z
QuCaNi,06fBTF6l,TRUE,blitz,White,white,1,2596,3,2599,2450,2025-10-10T12:25:57Z
QuCaNi,2WfHpjjS,TRUE,blitz,Black,black,1,2588,8,2596,2730,2025-10-10T12:19:55Z
QuCaNi,X1uicUFY,TRUE,blitz,White,black,0,2596,-8,2588,2440,2025-10-10T12:12:46Z
QuCaNi,U3lOckIr,TRUE,blitz,Black,black,1,2592,4,2596,2503,2025-10-10T12:03:10Z
QuCaNi,nq7tx9KX,TRUE,blitz,White,black,0,2599,-7,2592,2517,2025-10-10T11:27:58Z
QuCaNi,E3mOXuQb,TRUE,blitz,Black,white,0,2603,-4,2599,2712,2025-10-10T11:21:28Z
QuCaNi,IWeSrW68,TRUE,blitz,White,white,1,2599,4,2603,2449,2025-10-10T11:17:03Z
QuCaNi,gZfTQfyK,TRUE,blitz,White,black,0,2605,-6,2599,2614,2025-10-10T11:10:53Z
QuCaNi,0KZ6KEaI,TRUE,blitz,Black,black,1,2602,3,2605,2392,2025-10-10T11:03:18Z
QuCaNi,7rO9ND3w,TRUE,blitz,Black,NA,0.5,2604,-2,2602,2485,2025-10-10T10:58:32Z
desx,y9pVmSrn,TRUE,blitz,White,white,1,2250,5,2255,2234,2025-10-16T04:05:16Z
desx,JzV7Tnp7,TRUE,blitz,White,white,1,2245,5,2250,2175,2025-10-16T03:32:31Z
desx,o7dO2lQB,TRUE,blitz,White,white,1,2239,6,2245,2255,2025-10-16T03:22:42Z
desx,GHGuWJq5,TRUE,blitz,Black,white,0,2244,-5,2239,2284,2025-10-16T03:11:10Z
desx,cWcFTwkx,TRUE,blitz,Black,white,0,2250,-6,2244,2258,2025-10-16T02:55:15Z
desx,wJEEFazs,TRUE,blitz,Black,white,0,2254,-4,2250,2346,2025-10-16T02:46:22Z
desx,w8XOWa9l,TRUE,blitz,White,white,1,2250,4,2254,2125,2025-10-16T02:22:37Z
desx,5qaj4NqU,TRUE,blitz,White,black,0,2257,-7,2250,2161,2025-10-16T02:07:46Z
desx,FBa2Wdde,TRUE,blitz,Black,black,1,2253,4,2257,2169,2025-10-16T01:49:41Z
desx,CsZEAErG,TRUE,blitz,Black,white,0,2260,-7,2253,2149,2025-10-16T01:27:29Z
desx,d68Kh72Q,TRUE,blitz,White,NA,0.5,2262,-2,2260,2128,2025-10-16T00:29:32Z
desx,uGeIIzWf,TRUE,blitz,White,NA,0.5,2261,1,2262,2323,2025-10-15T21:53:59Z
desx,Yq5kU4ks,TRUE,blitz,Black,black,1,2256,5,2261,2258,2025-10-15T21:50:50Z
desx,s5jTxNmW,TRUE,blitz,White,black,0,2259,-3,2256,2389,2025-10-15T20:17:19Z
desx,kcFj4LPQ,TRUE,blitz,Black,white,0,2264,-5,2259,2326,2025-10-15T20:10:27Z
borntotry,a9H3HlSs,TRUE,blitz,White,black,0,1724,-13,1711,1774,2025-09-28T05:51:50Z
borntotry,hXmFoeOO,TRUE,blitz,Black,white,0,1738,-14,1724,1782,2025-09-28T05:46:41Z
borntotry,JrAW2zHp,TRUE,blitz,White,white,1,1721,17,1738,1725,2025-09-28T05:39:34Z
borntotry,bPwTpvIk,TRUE,blitz,Black,black,1,1704,17,1721,1699,2025-09-28T05:33:40Z
borntotry,HrFQz8k6,TRUE,blitz,Black,black,1,1690,14,1704,1662,2025-08-29T07:46:22Z
borntotry,EtVJ7cgb,TRUE,blitz,White,white,1,1676,14,1690,1655,2025-08-29T07:44:37Z
borntotry,TjU7r3xc,TRUE,blitz,White,white,1,1658,18,1676,1716,2025-08-29T07:35:27Z
borntotry,LvgzTYNX,TRUE,blitz,Black,black,1,1641,17,1658,1662,2025-08-29T07:26:28Z
borntotry,Cvi3i6QE,TRUE,blitz,Black,white,0,1659,-18,1641,1633,2025-08-29T07:21:25Z
borntotry,ETKLbKIQ,TRUE,blitz,Black,white,0,1673,-14,1659,1701,2025-08-08T21:58:02Z
borntotry,LtWchCUO,TRUE,blitz,White,black,0,1688,-15,1673,1694,2025-08-08T21:51:49Z
borntotry,kXZst2T7,TRUE,rapid,Black,white,0,1880,-32,1848,1843,2025-07-09T21:40:44Z
borntotry,3qe3ayP8,TRUE,rapid,White,black,0,1912,-32,1880,1897,2025-07-09T21:13:36Z
borntotry,K3lEUHky,TRUE,blitz,White,white,1,1678,10,1688,1680,2025-06-28T07:41:50Z
borntotry,KH1CMJCR,TRUE,blitz,Black,white,0,1687,-9,1678,1734,2025-06-28T07:36:44Z
turkeysniper,vi3KgSKQ,TRUE,blitz,Black,white,0,2452,-3,2449,2687,2025-09-24T18:36:37Z
turkeysniper,mJzABpxI,TRUE,blitz,White,black,0,2456,-4,2452,2684,2025-09-24T18:30:15Z
turkeysniper,IFPLDZbl,TRUE,blitz,White,black,0,2463,-7,2456,2481,2025-09-20T20:54:58Z
turkeysniper,lLAb2gUk,TRUE,blitz,Black,black,1,2452,11,2463,2602,2025-09-20T20:48:08Z
turkeysniper,ATOjgl62,TRUE,blitz,White,black,0,2462,-10,2452,2358,2025-09-20T20:38:41Z
turkeysniper,9hXJPuve,TRUE,blitz,Black,black,1,2458,4,2462,2284,2025-09-20T20:36:59Z
turkeysniper,LJlPxSMA,TRUE,blitz,White,white,1,2457,1,2458,1971,2025-09-20T20:35:15Z
turkeysniper,zTqq98u4,TRUE,blitz,Black,black,1,2446,11,2457,2512,2025-09-20T20:30:46Z
turkeysniper,CORvxbig,TRUE,blitz,White,white,1,2446,0,2446,1766,2025-09-20T20:30:13Z
turkeysniper,mmn4YvPa,TRUE,blitz,White,white,1,2443,3,2446,2132,2025-09-20T20:25:44Z
turkeysniper,zmqyDl4T,TRUE,blitz,Black,NA,0.5,2439,4,2443,2604,2025-09-20T20:21:46Z
turkeysniper,Q3CV9btd,TRUE,blitz,White,white,1,2433,6,2439,2326,2025-09-20T20:17:47Z
turkeysniper,d5XZiUny,TRUE,blitz,Black,white,0,2437,-4,2433,2656,2025-09-20T20:13:54Z
turkeysniper,KTvtkS5j,TRUE,blitz,Black,black,1,2436,1,2437,1913,2025-09-20T20:10:32Z
turkeysniper,dmTjXxF2,TRUE,blitz,White,black,0,2446,-10,2436,2369,2025-09-07T19:01:26Z
SanthoshAyyappan,HjrCTObk,TRUE,rapid,White,black,0,2419,-6,2413,2443,2025-10-12T23:44:15Z
SanthoshAyyappan,ePSYrsqh,TRUE,blitz,Black,black,1,2331,1,2332,1699,2025-10-12T23:35:57Z
SanthoshAyyappan,1QVi7A7O,TRUE,blitz,White,white,1,2331,0,2331,1799,2025-10-12T23:31:47Z
SanthoshAyyappan,OI2Ign6x,TRUE,blitz,White,white,1,2330,1,2331,1882,2025-10-12T23:26:35Z
SanthoshAyyappan,AFNzQaFa,TRUE,blitz,Black,black,1,2329,1,2330,1995,2025-10-12T23:23:21Z
SanthoshAyyappan,BoPcLbOS,TRUE,blitz,Black,black,1,2327,2,2329,2052,2025-10-12T23:21:48Z
SanthoshAyyappan,55UXGqGR,TRUE,blitz,White,white,1,2323,4,2327,2148,2025-10-12T23:19:02Z
SanthoshAyyappan,jn3Cq6aF,TRUE,blitz,Black,white,0,2333,-10,2323,2069,2025-10-12T23:13:43Z
SanthoshAyyappan,nvZN5Tk0,TRUE,blitz,White,white,1,2331,2,2333,2044,2025-10-12T23:08:41Z
SanthoshAyyappan,jbnUD3qP,TRUE,rapid,Black,NA,0.5,2419,0,2419,2422,2025-10-12T18:11:07Z
SanthoshAyyappan,zuYcTmD2,TRUE,rapid,White,white,1,2413,6,2419,2424,2025-10-12T17:16:07Z
SanthoshAyyappan,iHJ7kzAw,TRUE,blitz,Black,white,0,2334,-3,2331,2526,2025-10-11T19:31:24Z
SanthoshAyyappan,ZRP87qjh,TRUE,blitz,White,white,1,2329,5,2334,2277,2025-10-11T19:25:49Z
SanthoshAyyappan,hmZWAS4x,TRUE,blitz,Black,white,0,2332,-3,2329,2515,2025-10-11T19:21:16Z
SanthoshAyyappan,G3mcf2KX,TRUE,blitz,White,white,1,2330,2,2332,2007,2025-10-11T18:10:14Z
Thecourseoisildur,3kpBlj66,TRUE,blitz,White,NA,0.5,2577,-1,2576,2503,2025-09-25T19:35:00Z
Thecourseoisildur,qZPCAI6M,TRUE,blitz,Black,black,1,2574,3,2577,2378,2025-09-25T19:27:15Z
Thecourseoisildur,mbEKjErG,TRUE,blitz,Black,black,1,2572,2,2574,2222,2025-09-25T19:17:55Z
Thecourseoisildur,4MGcwCWO,TRUE,blitz,White,white,1,2568,4,2572,2458,2025-09-25T19:12:05Z
Thecourseoisildur,I6rpApzP,TRUE,blitz,Black,black,1,2566,2,2568,2256,2025-09-25T19:09:09Z
Thecourseoisildur,LejlvZQh,TRUE,blitz,White,white,1,2565,1,2566,2051,2025-09-25T19:03:09Z
Thecourseoisildur,L9rC7HuB,TRUE,blitz,White,white,1,2565,0,2565,2005,2025-09-25T18:54:49Z
Thecourseoisildur,THhcIojE,TRUE,blitz,Black,black,1,2564,1,2565,1887,2025-09-25T18:52:43Z
Thecourseoisildur,9zqBNhAI,TRUE,blitz,White,white,1,2564,0,2564,1878,2025-09-25T18:49:00Z
Thecourseoisildur,0Z8EAS1W,TRUE,blitz,Black,black,1,2563,1,2564,2025,2025-09-25T18:44:03Z
Thecourseoisildur,WtnOtHAN,TRUE,blitz,Black,black,1,2560,3,2563,2379,2025-09-21T19:38:47Z
Thecourseoisildur,oWS6RDln,TRUE,blitz,White,black,0,2564,-4,2560,2712,2025-09-21T19:34:56Z
Thecourseoisildur,YYl1QEZH,TRUE,blitz,Black,white,0,2572,-8,2564,2464,2025-09-21T19:31:10Z
Thecourseoisildur,S4j9waIv,TRUE,blitz,Black,black,1,2571,1,2572,2189,2025-09-21T19:23:03Z
Thecourseoisildur,rxvJuvax,TRUE,blitz,White,white,1,2566,5,2571,2463,2025-09-21T19:20:41Z
ARM-777777,bK1SdNpG,TRUE,blitz,Black,black,1,3064,3,3067,2650,2025-10-14T18:31:32Z
ARM-777777,s9NrTdUb,TRUE,bullet,Black,black,1,3329,3,3332,3117,2025-09-29T21:12:26Z
ARM-777777,vCe63QA5,TRUE,bullet,White,white,1,3327,2,3329,3120,2025-09-29T21:11:22Z
ARM-777777,KrOZEdVv,TRUE,bullet,Black,black,1,3324,3,3327,3122,2025-09-29T21:10:44Z
ARM-777777,IwXiRar8,TRUE,bullet,White,white,1,3321,3,3324,3125,2025-09-29T21:09:38Z
ARM-777777,awEbkQFZ,TRUE,bullet,Black,black,1,3318,3,3321,3128,2025-09-29T21:09:01Z
ARM-777777,xrKDmXyB,TRUE,bullet,White,white,1,3315,3,3318,3131,2025-09-29T21:07:55Z
ARM-777777,ChJJqIji,TRUE,bullet,Black,white,0,3324,-9,3315,3122,2025-09-29T21:07:26Z
ARM-777777,jB9a1lL7,TRUE,bullet,White,white,1,3321,3,3324,3125,2025-09-29T21:06:19Z
ARM-777777,iZ6wj8UF,TRUE,bullet,Black,black,1,3318,3,3321,3128,2025-09-29T21:05:09Z
ARM-777777,wjcD4pRx,TRUE,bullet,White,white,1,3315,3,3318,3131,2025-09-29T21:04:06Z
ARM-777777,x3uLDQ0J,TRUE,bullet,Black,black,1,3312,3,3315,3134,2025-09-29T21:02:59Z
ARM-777777,fFhwlnLY,TRUE,bullet,White,white,1,3309,3,3312,3137,2025-09-29T21:02:05Z
ARM-777777,JYTte2Qh,TRUE,bullet,Black,white,0,3317,-8,3309,3128,2025-09-29T21:00:51Z
ARM-777777,qrOoSL9X,TRUE,bullet,White,white,1,3314,3,3317,3131,2025-09-29T21:00:12Z
raf1310,9NJmJjYj,TRUE,bullet,White,black,0,2829,-3,2826,2995,2025-10-15T00:48:33Z
raf1310,4paxz4rO,TRUE,bullet,Black,white,0,2832,-3,2829,2992,2025-10-15T00:46:40Z
raf1310,iMMQ0Wsu,TRUE,bullet,White,black,0,2836,-4,2832,2988,2025-10-15T00:44:50Z
raf1310,VNn5Y16D,TRUE,bullet,Black,black,1,2827,9,2836,2996,2025-10-15T00:42:37Z
raf1310,HWCL8clH,TRUE,bullet,White,black,0,2831,-4,2827,2993,2025-10-15T00:40:26Z
raf1310,4HsoBdU2,TRUE,bullet,Black,white,0,2834,-3,2831,2990,2025-10-15T00:38:30Z
raf1310,YtSdhnlQ,TRUE,bullet,White,white,1,2826,8,2834,2998,2025-10-15T00:36:26Z
raf1310,vvDrzkkm,TRUE,bullet,Black,white,0,2829,-3,2826,2995,2025-10-15T00:34:19Z
raf1310,OzOg2bc9,TRUE,bullet,White,black,0,2832,-3,2829,2991,2025-10-15T00:32:16Z
raf1310,cRVv6R73,TRUE,bullet,Black,white,0,2835,-3,2832,2988,2025-10-15T00:30:24Z
raf1310,3RLTZZzx,TRUE,bullet,White,black,0,2839,-4,2835,2985,2025-10-15T00:29:12Z
raf1310,DJfKdYYS,TRUE,bullet,Black,white,0,2842,-3,2839,2981,2025-10-15T00:27:07Z
raf1310,urvoQrhs,TRUE,bullet,White,white,1,2834,8,2842,2989,2025-10-15T00:25:25Z
raf1310,REPBoWFJ,TRUE,bullet,Black,black,1,2826,8,2834,2997,2025-10-15T00:23:17Z
raf1310,sGis3V59,TRUE,bullet,White,black,0,2829,-3,2826,2994,2025-10-15T00:21:11Z
Som2310,9PQo8MFd,TRUE,blitz,Black,black,1,2782,3,2785,2619,2025-10-15T11:37:31Z
Som2310,VDGiiz7U,TRUE,blitz,White,black,0,2789,-7,2782,2682,2025-10-14T22:45:12Z
Som2310,iqkhEYSC,TRUE,blitz,Black,black,1,2785,4,2789,2686,2025-10-14T22:42:34Z
Som2310,JdU42I8F,TRUE,blitz,White,black,0,2793,-8,2785,2679,2025-10-14T22:37:11Z
Som2310,EfslwudL,TRUE,blitz,Black,white,0,2800,-7,2793,2766,2025-10-14T14:13:33Z
Som2310,ldE7no9B,TRUE,blitz,White,white,1,2797,3,2800,2547,2025-10-14T11:18:17Z
Som2310,SIneyNt0,TRUE,blitz,Black,white,0,2805,-8,2797,2707,2025-10-12T21:58:43Z
Som2310,pqktl2bq,TRUE,blitz,White,black,0,2814,-9,2805,2666,2025-10-12T21:52:30Z
Som2310,bVkKbCW5,TRUE,blitz,Black,NA,0.5,2817,-3,2814,2620,2025-10-12T21:46:24Z
Som2310,f8Hak8bA,TRUE,blitz,White,white,1,2812,5,2817,2709,2025-10-12T21:43:11Z
Som2310,VluEfHgm,TRUE,blitz,Black,black,1,2809,3,2812,2584,2025-10-12T15:48:16Z
Som2310,uHYyq9Uq,TRUE,blitz,White,black,0,2818,-9,2809,2690,2025-10-11T22:07:51Z
Som2310,u5fZntk6,TRUE,blitz,Black,black,1,2815,3,2818,2588,2025-10-11T21:08:53Z
Som2310,hvQ3FwTi,TRUE,blitz,Black,white,0,2820,-5,2815,2947,2025-10-09T20:51:34Z
Som2310,TpJPyvBW,TRUE,blitz,White,white,1,2810,10,2820,2955,2025-10-09T20:47:08Z
Lmaoooooooooooooooo,KcV28BDM,TRUE,bullet,White,black,0,2414,-7,2407,2362,2025-10-15T17:21:09Z
Lmaoooooooooooooooo,wx0k54s9,TRUE,bullet,White,black,0,2420,-6,2414,2487,2025-10-15T17:19:02Z
Lmaoooooooooooooooo,CAuov61y,TRUE,bullet,Black,black,1,2414,6,2420,2345,2025-10-15T17:18:28Z
Lmaoooooooooooooooo,VIPAdORP,TRUE,bullet,White,NA,0.5,2417,-3,2414,2278,2025-10-15T17:15:55Z
Lmaoooooooooooooooo,57v6ZcrW,TRUE,bullet,Black,black,1,2409,8,2417,2424,2025-10-15T17:13:45Z
Lmaoooooooooooooooo,4dEEzrcp,TRUE,bullet,Black,white,0,2418,-9,2409,2344,2025-10-15T01:19:16Z
Lmaoooooooooooooooo,MATfpCoK,TRUE,bullet,White,white,1,2410,8,2418,2415,2025-10-15T01:16:49Z
Lmaoooooooooooooooo,7CvN8P9p,TRUE,bullet,Black,black,1,2402,8,2410,2423,2025-10-15T01:14:42Z
Lmaoooooooooooooooo,P4WRdBJb,TRUE,bullet,White,black,0,2410,-8,2402,2419,2025-10-15T01:13:44Z
Lmaoooooooooooooooo,AB44vNnT,TRUE,bullet,Black,white,0,2416,-6,2410,2473,2025-10-15T01:11:41Z
Lmaoooooooooooooooo,tflLIiUz,TRUE,bullet,White,white,1,2408,8,2416,2422,2025-10-15T01:09:34Z
Lmaoooooooooooooooo,0KYUVXZ7,TRUE,bullet,White,black,0,2416,-8,2408,2416,2025-10-15T01:08:32Z
Lmaoooooooooooooooo,6kQiIGdS,TRUE,bullet,White,black,0,2423,-7,2416,2479,2025-10-14T01:20:43Z
Lmaoooooooooooooooo,edNxm1tq,TRUE,bullet,Black,white,0,2428,-5,2423,2592,2025-10-14T01:19:08Z
Lmaoooooooooooooooo,a3IX27rg,TRUE,bullet,Black,white,0,2439,-11,2428,2303,2025-10-14T01:16:28Z
lovlas,A0JTngqK,TRUE,bullet,Black,black,1,2844,7,2851,2818,2025-06-09T11:43:45Z
lovlas,gcw07U6F,TRUE,bullet,Black,white,0,2854,-10,2844,2757,2025-06-09T11:24:37Z
lovlas,FVka5qba,TRUE,bullet,White,black,0,2864,-10,2854,2750,2025-06-09T11:23:24Z
lovlas,xP75atIV,TRUE,bullet,Black,black,1,2858,6,2864,2754,2025-06-09T11:21:27Z
lovlas,dqy0YwiV,TRUE,bullet,White,white,1,2852,6,2858,2758,2025-06-09T11:20:21Z
lovlas,W14Iwii7,TRUE,bullet,Black,white,0,2863,-11,2852,2751,2025-06-09T11:18:17Z
lovlas,VkcM9XYZ,TRUE,bullet,White,white,1,2857,6,2863,2755,2025-06-09T11:16:07Z
lovlas,ESKc3ymX,TRUE,bullet,White,white,1,2850,7,2857,2751,2025-06-09T11:13:42Z
lovlas,CC1Z1S9f,TRUE,bullet,Black,black,1,2844,6,2850,2752,2025-06-09T11:11:28Z
lovlas,mGzUwCiS,TRUE,bullet,White,white,1,2836,8,2844,2757,2025-06-09T11:09:32Z
lovlas,1mV86fPf,TRUE,bullet,Black,black,1,2826,10,2836,2867,2025-06-09T11:08:24Z
lovlas,RhFlv46P,TRUE,bullet,Black,NA,0.5,2828,-2,2826,2723,2025-06-09T11:06:12Z
lovlas,56U5QcW7,TRUE,bullet,White,black,0,2841,-13,2828,2763,2025-06-09T11:04:19Z
lovlas,u1TaXE63,TRUE,bullet,White,black,0,2855,-14,2841,2681,2025-06-04T12:35:32Z
lovlas,6WtxaPLB,TRUE,bullet,Black,white,0,2865,-10,2855,2781,2025-05-06T22:05:35Z
TacticalMonkey,83iyzbow,TRUE,bullet,Black,black,1,2819,1,2820,2470,2025-09-29T16:36:07Z
TacticalMonkey,iyJDhxG5,TRUE,bullet,White,white,1,2816,3,2819,2592,2025-09-29T16:35:14Z
TacticalMonkey,uctYCLuR,TRUE,bullet,White,black,0,2822,-6,2816,2821,2025-09-29T16:32:26Z
TacticalMonkey,51dQWHuP,TRUE,bullet,Black,black,1,2821,1,2822,2417,2025-09-29T16:29:31Z
TacticalMonkey,o6lPTY4Z,TRUE,bullet,Black,black,1,2819,2,2821,2565,2025-09-24T17:42:27Z
TacticalMonkey,1HuOaSmS,TRUE,bullet,White,white,1,2818,1,2819,2419,2025-09-24T17:41:21Z
TacticalMonkey,qwljHiyJ,TRUE,bullet,Black,white,0,2828,-10,2818,2408,2025-09-24T17:39:59Z
TacticalMonkey,9SBNb1nc,TRUE,bullet,Black,black,1,2821,7,2828,2909,2025-09-23T22:02:29Z
TacticalMonkey,sjteFs6E,TRUE,bullet,Black,white,0,2830,-9,2821,2589,2025-09-22T21:35:14Z
TacticalMonkey,kkAeQRF9,TRUE,bullet,Black,black,1,2829,1,2830,2499,2025-09-22T00:01:32Z
TacticalMonkey,v7DQMi4k,TRUE,bullet,White,white,1,2827,2,2829,2501,2025-09-22T00:00:29Z
TacticalMonkey,twG9hsc5,TRUE,bullet,Black,black,1,2825,2,2827,2589,2025-09-21T23:58:55Z
TacticalMonkey,76w1o175,TRUE,bullet,Black,black,1,2824,1,2825,2286,2025-09-21T23:13:44Z
TacticalMonkey,61mRRwgi,TRUE,bullet,White,white,1,2819,5,2824,2764,2025-09-21T22:44:36Z
TacticalMonkey,0OHdb8YZ,TRUE,bullet,Black,white,0,2826,-7,2819,2753,2025-09-21T22:42:40Z
abudabi22840,dVNfToHV,TRUE,blitz,White,white,1,2949,1,2950,2633,2025-10-14T06:57:48Z
abudabi22840,ecobK0yb,TRUE,blitz,White,white,1,2947,2,2949,2625,2025-10-14T06:44:06Z
abudabi22840,9GxlqDOU,TRUE,blitz,Black,black,1,2945,2,2947,2649,2025-10-12T23:45:47Z
abudabi22840,XltNKgQk,TRUE,blitz,White,white,1,2945,0,2945,2433,2025-10-12T23:07:07Z
abudabi22840,OYd9uROK,TRUE,blitz,Black,black,1,2943,2,2945,2636,2025-10-12T22:58:25Z
abudabi22840,Y3Jqab0J,TRUE,blitz,Black,black,1,2939,4,2943,2821,2025-10-12T22:50:06Z
abudabi22840,gpG1ocfG,TRUE,blitz,White,white,1,2938,1,2939,2484,2025-10-12T22:42:10Z
abudabi22840,82rnXcA0,TRUE,blitz,White,white,1,2937,1,2938,2484,2025-10-12T18:08:52Z
abudabi22840,ugXJEshS,TRUE,blitz,Black,black,1,2936,1,2937,2594,2025-10-12T17:43:48Z
abudabi22840,jqj4sNPI,TRUE,blitz,White,white,1,2935,1,2936,2435,2025-10-12T17:31:23Z
abudabi22840,oJ7MHHEp,TRUE,blitz,Black,NA,0.5,2938,-3,2935,2788,2025-10-12T17:18:18Z
abudabi22840,M0qaOOU4,TRUE,blitz,White,white,1,2936,2,2938,2590,2025-10-12T17:04:47Z
abudabi22840,3WvNKxn7,TRUE,blitz,White,white,1,2935,1,2936,2501,2025-10-12T16:52:49Z
abudabi22840,DTPTWm4P,TRUE,blitz,Black,black,1,2935,0,2935,2476,2025-10-12T16:35:50Z
abudabi22840,PyHKcEkZ,TRUE,blitz,White,white,1,2934,1,2935,2292,2025-10-12T16:23:17Z
Brendgame,pLGvKqn8,TRUE,bullet,White,white,1,2458,4,2462,2362,2025-10-16T04:24:38Z
Brendgame,9w3j63Ko,TRUE,bullet,White,black,0,2462,-4,2458,2584,2025-10-16T04:22:19Z
Brendgame,80BfDCB7,TRUE,blitz,Black,white,0,2265,-8,2257,2177,2025-10-16T04:15:33Z
Brendgame,z5xoAU1c,TRUE,blitz,Black,black,1,2260,5,2265,2178,2025-10-16T04:13:17Z
Brendgame,7rwfIwsz,TRUE,bullet,Black,black,1,2456,6,2462,2431,2025-10-16T02:19:59Z
Brendgame,AfAVQBVB,TRUE,rapid,White,black,0,2248,-19,2229,2330,2025-10-14T22:27:29Z
Brendgame,PBvVYjJh,TRUE,bullet,Black,black,1,2451,5,2456,2413,2025-10-13T17:39:05Z
Brendgame,nKUjbcou,TRUE,bullet,White,black,0,2458,-7,2451,2383,2025-10-13T17:37:06Z
Brendgame,8nz0ZZUl,TRUE,bullet,Black,black,1,2452,6,2458,2454,2025-10-13T17:35:05Z
Brendgame,Y4u7p6yb,TRUE,bullet,White,white,1,2448,4,2452,2372,2025-10-13T17:31:54Z
Brendgame,2pJ3MVyA,TRUE,bullet,Black,black,1,2442,6,2448,2418,2025-10-13T17:29:33Z
Brendgame,D7wjs3pH,TRUE,bullet,White,NA,0.5,2445,-3,2442,2268,2025-10-13T17:27:06Z
Brendgame,baxnXVUX,TRUE,bullet,White,white,1,2441,4,2445,2319,2025-10-13T17:25:41Z
Brendgame,JEwfzbSX,TRUE,blitz,Black,white,0,2265,-5,2260,2311,2025-10-13T00:50:58Z
Brendgame,FsjJOAha,TRUE,blitz,White,black,0,2272,-7,2265,2245,2025-10-12T04:01:55Z
iwasbanned,GMmZkgcd,TRUE,bullet,Black,black,1,2692,3,2695,2535,2025-10-16T02:01:12Z
iwasbanned,2gCiMmUh,TRUE,bullet,White,white,1,2688,4,2692,2538,2025-10-16T01:58:47Z
iwasbanned,OHmu61jP,TRUE,bullet,Black,white,0,2697,-9,2688,2530,2025-10-16T01:57:12Z
iwasbanned,t3dplxjQ,TRUE,bullet,White,black,0,2705,-8,2697,2522,2025-10-16T01:54:44Z
iwasbanned,C6sYvdpF,TRUE,bullet,Black,black,1,2702,3,2705,2525,2025-10-16T01:52:09Z
iwasbanned,rBdEKqhx,TRUE,bullet,White,white,1,2699,3,2702,2528,2025-10-16T01:49:46Z
iwasbanned,SdDgXFl4,TRUE,bullet,Black,black,1,2696,3,2699,2531,2025-10-16T01:47:30Z
iwasbanned,gBmG4WBP,TRUE,bullet,White,NA,0.5,2698,-2,2696,2528,2025-10-16T01:44:57Z
iwasbanned,rA7qPpBy,TRUE,bullet,Black,black,1,2695,3,2698,2532,2025-10-16T01:43:36Z
iwasbanned,Bj0OzDZT,TRUE,bullet,White,black,0,2703,-8,2695,2523,2025-10-16T01:41:41Z
iwasbanned,BH2mR1RH,TRUE,bullet,Black,black,1,2700,3,2703,2526,2025-10-16T01:39:24Z
iwasbanned,hLqJNMgj,TRUE,bullet,White,white,1,2697,3,2700,2529,2025-10-16T01:37:17Z
iwasbanned,Mw0o2M1A,TRUE,bullet,Black,black,1,2694,3,2697,2533,2025-10-16T01:34:59Z
iwasbanned,kZTuzAFS,TRUE,bullet,White,white,1,2690,4,2694,2536,2025-10-16T01:32:18Z
iwasbanned,H8JEhHzZ,TRUE,bullet,Black,black,1,2687,3,2690,2539,2025-10-16T01:30:32Z
Novo_Chess,u1wkrOBW,TRUE,blitz,White,black,0,2320,-42,2278,2145,2025-10-08T17:43:35Z
Novo_Chess,z30IFum4,TRUE,blitz,White,white,1,2307,13,2320,2065,2025-10-08T17:42:45Z
Novo_Chess,rWs4pW2K,TRUE,blitz,Black,black,1,2302,5,2307,1859,2025-10-08T17:40:11Z
Novo_Chess,8FiRX1SO,TRUE,blitz,Black,black,1,2301,1,2302,1665,2025-10-08T17:35:32Z
Novo_Chess,N7lMDCBR,TRUE,bullet,White,black,0,2645,-7,2638,2629,2025-10-06T18:44:03Z
Novo_Chess,WVZ70f9L,TRUE,bullet,White,black,0,2652,-7,2645,2577,2025-10-03T02:21:55Z
Novo_Chess,fHDsIhWy,TRUE,bullet,Black,black,1,2647,5,2652,2582,2025-10-03T02:20:48Z
Novo_Chess,899Ngv4L,TRUE,bullet,White,white,1,2642,5,2647,2587,2025-10-03T02:19:37Z
Novo_Chess,gb5LBdvR,TRUE,bullet,Black,black,1,2637,5,2642,2592,2025-10-03T02:18:30Z
Novo_Chess,j4J0gEBA,TRUE,bullet,White,black,0,2642,-5,2637,2684,2025-10-03T02:15:59Z
Novo_Chess,pdithJBp,TRUE,bullet,White,black,0,2647,-5,2642,2665,2025-10-03T02:13:23Z
Novo_Chess,8iB2cqxE,TRUE,bullet,Black,white,0,2651,-4,2647,2799,2025-10-03T02:11:05Z
Novo_Chess,gTU7A7ie,TRUE,bullet,Black,white,0,2657,-6,2651,2635,2025-10-02T23:55:58Z
Novo_Chess,OWO6BLwt,TRUE,bullet,White,white,1,2651,6,2657,2640,2025-10-02T23:54:51Z
Novo_Chess,wPpEDAQI,TRUE,bullet,White,white,1,2650,1,2651,2303,2025-10-02T21:28:09Z
suaiFinn,ORsYDdYn,TRUE,blitz,White,black,0,2524,-6,2518,2492,2025-10-15T11:32:33Z
suaiFinn,XhhW6HFt,TRUE,blitz,White,white,1,2518,6,2524,2542,2025-10-15T11:12:11Z
suaiFinn,szV9VgMp,TRUE,blitz,White,white,1,2514,4,2518,2387,2025-10-15T11:05:13Z
suaiFinn,ECLIWcOY,TRUE,blitz,Black,black,1,2510,4,2514,2400,2025-10-15T10:56:52Z
suaiFinn,TI0cFze6,TRUE,blitz,White,black,0,2513,-3,2510,2695,2025-10-15T10:49:55Z
suaiFinn,2uVLhMC9,TRUE,blitz,Black,white,0,2518,-5,2513,2597,2025-10-15T10:39:31Z
suaiFinn,jzNSfucv,TRUE,blitz,Black,NA,0.5,2519,-1,2518,2412,2025-10-15T09:53:35Z
suaiFinn,Iwwpn9QW,TRUE,blitz,Black,white,0,2524,-5,2519,2606,2025-10-15T09:46:04Z
suaiFinn,htpd3LZ8,TRUE,blitz,White,white,1,2520,4,2524,2422,2025-10-15T09:38:53Z
suaiFinn,EnCyOWL9,TRUE,blitz,White,black,0,2526,-6,2520,2487,2025-10-15T09:32:27Z
suaiFinn,EJTvALYI,TRUE,blitz,Black,black,1,2520,6,2526,2527,2025-10-15T06:40:23Z
suaiFinn,4NdUdnIe,TRUE,blitz,White,white,1,2515,5,2520,2468,2025-10-15T06:30:02Z
suaiFinn,Z2t4oSuv,TRUE,blitz,Black,white,0,2522,-7,2515,2455,2025-10-15T06:24:51Z
suaiFinn,38nUYFsc,TRUE,blitz,Black,white,0,2528,-6,2522,2484,2025-10-15T05:26:07Z
suaiFinn,jp8EoXcZ,TRUE,blitz,White,black,0,2533,-5,2528,2625,2025-10-15T05:10:42Z
Shant7777777,xwBGuMfn,TRUE,bullet,Black,black,1,3216,2,3218,2955,2025-10-14T18:16:40Z
Shant7777777,OEotRg3C,TRUE,bullet,White,white,1,3214,2,3216,2957,2025-10-14T18:14:53Z
Shant7777777,QrrTwjPZ,TRUE,bullet,Black,black,1,3212,2,3214,2959,2025-10-14T18:12:40Z
Shant7777777,nIV47OEM,TRUE,bullet,White,white,1,3209,3,3212,2961,2025-10-14T18:11:55Z
Shant7777777,7UKDjk4V,TRUE,bullet,Black,black,1,3207,2,3209,2963,2025-10-14T18:10:21Z
Shant7777777,W6fiT1sn,TRUE,bullet,White,white,1,3204,3,3207,2966,2025-10-14T18:08:09Z
Shant7777777,dCQ4bRig,TRUE,bullet,Black,black,1,3202,2,3204,2968,2025-10-14T18:06:23Z
Shant7777777,ghy07jtQ,TRUE,blitz,White,NA,0.5,2856,-4,2852,2600,2025-10-04T14:00:39Z
Shant7777777,EAr1UWXK,TRUE,blitz,Black,black,1,2851,5,2856,2760,2025-10-04T13:56:02Z
Shant7777777,5V9HxEd4,TRUE,blitz,White,white,1,2847,4,2851,2678,2025-10-04T13:52:18Z
Shant7777777,rDR6Y0K2,TRUE,blitz,White,white,1,2841,6,2847,2780,2025-10-04T13:43:11Z
Shant7777777,UFokjuAE,TRUE,blitz,Black,black,1,2836,5,2841,2691,2025-10-04T13:37:52Z
Shant7777777,ideOLiTL,TRUE,blitz,White,NA,0.5,2839,-3,2836,2685,2025-10-04T13:29:26Z
Shant7777777,urZizJ1b,TRUE,blitz,Black,black,1,2836,3,2839,2615,2025-10-04T13:23:07Z
Shant7777777,DTx3JD7X,TRUE,blitz,Black,black,1,2832,4,2836,2644,2025-10-04T13:17:01Z
ChessTheory64,yt80QLM4,TRUE,rapid,Black,black,1,2606,2,2608,2277,2025-10-15T23:58:33Z
ChessTheory64,54811Pu6,TRUE,classical,White,white,1,2535,12,2547,2476,2025-10-14T16:22:30Z
ChessTheory64,s3PV4UMe,TRUE,rapid,Black,black,1,2603,3,2606,2270,2025-10-14T07:57:52Z
ChessTheory64,pa9VfGD5,TRUE,rapid,White,white,1,2602,1,2603,2222,2025-10-14T07:50:15Z
ChessTheory64,hyJMFTM1,TRUE,rapid,White,NA,0.5,2604,-2,2602,2499,2025-10-14T04:53:22Z
ChessTheory64,YYmPRHrT,TRUE,rapid,Black,white,0,2620,-16,2604,2179,2025-10-13T05:36:35Z
ChessTheory64,v2W7x2XB,TRUE,rapid,Black,NA,0.5,2623,-3,2620,2429,2025-10-13T04:36:33Z
ChessTheory64,JG3c5YRw,TRUE,classical,Black,black,1,2531,4,2535,2221,2025-10-08T15:57:46Z
ChessTheory64,IkLjQ0in,TRUE,rapid,White,white,1,2621,2,2623,2303,2025-10-08T05:34:10Z
ChessTheory64,m2P6eOMn,TRUE,rapid,Black,NA,0.5,2627,-6,2621,2303,2025-10-08T05:10:29Z
ChessTheory64,8iEsxTtY,TRUE,rapid,White,white,1,2623,4,2627,2413,2025-10-07T23:33:52Z
ChessTheory64,NbQdZ3DM,TRUE,rapid,Black,black,1,2621,2,2623,2312,2025-10-07T23:18:21Z
ChessTheory64,toZApI9P,TRUE,rapid,Black,black,1,2616,5,2621,2466,2025-10-07T07:14:00Z
ChessTheory64,cxVYSEzl,TRUE,classical,Black,black,1,2516,5,2521,2259,2025-10-07T03:34:14Z
ChessTheory64,0559vPPb,TRUE,classical,White,black,0,2528,-12,2516,2570,2025-10-06T16:21:15Z
Coach_Pineapple,FVF0zvzH,TRUE,rapid,White,white,1,2413,13,2426,2330,2025-10-16T02:47:11Z
Coach_Pineapple,U9SXZvpo,TRUE,blitz,White,black,0,2439,-8,2431,2454,2025-10-16T02:39:12Z
Coach_Pineapple,y4WVumps,TRUE,bullet,Black,black,1,2683,3,2686,2431,2025-10-15T01:54:53Z
Coach_Pineapple,vRO1THco,TRUE,bullet,White,white,1,2683,0,2683,2170,2025-10-15T01:52:19Z
Coach_Pineapple,BlvacjEX,TRUE,bullet,White,white,1,2683,0,2683,2077,2025-10-15T01:50:07Z
Coach_Pineapple,OwbcgmRC,TRUE,bullet,Black,black,1,2682,1,2683,1944,2025-10-15T01:47:56Z
Coach_Pineapple,aanLYTV8,TRUE,bullet,White,white,1,2681,1,2682,2318,2025-10-15T01:45:28Z
Coach_Pineapple,UFLTvyeh,TRUE,bullet,White,white,1,2681,0,2681,1899,2025-10-15T01:44:08Z
Coach_Pineapple,4LeIzCvE,TRUE,bullet,Black,black,1,2680,1,2681,2226,2025-10-15T01:40:36Z
Coach_Pineapple,VATFefbc,TRUE,bullet,Black,black,1,2680,0,2680,1734,2025-10-15T01:38:50Z
Coach_Pineapple,Jzdtw7QR,TRUE,bullet,Black,black,1,2680,0,2680,1805,2025-10-15T01:36:55Z
Coach_Pineapple,q0mCKQ5N,TRUE,bullet,Black,black,1,2675,5,2680,2623,2025-10-15T00:41:42Z
Coach_Pineapple,UKp6YEJQ,TRUE,blitz,Black,black,1,2432,7,2439,2404,2025-10-12T18:55:13Z
Coach_Pineapple,GgSDR3Hp,TRUE,bullet,Black,black,1,2671,4,2675,2538,2025-10-11T19:51:05Z
Coach_Pineapple,tTXRqPcX,TRUE,bullet,White,white,1,2668,3,2671,2506,2025-10-11T19:48:54Z
KonMarios2010,UsZvRbFt,TRUE,bullet,White,white,1,3000,1,3001,2579,2025-10-11T05:32:56Z
KonMarios2010,sl9NQGzC,TRUE,blitz,Black,black,1,2700,3,2703,2500,2025-10-08T18:40:14Z
KonMarios2010,h2ecCg2t,TRUE,blitz,White,white,1,2695,5,2700,2653,2025-10-08T18:32:37Z
KonMarios2010,Stqj0FyK,TRUE,blitz,Black,black,1,2690,5,2695,2658,2025-10-08T18:28:10Z
KonMarios2010,PWbHLbt3,TRUE,blitz,Black,black,1,2684,6,2690,2663,2025-10-08T18:17:11Z
KonMarios2010,iWFQ4wNj,TRUE,blitz,White,white,1,2679,5,2684,2668,2025-10-08T18:15:32Z
KonMarios2010,dRtOB3bw,TRUE,blitz,Black,NA,0.5,2679,0,2679,2668,2025-10-08T18:09:01Z
KonMarios2010,xvxUvzeG,TRUE,blitz,White,black,0,2685,-6,2679,2636,2025-10-08T18:02:23Z
KonMarios2010,OJYrCdVB,TRUE,blitz,Black,black,1,2680,5,2685,2678,2025-10-08T17:54:15Z
KonMarios2010,YzlTpeBe,TRUE,blitz,White,black,0,2686,-6,2680,2663,2025-10-08T17:48:10Z
KonMarios2010,akBt2bQk,TRUE,blitz,Black,white,0,2693,-7,2686,2657,2025-10-08T17:41:43Z
KonMarios2010,BsyfCh2M,TRUE,blitz,White,white,1,2687,6,2693,2662,2025-10-08T17:34:49Z
KonMarios2010,AXQoFiLI,TRUE,blitz,Black,white,0,2692,-5,2687,2743,2025-10-08T17:28:20Z
KonMarios2010,r95jVIi6,TRUE,blitz,White,white,1,2685,7,2692,2753,2025-10-08T17:21:57Z
KonMarios2010,XUgbKfkG,TRUE,blitz,Black,white,0,2691,-6,2685,2672,2025-10-08T17:16:43Z
Arash-Tahbaz,m91zCpMX,TRUE,bullet,Black,white,0,3079,-6,3073,3047,2025-10-15T13:38:18Z
Arash-Tahbaz,fWnv4rOa,TRUE,bullet,White,white,1,3074,5,3079,3049,2025-10-15T13:31:36Z
Arash-Tahbaz,8ADxQlYw,TRUE,bullet,Black,white,0,3080,-6,3074,3043,2025-10-15T13:28:32Z
Arash-Tahbaz,KwNPn4wu,TRUE,bullet,White,white,1,3076,4,3080,2991,2025-10-15T13:25:30Z
Arash-Tahbaz,7d0tOZ3J,TRUE,bullet,Black,black,1,3071,5,3076,2997,2025-10-15T13:22:04Z
Arash-Tahbaz,RHn8BoA8,TRUE,bullet,White,black,0,3079,-8,3071,2966,2025-10-15T13:19:16Z
Arash-Tahbaz,V2JJaQyJ,TRUE,bullet,White,black,0,3088,-9,3079,2909,2025-10-15T11:21:39Z
Arash-Tahbaz,iOGq5H5D,TRUE,bullet,Black,black,1,3084,4,3088,2912,2025-10-15T11:19:20Z
Arash-Tahbaz,sc2uFHvs,TRUE,bullet,White,white,1,3081,3,3084,2915,2025-10-15T11:18:47Z
Arash-Tahbaz,376aFArr,TRUE,bullet,Black,black,1,3077,4,3081,2918,2025-10-15T11:17:04Z
Arash-Tahbaz,hr4oRGmt,TRUE,bullet,White,white,1,3073,4,3077,2922,2025-10-15T11:14:40Z
Arash-Tahbaz,VtOkjaup,TRUE,bullet,Black,black,1,3069,4,3073,2925,2025-10-15T11:12:01Z
Arash-Tahbaz,q2nmGKZa,TRUE,bullet,Black,black,1,3061,8,3069,3161,2025-10-14T13:53:46Z
Arash-Tahbaz,NjMpRC9t,TRUE,blitz,White,black,0,2759,-8,2751,2761,2025-10-10T17:54:20Z
Arash-Tahbaz,34r9zxhE,TRUE,blitz,Black,black,1,2757,2,2759,2346,2025-10-10T17:50:18Z
Vaaaaas24,I1eBMaRe,TRUE,bullet,White,white,1,1203,59,1262,1084,2025-08-15T14:06:03Z
Vaaaaas24,Qmg1ok5B,TRUE,bullet,Black,black,1,1111,92,1203,1036,2025-07-27T13:09:04Z
Vaaaaas24,98nYcUiM,TRUE,bullet,White,black,0,1295,-184,1111,1214,2025-06-26T12:12:47Z
Vaaaaas24,5N96sgoE,TRUE,blitz,White,black,0,1408,-5,1403,2300,2025-06-25T11:01:26Z
Vaaaaas24,qpA29iiv,TRUE,blitz,Black,white,0,1500,-92,1408,1852,2025-03-23T09:10:49Z
Vaaaaas24,Hdn5Lzvm,TRUE,bullet,White,black,0,1500,-205,1295,1549,2025-01-11T08:10:29Z
dArK_07,MIFaEqxQ,TRUE,blitz,Black,white,0,1800,-21,1779,1799,2025-10-07T01:51:33Z
dArK_07,riRgod0L,TRUE,blitz,White,white,1,1779,21,1800,1765,2025-10-06T02:39:33Z
dArK_07,Bf2nPWmc,TRUE,bullet,White,white,1,1993,8,2001,2000,2025-10-03T16:14:06Z
dArK_07,esLt9g8F,TRUE,bullet,Black,black,1,1984,9,1993,1951,2025-10-03T16:11:56Z
dArK_07,yqBx0To4,TRUE,bullet,White,NA,0.5,1984,0,1984,2003,2025-10-03T16:09:45Z
dArK_07,1xH4jv6P,TRUE,bullet,Black,black,1,1975,9,1984,1970,2025-10-03T16:07:36Z
dArK_07,XRiluUwU,TRUE,bullet,Black,black,1,1965,10,1975,1957,2025-10-03T16:05:32Z
dArK_07,B3NeSvHp,TRUE,bullet,White,black,0,1975,-10,1965,1988,2025-10-03T16:03:29Z
dArK_07,2vkG0IkZ,TRUE,bullet,White,black,0,1984,-9,1975,1996,2025-10-03T16:02:14Z
dArK_07,OYI4CfiT,TRUE,bullet,White,white,1,1974,10,1984,1970,2025-10-03T16:00:18Z
dArK_07,Vx5EGMA2,TRUE,bullet,Black,black,1,1965,9,1974,1883,2025-10-03T15:57:30Z
dArK_07,ezKbfM1y,TRUE,bullet,Black,black,1,1955,10,1965,1984,2025-09-25T01:59:24Z
dArK_07,SA9K0lNI,TRUE,bullet,White,white,1,1945,10,1955,1941,2025-09-25T01:56:50Z
dArK_07,RdVUzpoZ,TRUE,bullet,Black,black,1,1934,11,1945,1925,2025-09-25T01:54:00Z
dArK_07,Ib0eamLE,TRUE,bullet,Black,black,1,1922,12,1934,1958,2025-09-25T01:51:30Z
Frederic001,zUgWnoFC,TRUE,bullet,White,white,1,1826,17,1843,1816,2025-10-08T12:56:08Z
Frederic001,yD5VFcVs,TRUE,bullet,Black,black,1,1823,3,1826,1331,2025-10-08T12:53:35Z
Frederic001,7Q69JCHc,TRUE,bullet,White,NA,0.5,1826,-3,1823,1773,2025-10-08T12:51:24Z
Frederic001,Y3dJLSJQ,TRUE,bullet,White,black,0,1846,-20,1826,1732,2025-07-27T00:22:55Z
Frederic001,1a3Wvq2h,TRUE,bullet,Black,black,1,1825,21,1846,1951,2025-07-27T00:21:37Z
Frederic001,rLePymS8,TRUE,bullet,Black,black,1,1810,15,1825,1768,2025-07-27T00:20:14Z
Frederic001,NcEnJeID,TRUE,bullet,Black,black,1,1779,31,1810,2217,2025-07-27T00:17:38Z
Frederic001,26Lxdjj0,TRUE,bullet,White,white,1,1763,16,1779,1739,2025-07-27T00:15:03Z
Frederic001,B442DWpb,TRUE,bullet,Black,black,1,1758,5,1763,1440,2025-07-27T00:12:23Z
Frederic001,zbDkx8yw,TRUE,bullet,White,black,0,1779,-21,1758,1719,2025-07-27T00:09:55Z
Frederic001,Kyt4Xn2w,TRUE,bullet,Black,white,0,1799,-20,1779,1765,2025-06-29T13:08:02Z
Frederic001,9lbw476o,TRUE,bullet,White,black,0,1800,-1,1799,2357,2025-06-29T13:06:12Z
Frederic001,nCZpZbuU,TRUE,bullet,Black,white,0,1818,-18,1800,1831,2025-06-29T13:04:09Z
Frederic001,3O5TRAj4,TRUE,blitz,Black,white,0,1730,-27,1703,1613,2025-04-26T16:33:04Z
Frederic001,o10yzGsB,TRUE,blitz,White,black,0,1763,-33,1730,1559,2025-04-26T16:25:08Z
Crawlingflour,pM7Gwlts,TRUE,rapid,White,white,1,2478,8,2486,2270,2025-10-15T10:56:15Z
Crawlingflour,AfeOOmeK,TRUE,rapid,Black,white,0,2507,-29,2478,2140,2025-10-14T19:03:46Z
Crawlingflour,yinVtLjD,TRUE,rapid,White,black,0,2535,-28,2507,2215,2025-10-14T13:28:10Z
Crawlingflour,VgSRe0BE,TRUE,bullet,Black,black,1,2619,5,2624,2314,2025-10-13T22:54:08Z
Crawlingflour,DrLLSyXh,TRUE,blitz,Black,black,1,2491,3,2494,2221,2025-10-12T00:19:47Z
Crawlingflour,0kj5OLuX,TRUE,bullet,White,black,0,2648,-29,2619,2159,2025-10-10T18:05:17Z
Crawlingflour,btZNr56C,TRUE,rapid,White,white,1,2527,8,2535,2335,2025-10-09T17:15:11Z
Crawlingflour,3m9Wdvc6,TRUE,rapid,Black,black,1,2523,4,2527,2144,2025-10-09T15:25:09Z
Crawlingflour,J5F6bzQn,TRUE,bullet,White,white,1,2646,2,2648,2180,2025-10-09T12:41:35Z
Crawlingflour,hVAgxX5l,TRUE,bullet,Black,white,0,2675,-29,2646,2175,2025-10-08T14:40:29Z
Crawlingflour,ZDAwasV4,TRUE,rapid,White,white,1,2515,8,2523,2318,2025-10-07T14:15:05Z
Crawlingflour,BLlX6YPs,TRUE,rapid,White,white,1,2512,3,2515,2029,2025-10-07T13:59:08Z
Crawlingflour,zesqsvLC,TRUE,bullet,Black,black,1,2671,4,2675,2344,2025-10-06T13:09:30Z
Crawlingflour,i6uusU2f,TRUE,blitz,White,black,0,2502,-11,2491,2368,2025-10-05T18:28:39Z
Crawlingflour,Yt2o1mt9,TRUE,blitz,Black,white,0,2507,-5,2502,2640,2025-10-05T18:24:35Z
Fifty-Fifty_is_backk,EQcV2Ndh,TRUE,blitz,White,black,0,2469,-4,2465,2611,2025-10-15T02:40:17Z
Fifty-Fifty_is_backk,sAysn9fU,TRUE,blitz,Black,white,0,2474,-5,2469,2531,2025-10-12T15:19:17Z
Fifty-Fifty_is_backk,wvZsIMMs,TRUE,blitz,White,white,1,2468,6,2474,2487,2025-10-12T15:12:22Z
Fifty-Fifty_is_backk,MgNIGIkO,TRUE,blitz,White,black,0,2473,-5,2468,2509,2025-10-12T15:03:17Z
Fifty-Fifty_is_backk,nzg0RXze,TRUE,blitz,Black,black,1,2464,9,2473,2641,2025-10-11T20:28:43Z
Fifty-Fifty_is_backk,wm8N7BrB,TRUE,blitz,White,white,1,2455,9,2464,2649,2025-10-11T20:23:37Z
Fifty-Fifty_is_backk,Ob3Dvpww,TRUE,blitz,Black,white,0,2458,-3,2455,2646,2025-10-11T20:20:09Z
Fifty-Fifty_is_backk,o9xsbCGj,TRUE,blitz,White,black,0,2464,-6,2458,2509,2025-10-09T18:54:34Z
Fifty-Fifty_is_backk,ToXI5rn1,TRUE,blitz,Black,black,1,2457,7,2464,2466,2025-10-09T18:50:18Z
Fifty-Fifty_is_backk,vJ3eiEKl,TRUE,blitz,Black,black,1,2451,6,2457,2455,2025-10-07T18:38:06Z
Fifty-Fifty_is_backk,phCkwylA,TRUE,blitz,White,white,1,2443,8,2451,2584,2025-10-07T18:34:46Z
Fifty-Fifty_is_backk,lmKoxVZn,TRUE,blitz,Black,black,1,2436,7,2443,2481,2025-10-07T18:30:12Z
Fifty-Fifty_is_backk,vWkZK9mR,TRUE,blitz,White,NA,0.5,2436,0,2436,2444,2025-10-07T18:28:04Z
Fifty-Fifty_is_backk,WtUNCQCl,TRUE,blitz,Black,black,1,2429,7,2436,2434,2025-10-07T18:26:30Z
Fifty-Fifty_is_backk,jerLgq3I,TRUE,blitz,Black,black,1,2422,7,2429,2452,2025-10-07T18:21:39Z
Avaada_kedavra,LrL3jIlq,TRUE,blitz,White,white,1,2922,17,2939,2698,2025-10-01T00:32:55Z
Avaada_kedavra,QPyVlLnz,TRUE,blitz,Black,black,1,2909,13,2922,2616,2025-10-01T00:22:36Z
Avaada_kedavra,jH0pNbjY,TRUE,blitz,Black,black,1,2903,6,2909,2449,2025-09-20T20:16:07Z
Avaada_kedavra,mNCzKWZt,TRUE,bullet,White,white,1,3126,6,3132,3002,2025-08-25T23:03:50Z
Avaada_kedavra,gVA4LjCj,TRUE,bullet,Black,black,1,3120,6,3126,3006,2025-08-25T23:01:33Z
Avaada_kedavra,5kNHTsPf,TRUE,bullet,White,white,1,3113,7,3120,3010,2025-08-25T22:59:00Z
Avaada_kedavra,zLZTdTgO,TRUE,bullet,Black,black,1,3106,7,3113,3015,2025-08-25T22:57:41Z
Avaada_kedavra,cIJxO7RF,TRUE,bullet,White,white,1,3099,7,3106,3020,2025-08-25T22:55:10Z
Avaada_kedavra,rJahsKfz,TRUE,bullet,Black,white,0,3111,-12,3099,3012,2025-08-25T22:52:43Z
Avaada_kedavra,5sqBqGO3,TRUE,bullet,White,white,1,3104,7,3111,3017,2025-08-25T22:51:08Z
Avaada_kedavra,BeA2ufvi,TRUE,bullet,Black,white,0,3117,-13,3104,3008,2025-08-25T22:48:42Z
Avaada_kedavra,YG7hrXFZ,TRUE,bullet,White,white,1,3109,8,3117,3013,2025-08-25T22:46:53Z
Avaada_kedavra,9HBDzXaJ,TRUE,bullet,Black,black,1,3101,8,3109,3018,2025-08-25T22:44:25Z
Avaada_kedavra,nGRs9Pxc,TRUE,bullet,White,white,1,3091,10,3101,3024,2025-08-25T22:43:37Z
Avaada_kedavra,SKVvjKlO,TRUE,bullet,Black,black,1,3082,9,3091,3030,2025-08-25T22:40:53Z
Sridhar75,bnS7Hm86,TRUE,blitz,Black,white,0,1466,-15,1451,1515,2025-09-16T16:59:56Z
Sridhar75,EAdELizT,TRUE,blitz,White,black,0,1483,-17,1466,1510,2025-09-16T16:52:02Z
Sridhar75,9fPuz7KH,TRUE,blitz,Black,white,0,1502,-19,1483,1504,2025-09-16T16:50:03Z
Sridhar75,yIughx74,TRUE,rapid,Black,black,1,1651,43,1694,1771,2025-09-16T16:29:32Z
Sridhar75,PymdNyck,TRUE,rapid,White,black,0,1677,-26,1651,1767,2025-09-16T16:18:05Z
Sridhar75,aCZPaDfa,TRUE,rapid,Black,white,0,1710,-33,1677,1762,2025-09-16T16:13:51Z
Sridhar75,SGXDTRZ8,TRUE,rapid,White,black,0,1753,-43,1710,1757,2025-09-16T16:01:33Z
Sridhar75,DcD9xw1h,TRUE,rapid,Black,black,1,1693,60,1753,1763,2025-09-16T15:55:31Z
Sridhar75,SpXRjJND,TRUE,rapid,White,black,0,1748,-55,1693,1758,2025-09-16T15:40:40Z
Sridhar75,av4Szyqa,TRUE,rapid,Black,white,0,1831,-83,1748,1752,2025-09-16T15:33:02Z
Sridhar75,5FxBq8Uc,TRUE,blitz,Black,white,0,1526,-24,1502,1466,2025-09-16T15:20:27Z
Sridhar75,GPtgj03W,TRUE,bullet,Black,black,1,1453,6,1459,1387,2025-03-01T02:35:39Z
Sridhar75,qzMU5wse,TRUE,blitz,Black,black,1,1518,8,1526,1479,2025-02-28T23:26:29Z
Sridhar75,JchhckI9,TRUE,blitz,White,black,0,1526,-8,1518,1550,2025-02-28T23:14:23Z
Sridhar75,ey9nF9YY,TRUE,blitz,White,white,1,1523,3,1526,1266,2025-02-28T22:57:06Z
StealYourKidney,sM9i11Mr,TRUE,blitz,White,NA,0.5,1500,-93,1407,1367,2024-06-03T06:13:14Z
Master-06,bDGIJ8Wq,TRUE,bullet,White,black,0,2580,-7,2573,2527,2025-10-06T11:15:19Z
Master-06,tGteuWQE,TRUE,bullet,Black,black,1,2575,5,2580,2532,2025-10-06T11:13:03Z
Master-06,gC5JI75B,TRUE,bullet,White,black,0,2581,-6,2575,2525,2025-10-06T11:10:26Z
Master-06,cXxiLo9E,TRUE,bullet,Black,black,1,2576,5,2581,2530,2025-10-06T11:09:24Z
Master-06,sHLZbTrK,TRUE,bullet,White,black,0,2583,-7,2576,2523,2025-10-06T11:08:00Z
Master-06,lYc69Bnd,TRUE,bullet,Black,white,0,2590,-7,2583,2516,2025-10-06T11:05:35Z
Master-06,A3UKLjXT,TRUE,bullet,White,white,1,2585,5,2590,2521,2025-10-06T11:03:24Z
Master-06,4NZ0D82c,TRUE,bullet,Black,white,0,2592,-7,2585,2514,2025-10-06T11:00:57Z
Master-06,pvTxF2Vt,TRUE,bullet,White,black,0,2597,-5,2592,2605,2025-10-06T10:58:29Z
Master-06,ISXjicCm,TRUE,bullet,Black,white,0,2603,-6,2597,2599,2025-10-06T10:56:48Z
Master-06,H9EGDeds,TRUE,bullet,White,black,0,2609,-6,2603,2593,2025-10-06T10:54:29Z
Master-06,cdzWucfW,TRUE,bullet,Black,white,0,2615,-6,2609,2587,2025-10-06T10:53:28Z
Master-06,9MVSwTpc,TRUE,bullet,White,black,0,2622,-7,2615,2580,2025-10-06T10:51:19Z
Master-06,bmkovSlD,TRUE,bullet,Black,black,1,2616,6,2622,2585,2025-10-06T10:49:46Z
Master-06,Zr3Fi1Aj,TRUE,bullet,White,white,1,2611,5,2616,2591,2025-10-06T10:48:43Z
MaximEvdo,9e45uIJ3,TRUE,bullet,Black,black,1,2931,6,2937,2929,2025-10-15T10:34:25Z
MaximEvdo,hFoUHVnS,TRUE,bullet,White,black,0,2938,-7,2931,2868,2025-10-15T09:34:11Z
MaximEvdo,OwFh1OVy,TRUE,bullet,Black,black,1,2933,5,2938,2873,2025-10-15T09:33:49Z
MaximEvdo,U2WDQRBf,TRUE,bullet,Black,black,1,2929,4,2933,2847,2025-10-14T16:10:55Z
MaximEvdo,PbHh2zif,TRUE,bullet,White,NA,0.5,2929,0,2929,2922,2025-10-14T15:55:26Z
MaximEvdo,RVdTrTEK,TRUE,bullet,Black,white,0,2936,-7,2929,2846,2025-10-14T15:51:23Z
MaximEvdo,GBeQEYCR,TRUE,bullet,White,black,0,2941,-5,2936,2944,2025-10-14T15:49:14Z
MaximEvdo,cDmkec9O,TRUE,bullet,Black,black,1,2937,4,2941,2850,2025-10-14T14:51:46Z
MaximEvdo,eXSN39iu,TRUE,bullet,White,white,1,2933,4,2937,2829,2025-10-14T14:33:05Z
MaximEvdo,pxDGuCgn,TRUE,bullet,Black,black,1,2932,1,2933,2481,2025-10-14T13:47:06Z
MaximEvdo,FfjcCcma,TRUE,bullet,White,white,1,2931,1,2932,2482,2025-10-14T13:45:57Z
MaximEvdo,dtxYtvoO,TRUE,bullet,Black,black,1,2930,1,2931,2483,2025-10-14T13:44:59Z
MaximEvdo,K9oB1bxi,TRUE,bullet,White,white,1,2930,0,2930,2484,2025-10-14T13:43:51Z
MaximEvdo,b6SXjiG4,TRUE,bullet,Black,black,1,2929,1,2930,2485,2025-10-14T13:42:46Z
MaximEvdo,7mZBsOwA,TRUE,bullet,White,white,1,2928,1,2929,2486,2025-10-14T13:41:39Z
Lintchevski_Daniil,MewrdO0x,TRUE,blitz,White,white,1,2810,5,2815,2788,2025-10-15T22:44:25Z
Lintchevski_Daniil,G3LbBgk5,TRUE,blitz,Black,white,0,2816,-6,2810,2782,2025-10-15T22:38:09Z
Lintchevski_Daniil,3NB8SYYq,TRUE,blitz,White,white,1,2810,6,2816,2787,2025-10-15T22:35:00Z
Lintchevski_Daniil,bRoLd0e0,TRUE,blitz,Black,black,1,2805,5,2810,2793,2025-10-15T22:30:18Z
Lintchevski_Daniil,9mT1EPiQ,TRUE,blitz,White,black,0,2811,-6,2805,2787,2025-10-15T22:25:08Z
Lintchevski_Daniil,VWnd8v6W,TRUE,blitz,Black,white,0,2817,-6,2811,2780,2025-10-15T22:21:03Z
Lintchevski_Daniil,bMopMWVX,TRUE,blitz,White,black,0,2824,-7,2817,2774,2025-10-15T22:15:00Z
Lintchevski_Daniil,Zek2xh9T,TRUE,blitz,Black,white,0,2830,-6,2824,2767,2025-10-15T22:10:28Z
Lintchevski_Daniil,6FjL8or5,TRUE,blitz,White,black,0,2837,-7,2830,2760,2025-10-15T22:05:23Z
Lintchevski_Daniil,Oj2SbCQf,TRUE,blitz,Black,black,1,2833,4,2837,2765,2025-10-15T22:00:03Z
Lintchevski_Daniil,6uEUuRhA,TRUE,blitz,Black,NA,0.5,2833,0,2833,2818,2025-10-15T21:48:52Z
Lintchevski_Daniil,yjdLjEX2,TRUE,blitz,Black,black,1,2831,2,2833,2604,2025-10-15T21:40:20Z
Lintchevski_Daniil,N85vIa45,TRUE,blitz,White,white,1,2828,3,2831,2641,2025-10-15T21:32:26Z
Lintchevski_Daniil,WAgRMiSD,TRUE,blitz,Black,black,1,2825,3,2828,2644,2025-10-15T21:29:50Z
Lintchevski_Daniil,2fLIjPje,TRUE,blitz,White,white,1,2821,4,2825,2647,2025-10-15T21:24:02Z
XBLAAAA,QDIG32gv,TRUE,rapid,Black,white,0,2126,-5,2121,2167,2025-10-14T03:29:18Z
XBLAAAA,Zlhk0Old,TRUE,rapid,White,white,1,2120,6,2126,2122,2025-10-14T02:35:38Z
XBLAAAA,X8AX02dC,TRUE,rapid,White,black,0,2124,-4,2120,2248,2025-10-14T01:42:17Z
XBLAAAA,akhbwnQ4,TRUE,rapid,White,black,0,2129,-5,2124,2158,2025-10-13T09:08:17Z
XBLAAAA,0ERu0oNt,TRUE,rapid,Black,white,0,2134,-5,2129,2190,2025-10-13T08:48:14Z
XBLAAAA,8gvthQ38,TRUE,rapid,White,NA,0.5,2132,2,2134,2219,2025-10-13T05:03:31Z
XBLAAAA,YtHtFvgV,TRUE,rapid,White,NA,0.5,2132,0,2132,2154,2025-10-13T04:36:11Z
XBLAAAA,T15jkSMi,TRUE,bullet,Black,black,1,2187,12,2199,1924,2025-10-12T07:47:36Z
XBLAAAA,MuLd4LFC,TRUE,rapid,Black,white,0,2137,-5,2132,2184,2025-10-12T07:16:36Z
XBLAAAA,SpsMGfOw,TRUE,rapid,White,black,0,2142,-5,2137,2163,2025-10-12T04:48:54Z
XBLAAAA,6ZXuqP96,TRUE,rapid,White,black,0,2148,-6,2142,2150,2025-10-12T04:30:07Z
XBLAAAA,R569mC4T,TRUE,rapid,White,black,0,2153,-5,2148,2200,2025-10-11T04:16:37Z
XBLAAAA,Rn9qX6Vv,TRUE,rapid,Black,black,1,2147,6,2153,2173,2025-10-11T02:49:16Z
XBLAAAA,5hz8d8ys,TRUE,rapid,Black,white,0,2152,-5,2147,2195,2025-10-10T10:59:02Z
XBLAAAA,ss6jAPyQ,TRUE,rapid,White,black,0,2157,-5,2152,2190,2025-10-10T09:04:47Z
FjI-467,TBgtOk4f,TRUE,blitz,Black,black,1,1302,8,1310,1046,2025-07-24T11:21:15Z
FjI-467,k8XIo8eY,TRUE,blitz,White,white,1,1282,20,1302,1281,2025-07-21T04:40:19Z
FjI-467,G8N23Kdl,TRUE,blitz,Black,white,0,1305,-23,1282,1271,2025-07-21T04:35:22Z
FjI-467,n9F9tPMK,TRUE,blitz,White,white,1,1283,22,1305,1276,2025-07-21T04:30:08Z
FjI-467,hHUt9DQH,TRUE,blitz,Black,white,0,1308,-25,1283,1294,2025-07-21T04:28:22Z
FjI-467,jpsBufg7,TRUE,blitz,Black,white,0,1336,-28,1308,1308,2025-07-21T04:21:54Z
FjI-467,fCVwz3wI,TRUE,blitz,Black,white,0,1369,-33,1336,1308,2025-07-21T04:15:49Z
FjI-467,SohPH0Wu,TRUE,blitz,Black,black,1,1341,28,1369,1321,2025-07-20T14:11:12Z
FjI-467,xxBHawok,TRUE,blitz,White,black,0,1392,-51,1341,1177,2025-07-20T14:03:05Z
FjI-467,TobQQmqC,TRUE,blitz,Black,white,0,1434,-42,1392,1369,2025-07-20T14:00:09Z
FjI-467,ryegWI59,TRUE,blitz,White,black,0,1508,-74,1434,962,2025-07-20T13:54:40Z
FjI-467,IQ0dKKLA,TRUE,blitz,Black,white,0,1548,-40,1508,1456,2025-07-20T13:47:29Z
FjI-467,VJH9dyGd,TRUE,blitz,White,black,0,1564,-16,1548,1824,2025-07-20T13:44:36Z
FjI-467,S4ZCeY4g,TRUE,blitz,White,black,0,1571,-7,1564,2029,2025-07-20T13:41:08Z
FjI-467,YXWe3YhU,TRUE,blitz,Black,white,0,1583,-12,1571,1914,2025-07-20T13:38:08Z
tobyrizzo,00NzbbMZ,TRUE,blitz,White,white,1,2269,9,2278,2232,2025-09-18T15:08:42Z
tobyrizzo,dV4OyWsI,TRUE,blitz,Black,black,1,2259,10,2269,2238,2025-09-18T15:03:32Z
tobyrizzo,eL0Lb2Aw,TRUE,blitz,White,black,0,2268,-9,2259,2330,2025-09-14T23:45:44Z
tobyrizzo,ngHrUoPv,TRUE,blitz,Black,black,1,2261,7,2268,2131,2025-09-14T23:40:34Z
tobyrizzo,iTaDkiUq,TRUE,blitz,White,black,0,2268,-7,2261,2316,2025-08-30T18:34:33Z
tobyrizzo,WN9s64ZK,TRUE,bullet,Black,black,1,2793,9,2802,2637,2025-08-30T18:11:44Z
tobyrizzo,pbycRQQ6,TRUE,bullet,White,white,1,2782,11,2793,2690,2025-08-30T18:10:18Z
tobyrizzo,yllcjqMF,TRUE,bullet,Black,black,1,2770,12,2782,2692,2025-08-30T18:07:56Z
tobyrizzo,ywCUWSWR,TRUE,bullet,White,white,1,2757,13,2770,2697,2025-08-30T18:06:31Z
tobyrizzo,ELkbzkQZ,TRUE,bullet,White,white,1,2749,8,2757,2556,2025-08-30T18:04:38Z
tobyrizzo,4QIJnRk0,TRUE,bullet,White,NA,0.5,2753,-4,2749,2663,2025-08-30T18:02:18Z
tobyrizzo,6MjtdRUt,TRUE,bullet,Black,black,1,2733,20,2753,2766,2025-08-30T18:01:09Z
tobyrizzo,aQdaChqA,TRUE,bullet,Black,white,0,2763,-30,2733,2530,2025-08-30T17:59:58Z
tobyrizzo,67qxpUkE,TRUE,bullet,White,NA,0.5,2775,-12,2763,2527,2025-08-30T17:58:40Z
tobyrizzo,cUCwxbwn,TRUE,bullet,Black,black,1,2766,9,2775,2529,2025-08-30T17:57:32Z
IALIIALIIALI,86SYqWtT,TRUE,blitz,White,black,0,2367,-12,2355,2605,2025-10-11T19:33:43Z
IALIIALIIALI,draVSHWF,TRUE,blitz,Black,white,0,2391,-24,2367,2458,2025-10-11T19:28:39Z
IALIIALIIALI,k0FrbYY7,TRUE,blitz,Black,black,1,2348,43,2391,2465,2025-10-11T19:21:43Z
IALIIALIIALI,EMAnNWzU,TRUE,blitz,White,black,0,2357,-9,2348,2694,2025-10-11T19:18:57Z
IALIIALIIALI,DeektL2u,TRUE,blitz,Black,black,1,2312,45,2357,2383,2025-10-11T19:15:45Z
IALIIALIIALI,omA6GK5P,TRUE,blitz,White,white,1,2261,51,2312,2353,2025-10-11T19:12:01Z
IALIIALIIALI,I7Y3Aj9X,TRUE,blitz,Black,black,1,2190,71,2261,2396,2025-10-11T19:07:01Z
IALIIALIIALI,ds0JEnvp,TRUE,blitz,White,black,0,2217,-27,2190,2394,2025-10-11T19:02:24Z
IALIIALIIALI,VHnpqPXl,TRUE,blitz,Black,white,0,2276,-59,2217,2267,2025-10-11T19:00:01Z
IALIIALIIALI,3n4W1dqU,TRUE,bullet,White,white,1,2700,9,2709,2765,2025-10-08T22:21:16Z
IALIIALIIALI,DSkcrtpj,TRUE,bullet,White,black,0,2707,-7,2700,2749,2025-10-08T22:18:54Z
IALIIALIIALI,32qN3u3h,TRUE,bullet,Black,white,0,2714,-7,2707,2756,2025-10-08T22:16:03Z
IALIIALIIALI,McNSutS1,TRUE,bullet,White,black,0,2728,-14,2714,2155,2025-10-02T14:50:57Z
IALIIALIIALI,ly4kuxpC,TRUE,bullet,Black,black,1,2727,1,2728,2156,2025-10-02T14:48:15Z
IALIIALIIALI,IfACLQJH,TRUE,blitz,Black,black,1,2204,72,2276,2231,2025-09-27T19:59:57Z
Nov3x,5xW2DWQe,TRUE,bullet,Black,white,0,2105,-93,2012,2129,2025-08-02T14:39:04Z
Nov3x,J5H3mfYq,TRUE,bullet,White,black,0,2131,-26,2105,2174,2023-07-24T16:13:26Z
Nov3x,7sSCO2Eu,TRUE,bullet,Black,white,0,2153,-22,2131,2266,2023-07-24T16:10:31Z
Nov3x,SFpdIRMH,TRUE,bullet,White,black,0,2185,-32,2153,2222,2023-07-24T16:08:49Z
Nov3x,3Mq0CLdu,TRUE,bullet,White,white,1,2153,32,2185,2166,2023-05-27T17:59:16Z
Nov3x,ouYu9xrL,TRUE,bullet,Black,white,0,2166,-13,2153,2182,2023-01-17T15:23:31Z
Nov3x,NfUt1y7P,TRUE,bullet,Black,black,1,2149,17,2166,2199,2023-01-17T15:21:16Z
Nov3x,XTOE3HwP,TRUE,bullet,Black,white,0,2163,-14,2149,2187,2023-01-17T15:19:54Z
Nov3x,e9nsyvhR,TRUE,bullet,Black,white,0,2178,-15,2163,2209,2023-01-17T15:18:32Z
Nov3x,QCCLLj1M,TRUE,bullet,White,white,1,2162,16,2178,2208,2022-12-27T23:03:48Z
Nov3x,ISa7PAVM,TRUE,bullet,Black,black,1,2146,16,2162,2214,2022-12-27T23:02:56Z
Nov3x,ArVZ8Quz,TRUE,bullet,White,white,1,2127,19,2146,2221,2022-12-27T23:02:19Z
Nov3x,zIZu4rag,TRUE,bullet,White,black,0,2140,-13,2127,2197,2022-12-27T23:01:04Z
Nov3x,OODHlrC8,TRUE,bullet,Black,white,0,2154,-14,2140,2192,2022-12-27T22:59:57Z
Nov3x,tCT7KZEw,TRUE,bullet,Black,white,0,2163,-9,2154,2318,2022-12-27T22:58:50Z
UglySwede,r8v9FzD3,TRUE,bullet,Black,black,1,1761,18,1779,1707,2025-09-19T11:55:33Z
UglySwede,EcyKIGPN,TRUE,bullet,Black,black,1,1757,4,1761,1387,2025-09-02T20:20:54Z
UglySwede,TlBdwRrI,TRUE,bullet,Black,black,1,1755,2,1757,1196,2025-09-02T20:18:48Z
UglySwede,eT0Mo1PS,TRUE,bullet,White,black,0,1774,-19,1755,1804,2025-09-02T20:16:50Z
UglySwede,yTKHjw34,TRUE,bullet,White,white,1,1746,28,1774,1836,2025-09-02T20:14:26Z
UglySwede,aIJE7GnG,TRUE,bullet,Black,white,0,1750,-4,1746,2154,2025-09-02T20:12:20Z
UglySwede,sTYUQ9cB,TRUE,bullet,White,white,1,1744,6,1750,1414,2025-09-02T20:10:12Z
UglySwede,DTuJ7RGl,TRUE,bullet,White,black,0,1785,-41,1744,1528,2025-09-02T20:09:16Z
UglySwede,2rV5ZJta,TRUE,bullet,Black,NA,0.5,1768,17,1785,2016,2025-09-02T20:06:56Z
UglySwede,qGpA6F2q,TRUE,bullet,White,black,0,1777,-9,1768,2071,2025-08-26T20:18:05Z
UglySwede,snylsRmg,TRUE,bullet,Black,white,0,1802,-25,1777,1841,2025-08-26T20:16:16Z
UglySwede,8PltXujT,TRUE,bullet,White,black,0,1822,-20,1802,1888,2025-05-18T19:35:01Z
UglySwede,XJPfMPQ7,TRUE,bullet,White,white,1,1805,17,1822,1692,2025-04-20T07:41:39Z
UglySwede,cb6CHV3Y,TRUE,bullet,White,black,0,1837,-32,1805,1749,2025-04-16T16:32:08Z
UglySwede,CRx3SrP2,TRUE,bullet,Black,black,1,1791,46,1837,2190,2025-03-14T17:05:29Z
Pjr2001,rqkJwfer,TRUE,blitz,White,white,1,1418,52,1470,1344,2025-09-15T09:21:36Z
Pjr2001,LGoYaW8O,TRUE,rapid,White,white,1,1459,43,1502,1430,2025-08-25T08:04:58Z
Pjr2001,MYHnZ7cr,TRUE,rapid,Black,black,1,1394,65,1459,1480,2025-08-24T12:19:03Z
Pjr2001,ll1EI13a,TRUE,rapid,White,white,1,1316,78,1394,1413,2025-08-23T09:20:42Z
Pjr2001,kmKAyOpx,TRUE,rapid,White,black,0,1389,-73,1316,1385,2025-08-23T09:08:51Z
Pjr2001,2B2dBG5G,TRUE,rapid,White,black,0,1498,-109,1389,1427,2025-08-23T08:34:14Z
Pjr2001,RgmErfIK,TRUE,rapid,Black,black,1,1358,140,1498,1409,2025-08-23T03:17:31Z
Pjr2001,TyGBA9Or,TRUE,blitz,Black,white,0,1501,-83,1418,1474,2025-08-23T03:10:37Z
Pjr2001,vqb1dlbg,TRUE,blitz,Black,black,1,1422,79,1501,1353,2025-08-22T08:47:34Z
Pjr2001,zQRj4tfo,TRUE,bullet,White,black,0,1125,-18,1107,1237,2024-01-22T08:37:33Z
Pjr2001,sSXdYGqU,TRUE,bullet,Black,white,0,1152,-27,1125,1177,2024-01-22T08:33:55Z
Pjr2001,TFAyWvMw,TRUE,bullet,Black,black,1,1125,27,1152,1086,2024-01-05T08:45:36Z
Pjr2001,gibGKIiJ,TRUE,bullet,White,white,1,1094,31,1125,1062,2023-12-31T06:05:42Z
Pjr2001,oGCF47lt,TRUE,bullet,Black,white,0,1139,-45,1094,1056,2023-12-31T06:00:43Z
Pjr2001,l6WEBDwC,TRUE,bullet,White,white,1,1103,36,1139,1060,2023-12-31T05:56:46Z
LOST_IN_FUTURE,Hz2e49Tn,TRUE,rapid,White,NA,0.5,2408,-1,2407,2360,2025-10-16T04:13:45Z
LOST_IN_FUTURE,ZB06Dewa,TRUE,rapid,Black,black,1,2403,5,2408,2365,2025-10-16T03:51:10Z
LOST_IN_FUTURE,e8x9fv2N,TRUE,rapid,White,NA,0.5,2403,0,2403,2364,2025-10-16T03:38:32Z
LOST_IN_FUTURE,120opE4O,TRUE,rapid,Black,black,1,2399,4,2403,2287,2025-10-15T12:14:20Z
LOST_IN_FUTURE,KW9hAFD3,TRUE,rapid,White,white,1,2394,5,2399,2375,2025-10-15T12:01:16Z
LOST_IN_FUTURE,5rKnwRWy,TRUE,rapid,White,NA,0.5,2392,2,2394,2494,2025-10-15T11:45:44Z
LOST_IN_FUTURE,mpDkyd4c,TRUE,rapid,Black,white,0,2400,-8,2392,2272,2025-10-14T14:38:59Z
LOST_IN_FUTURE,2esQmP0E,TRUE,rapid,Black,NA,0.5,2400,0,2400,2372,2025-10-14T12:41:28Z
LOST_IN_FUTURE,MkOxyLaw,TRUE,rapid,White,white,1,2397,3,2400,2241,2025-10-14T10:17:01Z
LOST_IN_FUTURE,yzcSy5We,TRUE,blitz,White,black,0,2389,-8,2381,2237,2025-10-13T12:07:18Z
LOST_IN_FUTURE,SxeNqOEM,TRUE,rapid,Black,white,0,2403,-6,2397,2362,2025-10-13T08:31:43Z
LOST_IN_FUTURE,Y8v7wHa5,TRUE,rapid,White,black,0,2410,-7,2403,2324,2025-10-13T08:18:39Z
LOST_IN_FUTURE,QJfKPKpe,TRUE,rapid,White,white,1,2406,4,2410,2294,2025-10-13T08:13:43Z
LOST_IN_FUTURE,THYUBiMd,TRUE,blitz,White,black,0,2395,-6,2389,2355,2025-10-12T08:35:19Z
LOST_IN_FUTURE,xHAnWwPa,TRUE,blitz,Black,black,1,2391,4,2395,2295,2025-10-12T08:31:30Z
Natso,U8iNCuaP,TRUE,blitz,Black,black,1,2262,19,2281,2302,2023-02-02T00:48:34Z
Natso,2IKpnNyr,TRUE,blitz,White,NA,0.5,2257,5,2262,2360,2023-01-10T13:32:43Z
Natso,H74LEYYd,TRUE,blitz,Black,black,1,2252,5,2257,2007,2022-10-21T22:22:38Z
Natso,utne2JQA,TRUE,blitz,White,white,1,2247,5,2252,2009,2022-10-21T22:21:03Z
Natso,S0RapwMN,TRUE,blitz,Black,black,1,2241,6,2247,2012,2022-10-21T22:15:39Z
Natso,AuB2NNBb,TRUE,blitz,White,black,0,2263,-22,2241,2002,2022-10-21T22:10:02Z
Natso,rnav5tXy,TRUE,blitz,Black,black,1,2258,5,2263,2005,2022-10-21T22:08:11Z
Natso,MJMgq9LM,TRUE,blitz,White,white,1,2252,6,2258,2007,2022-10-21T22:03:20Z
Natso,Eys5jI7A,TRUE,blitz,Black,black,1,2246,6,2252,2009,2022-10-21T21:56:58Z
Natso,S4ElBo0z,TRUE,blitz,White,white,1,2246,0,2246,1271,2022-08-18T12:29:13Z
Natso,grHmvpK9,TRUE,blitz,Black,NA,0.5,2247,-1,2246,2197,2022-06-28T02:41:43Z
Natso,P85oNe2n,TRUE,blitz,White,white,1,2240,7,2247,2234,2022-06-25T05:41:31Z
Natso,vrcT4eGE,TRUE,blitz,Black,black,1,2232,8,2240,2279,2022-06-25T02:22:16Z
Natso,sYB7CSOw,TRUE,blitz,Black,black,1,2226,6,2232,2124,2022-06-25T02:10:37Z
Natso,FvA2KqLq,TRUE,blitz,Black,black,1,2218,8,2226,2215,2022-06-25T01:58:07Z
PazificDreams,popBLJtr,TRUE,bullet,White,white,1,2700,21,2721,2363,2025-07-15T15:37:19Z
PazificDreams,CaIqGRZ3,TRUE,blitz,Black,white,0,2619,-7,2612,2517,2025-05-22T21:20:00Z
PazificDreams,Jv0ed2YE,TRUE,blitz,White,white,1,2615,4,2619,2530,2025-05-22T21:14:33Z
PazificDreams,lJMhqIdy,TRUE,blitz,Black,black,1,2612,3,2615,2433,2025-05-21T20:27:12Z
PazificDreams,diLG2SDb,TRUE,blitz,White,white,1,2608,4,2612,2437,2025-05-21T20:23:45Z
PazificDreams,at8DY5vR,TRUE,blitz,Black,black,1,2605,3,2608,2460,2025-05-19T21:03:28Z
PazificDreams,OljPFNSS,TRUE,blitz,White,white,1,2600,5,2605,2510,2025-05-17T18:03:33Z
PazificDreams,EI05ztSW,TRUE,blitz,White,black,0,2605,-5,2600,2642,2025-05-11T16:31:05Z
PazificDreams,QWEmfNBL,TRUE,blitz,Black,black,1,2601,4,2605,2492,2025-05-11T15:35:15Z
PazificDreams,blUaijS7,TRUE,blitz,Black,NA,0.5,2601,0,2601,2596,2025-05-11T13:45:05Z
PazificDreams,ki1dlFfM,TRUE,blitz,Black,black,1,2595,6,2601,2634,2025-05-09T21:40:58Z
PazificDreams,DEdOX999,TRUE,blitz,White,white,1,2590,5,2595,2555,2025-05-09T21:37:24Z
PazificDreams,Yi9adZGd,TRUE,blitz,Black,white,0,2593,-3,2590,2714,2025-05-09T20:10:23Z
PazificDreams,X3nzMOEi,TRUE,blitz,White,white,1,2588,5,2593,2587,2025-05-09T19:07:18Z
PazificDreams,k1bnYF9y,TRUE,blitz,White,white,1,2582,6,2588,2591,2025-05-09T19:02:59Z
ArysyaPiter,eLJp4Wv2,TRUE,bullet,Black,white,0,3067,-11,3056,2326,2025-10-15T16:55:21Z
ArysyaPiter,wUIEuIYw,TRUE,bullet,White,white,1,3067,0,3067,2363,2025-10-15T16:52:38Z
ArysyaPiter,PpvXt1qV,TRUE,bullet,White,white,1,3066,1,3067,2530,2025-10-15T16:49:56Z
ArysyaPiter,x1Eu87VK,TRUE,bullet,Black,black,1,3066,0,3066,2386,2025-10-15T16:47:12Z
ArysyaPiter,huuliv4F,TRUE,bullet,Black,black,1,3066,0,3066,2443,2025-10-15T16:44:37Z
ArysyaPiter,dC8TVLwA,TRUE,bullet,White,white,1,3063,3,3066,2816,2025-10-15T16:41:44Z
ArysyaPiter,GgDFSqNZ,TRUE,bullet,Black,black,1,3061,2,3063,2810,2025-10-15T16:39:05Z
ArysyaPiter,4tt2fcBK,TRUE,bullet,White,white,1,3060,1,3061,2589,2025-10-15T16:36:12Z
ArysyaPiter,ApL9lOFh,TRUE,bullet,Black,black,1,3060,0,3060,2586,2025-10-15T16:33:33Z
ArysyaPiter,mzYUvyr8,TRUE,bullet,White,black,0,3068,-8,3060,2880,2025-10-15T16:30:54Z
ArysyaPiter,4x0N5Jxh,TRUE,bullet,White,white,1,3066,2,3068,2755,2025-10-15T16:28:01Z
ArysyaPiter,pIYTmm7X,TRUE,bullet,Black,black,1,3066,0,3066,2615,2025-10-15T16:25:02Z
ArysyaPiter,4pclf4fs,TRUE,bullet,Black,black,1,3065,1,3066,2442,2025-10-15T16:22:12Z
ArysyaPiter,o3OT5j7W,TRUE,bullet,White,black,0,3074,-9,3065,2859,2025-10-15T16:19:23Z
ArysyaPiter,GObqP0Fl,TRUE,bullet,Black,white,0,3080,-6,3074,3045,2025-10-15T16:16:45Z
UnholyCrusade,6AWN0ug5,TRUE,bullet,White,black,0,2913,-3,2910,3074,2025-09-06T20:38:23Z
UnholyCrusade,U7ATW7xl,TRUE,bullet,White,black,0,2920,-7,2913,2886,2025-09-06T20:36:17Z
UnholyCrusade,aFqqchjZ,TRUE,bullet,White,black,0,2927,-7,2920,2842,2025-09-06T20:35:38Z
UnholyCrusade,Q72dXMNn,TRUE,bullet,Black,white,0,2934,-7,2927,2834,2025-09-06T20:34:31Z
UnholyCrusade,NG1SU0ZF,TRUE,bullet,White,black,0,2941,-7,2934,2827,2025-09-06T20:33:26Z
UnholyCrusade,Q9BqraNG,TRUE,bullet,Black,black,1,2937,4,2941,2831,2025-09-06T20:32:37Z
UnholyCrusade,468yh96t,TRUE,bullet,White,white,1,2933,4,2937,2835,2025-09-06T20:31:33Z
UnholyCrusade,eBBWJXnh,TRUE,bullet,Black,black,1,2929,4,2933,2839,2025-09-06T20:30:51Z
UnholyCrusade,Gv9WorV3,TRUE,bullet,White,black,0,2936,-7,2929,2832,2025-09-06T20:29:46Z
UnholyCrusade,EqQnzmdz,TRUE,bullet,Black,black,1,2932,4,2936,2836,2025-09-06T20:28:52Z
UnholyCrusade,kxvTimYF,TRUE,bullet,White,black,0,2939,-7,2932,2829,2025-09-06T20:27:44Z
UnholyCrusade,eU5uL1jC,TRUE,bullet,Black,black,1,2935,4,2939,2833,2025-09-06T20:26:38Z
UnholyCrusade,Cfe2fbhE,TRUE,bullet,White,NA,0.5,2937,-2,2935,2831,2025-09-06T20:25:32Z
UnholyCrusade,745lOpIp,TRUE,bullet,Black,white,0,2944,-7,2937,2823,2025-09-06T20:24:27Z
UnholyCrusade,5eZFNuCG,TRUE,bullet,White,white,1,2940,4,2944,2827,2025-09-06T20:23:26Z
mygoalis2700,keltaBtW,TRUE,blitz,Black,black,1,2658,3,2661,2448,2025-10-14T03:41:35Z
mygoalis2700,xOwwv1lo,TRUE,blitz,Black,black,1,2655,3,2658,2469,2025-10-14T02:11:21Z
mygoalis2700,RLEPjh4G,TRUE,blitz,White,white,1,2652,3,2655,2461,2025-10-14T01:20:39Z
mygoalis2700,cmLtamdz,TRUE,bullet,Black,black,1,3133,8,3141,3235,2025-10-13T22:46:54Z
mygoalis2700,WHJeg9Ul,TRUE,bullet,White,NA,0.5,3132,1,3133,3236,2025-10-13T22:45:45Z
mygoalis2700,8zEgDlkF,TRUE,bullet,Black,NA,0.5,3130,2,3132,3238,2025-10-13T22:44:38Z
mygoalis2700,HYNIhqCb,TRUE,bullet,White,white,1,3122,8,3130,3246,2025-10-13T22:43:39Z
mygoalis2700,OYBrOsJP,TRUE,bullet,Black,black,1,3114,8,3122,3254,2025-10-13T22:42:22Z
mygoalis2700,qx23wKkS,TRUE,bullet,White,white,1,3106,8,3114,3262,2025-10-13T22:41:28Z
mygoalis2700,xGRk5QqE,TRUE,bullet,White,black,0,3110,-4,3106,3258,2025-10-13T22:38:58Z
mygoalis2700,eTfsoia8,TRUE,blitz,Black,black,1,2648,4,2652,2572,2025-10-13T19:58:53Z
mygoalis2700,M5zIREAa,TRUE,blitz,White,white,1,2642,6,2648,2637,2025-10-13T19:49:08Z
mygoalis2700,6cHn3t2H,TRUE,blitz,Black,white,0,2648,-6,2642,2644,2025-10-13T19:43:20Z
mygoalis2700,SWQF5Y8E,TRUE,blitz,White,white,1,2643,5,2648,2582,2025-10-13T19:41:31Z
mygoalis2700,7MCCGfjj,TRUE,blitz,Black,white,0,2649,-6,2643,2621,2025-10-13T19:39:43Z
spidermandavi,QrviQjJ1,TRUE,blitz,Black,black,1,1466,23,1489,1428,2025-10-05T18:05:55Z
spidermandavi,BUfZFVew,TRUE,blitz,Black,NA,0.5,1468,-2,1466,1441,2025-10-02T04:48:26Z
spidermandavi,wpiL0N2H,TRUE,bullet,Black,black,1,1292,11,1303,1279,2025-09-30T18:14:05Z
spidermandavi,CMrfJhaN,TRUE,bullet,White,NA,0.5,1294,-2,1292,1239,2025-09-30T04:58:48Z
spidermandavi,7YXsQ28z,TRUE,bullet,White,white,1,1282,12,1294,1306,2025-09-28T08:42:32Z
spidermandavi,9d4knfsA,TRUE,bullet,Black,black,1,1267,15,1282,1377,2025-09-28T08:39:26Z
spidermandavi,DP7szLkv,TRUE,bullet,Black,white,0,1277,-10,1267,1328,2025-09-28T08:36:18Z
spidermandavi,viofP83y,TRUE,bullet,White,white,1,1260,17,1277,1386,2025-09-28T08:33:36Z
spidermandavi,wwtT5IKE,TRUE,bullet,Black,black,1,1250,10,1260,1210,2025-09-22T06:12:33Z
spidermandavi,9P8x1lV5,TRUE,bullet,White,black,0,1261,-11,1250,1279,2025-09-22T06:10:34Z
spidermandavi,mLQmwzlk,TRUE,blitz,White,black,0,1496,-28,1468,1470,2025-09-19T06:33:15Z
spidermandavi,07MYCIWb,TRUE,blitz,White,white,1,1474,22,1496,1392,2025-09-19T06:21:17Z
spidermandavi,8aj8yTnW,TRUE,rapid,White,NA,0.5,1350,-14,1336,1224,2025-09-09T12:15:31Z
spidermandavi,G1EWOPEu,TRUE,blitz,White,white,1,1448,26,1474,1402,2025-09-06T14:52:40Z
spidermandavi,bG6qciGV,TRUE,bullet,Black,black,1,1250,11,1261,1290,2025-09-06T14:43:07Z
ThunderGodCid,buZFTctq,TRUE,bullet,White,black,0,2742,-6,2736,2698,2025-10-15T17:45:38Z
ThunderGodCid,qlKxKEEV,TRUE,bullet,Black,white,0,2749,-7,2742,2691,2025-10-15T17:44:29Z
ThunderGodCid,x8m75r0c,TRUE,bullet,White,black,0,2756,-7,2749,2684,2025-10-15T17:43:09Z
ThunderGodCid,a9RxrOkU,TRUE,bullet,White,white,1,2752,4,2756,2629,2025-10-15T05:24:08Z
ThunderGodCid,vNrsQllA,TRUE,bullet,Black,black,1,2748,4,2752,2632,2025-10-15T05:22:55Z
ThunderGodCid,UpJsK2S2,TRUE,bullet,White,black,0,2755,-7,2748,2681,2025-10-14T21:59:01Z
ThunderGodCid,wm3Ts2cR,TRUE,bullet,White,white,1,2751,4,2755,2631,2025-10-14T20:15:02Z
ThunderGodCid,qYYQxTQD,TRUE,bullet,Black,NA,0.5,2753,-2,2751,2598,2025-10-14T18:21:52Z
ThunderGodCid,9c1qpnLN,TRUE,bullet,White,NA,0.5,2755,-2,2753,2657,2025-10-14T18:02:14Z
ThunderGodCid,G6OagnZf,TRUE,bullet,Black,black,1,2751,4,2755,2617,2025-10-14T00:49:21Z
ThunderGodCid,o3dRUBrR,TRUE,bullet,White,white,1,2748,3,2751,2591,2025-10-12T06:24:49Z
ThunderGodCid,ZP2YdV3j,TRUE,bullet,Black,white,0,2754,-6,2748,2695,2025-10-12T05:43:27Z
ThunderGodCid,WTbCqGKf,TRUE,bullet,White,white,1,2749,5,2754,2700,2025-10-12T05:42:40Z
ThunderGodCid,BUGsoc25,TRUE,bullet,Black,black,1,2745,4,2749,2670,2025-10-11T21:45:45Z
ThunderGodCid,gkGRiit0,TRUE,bullet,White,white,1,2741,4,2745,2581,2025-10-11T19:31:15Z
OldHas-Been,ZDGB44al,TRUE,bullet,Black,black,1,2368,1,2369,1806,2025-10-15T21:19:07Z
OldHas-Been,aAJgEDl3,TRUE,bullet,White,white,1,2368,0,2368,1818,2025-10-14T20:26:19Z
OldHas-Been,8GbnuPjH,TRUE,bullet,Black,black,1,2366,2,2368,1962,2025-10-14T20:24:07Z
OldHas-Been,9SAymu4B,TRUE,bullet,White,white,1,2366,0,2366,1578,2025-10-14T20:22:34Z
OldHas-Been,aVCXCtFY,TRUE,bullet,Black,black,1,2363,3,2366,2153,2025-10-14T20:20:05Z
OldHas-Been,nbVcffYw,TRUE,bullet,White,white,1,2354,9,2363,2431,2025-10-12T17:11:42Z
OldHas-Been,2ebBiCvX,TRUE,bullet,Black,black,1,2348,6,2354,2225,2025-10-12T17:09:12Z
OldHas-Been,b1jA2cLL,TRUE,bullet,White,white,1,2343,5,2348,2229,2025-10-12T17:06:48Z
OldHas-Been,OIN3rifo,TRUE,bullet,Black,black,1,2338,5,2343,2223,2025-10-12T17:04:14Z
OldHas-Been,HOAePH3c,TRUE,bullet,White,black,0,2348,-10,2338,2257,2025-10-12T17:01:58Z
OldHas-Been,H1jVvz6V,TRUE,bullet,White,black,0,2363,-15,2348,1950,2025-10-12T10:17:45Z
OldHas-Been,75sWZrsB,TRUE,bullet,Black,black,1,2362,1,2363,1788,2025-10-12T10:15:17Z
OldHas-Been,4Tgu314F,TRUE,bullet,White,white,1,2361,1,2362,1733,2025-10-09T21:11:29Z
OldHas-Been,x8C9Hwc7,TRUE,blitz,Black,NA,0.5,2376,1,2377,2414,2025-10-09T19:37:39Z
OldHas-Been,reNZIT9g,TRUE,blitz,White,white,1,2370,6,2376,2399,2025-10-09T19:32:57Z
hall03,YIjfC6Ni,TRUE,classical,White,white,1,2066,42,2108,1723,2025-10-10T19:12:55Z
hall03,e8Kf5ocq,TRUE,classical,Black,black,1,2062,4,2066,1208,2025-10-10T18:48:39Z
hall03,isZmVN9D,TRUE,blitz,Black,black,1,2294,9,2303,2079,2025-10-08T19:33:46Z
hall03,3gnJX0pa,TRUE,bullet,Black,white,0,2317,-13,2304,2364,2025-09-15T10:56:47Z
hall03,Rvi3CsHD,TRUE,bullet,Black,white,0,2327,-10,2317,2470,2025-09-15T10:51:50Z
hall03,hMIQIE8x,TRUE,blitz,White,black,0,2325,-31,2294,1842,2025-09-09T20:09:25Z
hall03,q7ZgdCgw,TRUE,blitz,White,black,0,2345,-20,2325,2262,2025-09-05T16:12:48Z
hall03,tyjuQAkZ,TRUE,bullet,White,NA,0.5,2329,-2,2327,2281,2025-09-04T11:55:09Z
hall03,nG36pbiX,TRUE,rapid,Black,black,1,2266,46,2312,2223,2025-09-01T11:14:50Z
hall03,GCQVrPpY,TRUE,bullet,White,white,1,2312,17,2329,2359,2025-08-31T18:59:01Z
hall03,AkOVh3dT,TRUE,blitz,White,white,1,2343,2,2345,1846,2025-08-31T12:49:50Z
hall03,xSgKrKf8,TRUE,blitz,Black,black,1,2342,1,2343,1624,2025-08-31T12:48:26Z
hall03,SJCfOIIC,TRUE,bullet,White,black,0,2324,-12,2312,2409,2025-08-29T18:58:17Z
hall03,fgXiVSbQ,TRUE,bullet,Black,black,1,2309,15,2324,2311,2025-08-19T09:56:46Z
hall03,dgkQ0nvU,TRUE,blitz,White,black,0,2357,-15,2342,2332,2025-08-14T12:21:19Z
steel_balls,yyDjaPvs,TRUE,blitz,White,white,1,2617,16,2633,2709,2025-10-15T21:10:41Z
steel_balls,wvJDRfp0,TRUE,blitz,Black,NA,0.5,2619,-2,2617,2559,2025-10-15T21:07:24Z
steel_balls,NVCUQuOo,TRUE,blitz,Black,black,1,2612,7,2619,2430,2025-10-15T21:00:28Z
steel_balls,JlW9eGGg,TRUE,blitz,White,NA,0.5,2612,0,2612,2600,2025-10-15T20:53:43Z
steel_balls,Q9tV3PRh,TRUE,blitz,White,white,1,2605,7,2612,2422,2025-10-15T20:46:50Z
steel_balls,Nh6cUNDs,TRUE,blitz,Black,black,1,2589,16,2605,2619,2025-10-15T20:39:20Z
steel_balls,XPZ8BzDh,TRUE,blitz,White,white,1,2576,13,2589,2515,2025-10-15T20:36:25Z
steel_balls,mcqC53Ds,TRUE,blitz,Black,white,0,2592,-16,2576,2588,2025-10-15T20:30:08Z
steel_balls,po58XBZ7,TRUE,blitz,Black,NA,0.5,2593,-1,2592,2591,2025-10-15T20:23:53Z
steel_balls,mO0Ufiga,TRUE,blitz,White,black,0,2612,-19,2593,2585,2025-10-15T20:20:47Z
steel_balls,JeO7gURV,TRUE,blitz,White,black,0,2631,-19,2612,2608,2025-10-15T20:16:40Z
steel_balls,Oibv4Wy2,TRUE,blitz,Black,black,1,2612,19,2631,2614,2025-10-15T20:14:53Z
steel_balls,ZtwvxAdH,TRUE,blitz,White,white,1,2589,23,2612,2620,2025-10-15T20:08:35Z
steel_balls,NwSXYSdp,TRUE,blitz,Black,black,1,2563,26,2589,2626,2025-10-15T20:07:18Z
steel_balls,7WhkXTSU,TRUE,blitz,White,black,0,2584,-21,2563,2621,2025-10-15T20:00:59Z
Mohamed-Rezk,KOzyAH6u,TRUE,rapid,White,white,1,2587,3,2590,2351,2025-10-11T21:12:15Z
Mohamed-Rezk,hx2fIltg,TRUE,rapid,Black,white,0,2596,-9,2587,2561,2025-10-11T20:48:53Z
Mohamed-Rezk,8zJGfORV,TRUE,rapid,Black,white,0,2606,-10,2596,2507,2025-10-11T20:24:47Z
Mohamed-Rezk,8Ez884r2,TRUE,blitz,White,white,1,2421,7,2428,2549,2025-10-10T20:26:58Z
Mohamed-Rezk,KkTn7tSs,TRUE,blitz,Black,NA,0.5,2420,1,2421,2422,2025-10-10T20:20:36Z
Mohamed-Rezk,6Sny734c,TRUE,blitz,White,black,0,2426,-6,2420,2467,2025-10-10T20:15:15Z
Mohamed-Rezk,YcQD5YLn,TRUE,blitz,White,white,1,2419,7,2426,2463,2025-10-10T15:48:40Z
Mohamed-Rezk,bnLUnKJg,TRUE,blitz,Black,white,0,2423,-4,2419,2518,2025-10-10T15:42:11Z
Mohamed-Rezk,8DHWXrSI,TRUE,blitz,White,white,1,2417,6,2423,2475,2025-10-10T15:32:00Z
Mohamed-Rezk,Us1aJOy9,TRUE,blitz,Black,white,0,2422,-5,2417,2423,2025-10-10T15:27:57Z
Mohamed-Rezk,9VVf8fGz,TRUE,blitz,White,black,0,2427,-5,2422,2497,2025-10-10T15:21:37Z
Mohamed-Rezk,xnqgltGn,TRUE,blitz,Black,black,1,2421,6,2427,2448,2025-10-10T15:14:54Z
Mohamed-Rezk,fEHO4QOg,TRUE,blitz,Black,black,1,2414,7,2421,2471,2025-10-10T15:08:33Z
Mohamed-Rezk,kcyeWnxT,TRUE,blitz,Black,white,0,2419,-5,2414,2460,2025-10-10T15:01:52Z
Mohamed-Rezk,yIJC0fjn,TRUE,blitz,White,white,1,2412,7,2419,2494,2025-10-10T14:54:12Z
HinaHongou,og6D6kOr,TRUE,bullet,Black,black,1,2510,4,2514,2390,2025-10-15T21:58:54Z
HinaHongou,n1vICZTM,TRUE,bullet,Black,white,0,2517,-7,2510,2449,2025-10-15T18:57:39Z
HinaHongou,xUOAmTfQ,TRUE,bullet,White,black,0,2522,-5,2517,2521,2025-10-15T18:55:53Z
HinaHongou,GbZE3Axr,TRUE,bullet,White,white,1,2518,4,2522,2448,2025-10-15T18:54:02Z
HinaHongou,3HoNgsLG,TRUE,bullet,Black,NA,0.5,2518,0,2518,2495,2025-10-15T18:51:42Z
HinaHongou,7DGzzIrN,TRUE,bullet,Black,black,1,2512,6,2518,2534,2025-10-15T17:52:31Z
HinaHongou,48dP3gYZ,TRUE,bullet,White,white,1,2506,6,2512,2541,2025-10-15T17:50:25Z
HinaHongou,71cERA6b,TRUE,bullet,White,white,1,2501,5,2506,2415,2025-10-15T16:37:07Z
HinaHongou,0hUAb0gW,TRUE,bullet,White,white,1,2496,5,2501,2450,2025-10-15T15:44:24Z
HinaHongou,pXW94lJc,TRUE,bullet,Black,black,1,2491,5,2496,2437,2025-10-15T15:43:10Z
HinaHongou,baJRw8gT,TRUE,bullet,White,white,1,2488,3,2491,2321,2025-10-15T15:41:00Z
HinaHongou,Z3GZpORc,TRUE,bullet,Black,black,1,2484,4,2488,2358,2025-10-15T15:38:37Z
HinaHongou,blXOvB8k,TRUE,bullet,White,black,0,2492,-8,2484,2391,2025-10-15T11:57:03Z
HinaHongou,Ez2lGbpG,TRUE,bullet,Black,white,0,2500,-8,2492,2325,2025-10-15T11:54:50Z
HinaHongou,RfC4NKJC,TRUE,bullet,Black,white,0,2506,-6,2500,2491,2025-10-15T06:39:38Z
WikiChess,Z76ruvmt,TRUE,bullet,White,black,0,2745,-6,2739,2745,2025-10-15T22:03:38Z
WikiChess,OSkTuqe9,TRUE,bullet,White,white,1,2740,5,2745,2692,2025-10-15T22:02:32Z
WikiChess,cl1hwe0m,TRUE,bullet,White,black,0,2746,-6,2740,2737,2025-10-15T21:31:52Z
WikiChess,OfP5UAKD,TRUE,bullet,Black,black,1,2737,9,2746,2908,2025-10-15T21:28:29Z
WikiChess,D62hultv,TRUE,bullet,White,white,1,2731,6,2737,2783,2025-10-15T21:22:07Z
WikiChess,FDCKjCE8,TRUE,bullet,Black,black,1,2723,8,2731,2864,2025-10-15T19:40:13Z
WikiChess,Vfvc9nrR,TRUE,bullet,White,black,0,2726,-3,2723,2860,2025-10-15T19:38:55Z
WikiChess,vxwYb0Ds,TRUE,bullet,Black,white,0,2731,-5,2726,2810,2025-10-15T19:33:32Z
WikiChess,MAdm7jqK,TRUE,bullet,White,white,1,2725,6,2731,2724,2025-10-15T19:30:54Z
WikiChess,nH4l4CHG,TRUE,bullet,White,black,0,2731,-6,2725,2686,2025-10-15T19:23:14Z
WikiChess,dYp0nB87,TRUE,bullet,Black,white,0,2737,-6,2731,2738,2025-10-15T11:45:43Z
WikiChess,Gnvbu8o9,TRUE,bullet,White,white,1,2733,4,2737,2657,2025-10-15T11:37:14Z
WikiChess,InwwlAFX,TRUE,bullet,Black,white,0,2737,-4,2733,2848,2025-10-15T11:36:17Z
WikiChess,bh77JMK7,TRUE,bullet,Black,white,0,2742,-5,2737,2768,2025-10-15T11:32:37Z
WikiChess,mhCXDCub,TRUE,bullet,White,white,1,2734,8,2742,2854,2025-10-15T11:30:16Z
visualdennis,gYkvzjAl,TRUE,rapid,Black,black,1,2388,61,2449,2105,2020-12-11T11:32:45Z
visualdennis,YMTSqI1v,TRUE,rapid,White,white,1,2249,139,2388,2084,2020-12-11T11:16:18Z
visualdennis,CDxd6hL5,TRUE,rapid,White,white,1,1500,749,2249,1997,2020-12-03T16:35:47Z
Firephoenix05,f64BuMrk,TRUE,bullet,White,white,1,3052,5,3057,2843,2025-10-15T10:54:42Z
Firephoenix05,VAHaiZ61,TRUE,bullet,Black,white,0,3069,-17,3052,2892,2025-10-14T16:45:45Z
Firephoenix05,QefVMBak,TRUE,bullet,White,black,0,3082,-13,3069,3030,2025-10-13T07:25:30Z
Firephoenix05,69zMnkaW,TRUE,bullet,Black,white,0,3095,-13,3082,2926,2025-09-26T05:04:12Z
Firephoenix05,mmmuWjtE,TRUE,bullet,White,white,1,3090,5,3095,2929,2025-09-26T05:02:53Z
Firephoenix05,b4we023n,TRUE,bullet,Black,white,0,3104,-14,3090,2858,2025-09-21T09:27:53Z
Firephoenix05,T98ZV082,TRUE,bullet,Black,black,1,3098,6,3104,2993,2025-09-14T06:38:14Z
Firephoenix05,oRmxtvdb,TRUE,bullet,Black,white,0,3106,-8,3098,3086,2025-09-14T06:26:31Z
Firephoenix05,7PdmT1uV,TRUE,bullet,White,white,1,3100,6,3106,3039,2025-09-14T06:23:19Z
Firephoenix05,SXg2d9fd,TRUE,bullet,Black,black,1,3096,4,3100,2896,2025-09-14T05:51:28Z
Firephoenix05,J6W84LOQ,TRUE,bullet,White,white,1,3092,4,3096,2899,2025-09-14T05:48:50Z
Firephoenix05,2uQ8AVN8,TRUE,bullet,Black,black,1,3087,5,3092,2902,2025-09-14T05:47:14Z
Firephoenix05,2kh2nmwp,TRUE,bullet,White,white,1,3082,5,3087,2944,2025-09-14T05:44:57Z
Firephoenix05,dMi5576P,TRUE,bullet,White,white,1,3077,5,3082,2926,2025-09-14T05:41:53Z
Firephoenix05,z3Emhr6p,TRUE,bullet,White,white,1,3066,11,3077,3134,2025-09-14T05:39:05Z
Kotov7001,VEhbgwxc,TRUE,rapid,Black,white,0,2152,-33,2119,1697,2025-10-15T11:24:02Z
Kotov7001,hnWPwFOP,TRUE,rapid,White,white,1,2146,6,2152,1877,2025-10-15T11:04:54Z
Kotov7001,ix7QPgQ9,TRUE,rapid,Black,black,1,2144,2,2146,1524,2025-10-15T07:05:27Z
Kotov7001,3CQB4ATW,TRUE,blitz,White,black,0,1913,-16,1897,1820,2025-09-26T11:48:10Z
Kotov7001,VLEUfeUT,TRUE,blitz,Black,white,0,1926,-13,1913,1944,2025-09-23T13:32:36Z
Kotov7001,b9QazwKp,TRUE,blitz,Black,NA,0.5,1931,-5,1926,1793,2025-09-23T13:21:37Z
Kotov7001,RgpCUwc1,TRUE,blitz,Black,black,1,1927,4,1931,1630,2025-09-23T13:16:04Z
Kotov7001,O5yJ8FGl,TRUE,blitz,White,black,0,1941,-14,1927,1939,2025-09-23T13:09:19Z
Kotov7001,Bycbzxik,TRUE,blitz,Black,white,0,1951,-10,1941,2075,2025-09-21T13:06:23Z
Kotov7001,fdLTXpIU,TRUE,blitz,White,black,0,1955,-4,1951,2275,2025-09-17T10:11:10Z
Kotov7001,8cfGx7Fe,TRUE,blitz,Black,black,1,1939,16,1955,1955,2025-09-17T10:02:29Z
Kotov7001,EDnovg36,TRUE,blitz,White,black,0,1955,-16,1939,1881,2025-09-01T10:41:20Z
Kotov7001,7JIkTVrg,TRUE,blitz,White,black,0,1971,-16,1955,1925,2025-09-01T08:41:46Z
Kotov7001,cBBGQqcN,TRUE,blitz,White,white,1,1970,1,1971,1386,2025-09-01T08:34:09Z
Kotov7001,S6uMkjpo,TRUE,blitz,White,white,1,1957,13,1970,1920,2025-09-01T08:27:45Z
RealDavidNavara,UZypNQnf,TRUE,blitz,White,white,1,2856,7,2863,2676,2025-10-14T12:21:16Z
RealDavidNavara,HexrlqWZ,TRUE,blitz,White,white,1,2848,8,2856,2677,2025-09-29T06:37:10Z
RealDavidNavara,E0hNVu64,TRUE,blitz,Black,black,1,2841,7,2848,2680,2025-09-29T06:31:12Z
RealDavidNavara,HkuoVYbs,TRUE,rapid,White,NA,0.5,2779,-27,2752,2556,2025-09-23T12:35:38Z
RealDavidNavara,uiYe5zJT,TRUE,blitz,Black,black,1,2833,8,2841,2693,2025-09-22T06:42:37Z
RealDavidNavara,C70NfsVB,TRUE,blitz,White,white,1,2824,9,2833,2697,2025-09-22T06:36:54Z
RealDavidNavara,kLWUtAOB,TRUE,blitz,Black,NA,0.5,2819,5,2824,2969,2025-09-15T14:13:54Z
RealDavidNavara,7v8ST9mR,TRUE,blitz,White,black,0,2827,-8,2819,2962,2025-09-15T14:07:45Z
RealDavidNavara,bvS3VTZf,TRUE,rapid,Black,black,1,2753,26,2779,2560,2025-09-10T11:30:56Z
RealDavidNavara,xAhxQOr9,TRUE,rapid,White,white,1,2718,35,2753,2566,2025-09-10T11:18:39Z
RealDavidNavara,aEAg5xn0,TRUE,blitz,Black,NA,0.5,2828,-1,2827,2810,2025-09-03T07:42:01Z
RealDavidNavara,0lRJmOXq,TRUE,blitz,White,white,1,2816,12,2828,2816,2025-09-03T07:38:44Z
RealDavidNavara,gRPASNzl,TRUE,rapid,Black,black,1,2691,27,2718,2452,2025-09-03T07:14:13Z
RealDavidNavara,Oqi158sE,TRUE,blitz,White,black,0,2836,-20,2816,2590,2025-09-03T07:08:46Z
RealDavidNavara,TICla2LM,TRUE,blitz,White,black,0,2853,-17,2836,2724,2025-08-29T02:58:45Z
Krai458,woOz22r7,TRUE,blitz,White,white,1,2888,6,2894,2884,2025-10-14T09:37:32Z
Krai458,SnpigHIq,TRUE,blitz,Black,black,1,2882,6,2888,2890,2025-10-14T09:31:10Z
Krai458,nL5xxOis,TRUE,blitz,White,white,1,2879,3,2882,2732,2025-10-14T09:28:55Z
Krai458,yyeKvsNn,TRUE,blitz,White,black,0,2886,-7,2879,2768,2025-10-12T07:00:09Z
Krai458,S7hq7R8E,TRUE,blitz,White,white,1,2883,3,2886,2749,2025-10-11T11:40:23Z
Krai458,6bUoimqG,TRUE,blitz,Black,white,0,2891,-8,2883,2741,2025-10-11T11:32:22Z
Krai458,u8AJBybi,TRUE,blitz,Black,black,1,2888,3,2891,2697,2025-10-11T11:21:53Z
Krai458,B1nXiQTl,TRUE,blitz,White,white,1,2885,3,2888,2700,2025-10-11T11:15:34Z
Krai458,uiiAclvD,TRUE,blitz,Black,black,1,2882,3,2885,2698,2025-10-11T11:03:52Z
Krai458,Jp0XfIxs,TRUE,blitz,White,black,0,2891,-9,2882,2646,2025-10-11T09:51:29Z
Krai458,53JtMsp5,TRUE,blitz,Black,white,0,2897,-6,2891,2895,2025-10-11T09:46:45Z
Krai458,yR5CRarh,TRUE,blitz,White,NA,0.5,2898,-1,2897,2804,2025-10-11T09:41:06Z
Krai458,WLqGJXlV,TRUE,blitz,Black,NA,0.5,2899,-1,2898,2848,2025-10-10T19:07:55Z
Krai458,sFWfXese,TRUE,blitz,White,white,1,2894,5,2899,2824,2025-10-10T10:50:17Z
Krai458,ZfnnCEh2,TRUE,blitz,Black,black,1,2891,3,2894,2721,2025-10-10T09:41:33Z
daaleksandrov,wrHRdlAB,TRUE,bullet,White,white,1,2585,5,2590,2542,2025-10-15T22:49:01Z
daaleksandrov,rCBoRYWM,TRUE,bullet,Black,black,1,2580,5,2585,2524,2025-10-15T22:46:32Z
daaleksandrov,WMxo8mgz,TRUE,bullet,White,white,1,2577,3,2580,2418,2025-10-15T22:44:29Z
daaleksandrov,nsHGxLVo,TRUE,bullet,White,black,0,2585,-8,2577,2455,2025-10-15T22:42:47Z
daaleksandrov,YPh2yD0A,TRUE,bullet,Black,black,1,2578,7,2585,2646,2025-10-15T22:40:25Z
daaleksandrov,FF7ZlOQG,TRUE,bullet,White,black,0,2586,-8,2578,2469,2025-10-15T22:39:18Z
daaleksandrov,JKFQfGHr,TRUE,rapid,Black,white,0,2435,-10,2425,2050,2025-10-15T17:56:02Z
daaleksandrov,H1S1gAa1,TRUE,rapid,Black,black,1,2432,3,2435,2224,2025-10-15T17:48:23Z
daaleksandrov,pRSXH5t6,TRUE,rapid,White,white,1,2432,0,2432,1681,2025-10-15T17:44:53Z
daaleksandrov,YCq96sbG,TRUE,rapid,White,white,1,2432,0,2432,1293,2025-10-15T17:43:23Z
daaleksandrov,5ytZClXy,TRUE,rapid,Black,black,1,2430,2,2432,2100,2025-10-15T17:32:43Z
daaleksandrov,UrPruguF,TRUE,rapid,White,white,1,2430,0,2430,1683,2025-10-15T17:31:05Z
daaleksandrov,EMJyr4iH,TRUE,rapid,Black,black,1,2429,1,2430,2100,2025-10-15T17:28:23Z
daaleksandrov,aAvKEZsL,TRUE,rapid,Black,black,1,2426,3,2429,2238,2025-10-15T17:21:22Z
daaleksandrov,wMO5tKEq,TRUE,rapid,White,white,1,2426,0,2426,1650,2025-10-15T17:17:34Z
Brastrodamus,RVwoR8AQ,TRUE,bullet,Black,black,1,2928,3,2931,2737,2025-10-13T13:11:19Z
Brastrodamus,fmhQZAuW,TRUE,bullet,White,white,1,2925,3,2928,2740,2025-10-13T13:09:46Z
Brastrodamus,YjzL1zBc,TRUE,bullet,Black,black,1,2922,3,2925,2743,2025-10-13T13:08:23Z
Brastrodamus,qVkIjym9,TRUE,bullet,White,white,1,2918,4,2922,2759,2025-10-13T11:53:47Z
Brastrodamus,EH9BP9fx,TRUE,bullet,Black,black,1,2915,3,2918,2764,2025-10-13T11:51:03Z
Brastrodamus,kCFhqUnn,TRUE,bullet,White,black,0,2923,-8,2915,2751,2025-10-13T11:48:21Z
Brastrodamus,MpyVKPn2,TRUE,bullet,Black,black,1,2920,3,2923,2756,2025-10-13T11:45:14Z
Brastrodamus,eYZutZ4O,TRUE,bullet,White,white,1,2916,4,2920,2761,2025-10-13T11:42:26Z
Brastrodamus,tSsHV39d,TRUE,bullet,White,black,0,2919,-3,2916,3144,2025-10-13T11:36:28Z
Brastrodamus,xMkWuacP,TRUE,bullet,Black,white,0,2921,-2,2919,3141,2025-10-13T11:35:10Z
Brastrodamus,tjK6jRyg,TRUE,bullet,White,black,0,2924,-3,2921,3139,2025-10-13T11:34:11Z
Brastrodamus,1xmsYgi4,TRUE,bullet,Black,white,0,2927,-3,2924,3136,2025-10-13T11:32:15Z
Brastrodamus,SX2P2CqJ,TRUE,bullet,White,black,0,2929,-2,2927,3133,2025-10-13T11:29:52Z
Brastrodamus,qXVhnKua,TRUE,bullet,Black,NA,0.5,2926,3,2929,3136,2025-10-13T11:28:00Z
Brastrodamus,osMuK5q3,TRUE,bullet,White,NA,0.5,2923,3,2926,3140,2025-10-13T11:25:40Z
F1nal_Masquerade,MewrdO0x,TRUE,blitz,Black,white,0,2788,-5,2783,2810,2025-10-15T22:44:25Z
F1nal_Masquerade,G3LbBgk5,TRUE,blitz,White,white,1,2782,6,2788,2816,2025-10-15T22:38:09Z
F1nal_Masquerade,3NB8SYYq,TRUE,blitz,Black,white,0,2787,-5,2782,2810,2025-10-15T22:35:00Z
F1nal_Masquerade,bRoLd0e0,TRUE,blitz,White,black,0,2793,-6,2787,2805,2025-10-15T22:30:18Z
F1nal_Masquerade,9mT1EPiQ,TRUE,blitz,Black,black,1,2787,6,2793,2811,2025-10-15T22:25:08Z
F1nal_Masquerade,VWnd8v6W,TRUE,blitz,White,white,1,2780,7,2787,2817,2025-10-15T22:21:03Z
F1nal_Masquerade,bMopMWVX,TRUE,blitz,Black,black,1,2774,6,2780,2824,2025-10-15T22:15:00Z
F1nal_Masquerade,Zek2xh9T,TRUE,blitz,White,white,1,2767,7,2774,2830,2025-10-15T22:10:28Z
F1nal_Masquerade,6FjL8or5,TRUE,blitz,Black,black,1,2760,7,2767,2837,2025-10-15T22:05:23Z
F1nal_Masquerade,Oj2SbCQf,TRUE,blitz,White,black,0,2765,-5,2760,2833,2025-10-15T22:00:03Z
F1nal_Masquerade,jqab0g5C,TRUE,blitz,Black,white,0,2768,-3,2765,2959,2025-10-15T21:54:19Z
F1nal_Masquerade,VL0NpVUo,TRUE,blitz,White,black,0,2771,-3,2768,2956,2025-10-15T21:48:03Z
F1nal_Masquerade,klFbkfHo,TRUE,blitz,Black,black,1,2765,6,2771,2750,2025-10-15T21:43:51Z
F1nal_Masquerade,mJ7tSGcX,TRUE,blitz,White,black,0,2771,-6,2765,2743,2025-10-15T21:40:25Z
F1nal_Masquerade,0xREi1wc,TRUE,blitz,Black,black,1,2766,5,2771,2749,2025-10-15T21:34:54Z
iCe_eNerGyTeaM,nQY8kzG5,TRUE,classical,White,black,0,2383,-10,2373,1973,2025-10-15T19:49:00Z
iCe_eNerGyTeaM,27FUPjtw,TRUE,blitz,Black,black,1,2477,5,2482,2433,2025-10-15T19:44:26Z
iCe_eNerGyTeaM,wzDhgLlS,TRUE,rapid,Black,black,1,2537,1,2538,2047,2025-10-14T20:39:27Z
iCe_eNerGyTeaM,74K5z4Zn,TRUE,blitz,White,black,0,2483,-6,2477,2422,2025-10-14T10:05:28Z
iCe_eNerGyTeaM,3UqgRysA,TRUE,blitz,Black,black,1,2478,5,2483,2427,2025-10-14T09:58:50Z
iCe_eNerGyTeaM,mogyAaRW,TRUE,blitz,White,white,1,2472,6,2478,2550,2025-10-14T09:51:27Z
iCe_eNerGyTeaM,DgF4mBGF,TRUE,blitz,White,NA,0.5,2474,-2,2472,2343,2025-10-14T09:44:39Z
iCe_eNerGyTeaM,nFe8UDbB,TRUE,rapid,Black,black,1,2536,1,2537,2156,2025-10-14T08:42:35Z
iCe_eNerGyTeaM,vNVB1vRa,TRUE,blitz,White,NA,0.5,2474,0,2474,2459,2025-10-14T08:32:12Z
iCe_eNerGyTeaM,QcgTTmsm,TRUE,blitz,White,white,1,2471,3,2474,2295,2025-10-14T08:28:24Z
iCe_eNerGyTeaM,U1W4YDok,TRUE,classical,Black,black,1,2382,1,2383,2078,2025-10-13T19:33:56Z
iCe_eNerGyTeaM,iVjHn5Kz,TRUE,blitz,Black,black,1,2470,1,2471,1741,2025-10-12T19:37:36Z
iCe_eNerGyTeaM,nDtpGh3H,TRUE,blitz,Black,black,1,2468,2,2470,2230,2025-10-12T19:30:50Z
iCe_eNerGyTeaM,oriSmAe5,TRUE,rapid,Black,black,1,2534,2,2536,2224,2025-10-12T13:18:34Z
iCe_eNerGyTeaM,CuCF4vem,TRUE,classical,Black,black,1,2379,3,2382,2138,2025-10-11T22:13:44Z
indianstar,82bo2aIs,TRUE,bullet,White,black,0,3152,-4,3148,3231,2025-10-16T02:48:13Z
indianstar,mVGwZkdl,TRUE,bullet,Black,white,0,3157,-5,3152,3221,2025-10-16T02:47:14Z
indianstar,F58HXhcY,TRUE,bullet,White,black,0,3162,-5,3157,3210,2025-10-16T02:44:43Z
indianstar,pvJ7tyFI,TRUE,bullet,Black,white,0,3167,-5,3162,3199,2025-10-16T02:43:28Z
indianstar,n3XmOu94,TRUE,bullet,White,white,1,3160,7,3167,3214,2025-10-16T02:41:37Z
indianstar,8BzRdRta,TRUE,bullet,Black,white,0,3165,-5,3160,3202,2025-10-16T02:40:31Z
indianstar,bXZIhJiG,TRUE,bullet,White,black,0,3175,-10,3165,2906,2025-10-16T01:20:39Z
indianstar,6pjQ68XW,TRUE,bullet,White,white,1,3171,4,3175,3020,2025-10-15T23:23:14Z
indianstar,A2qNJP3s,TRUE,bullet,Black,black,1,3168,3,3171,3023,2025-10-15T23:21:41Z
indianstar,8IQOn5pD,TRUE,bullet,Black,black,1,3164,4,3168,3034,2025-10-15T23:18:39Z
indianstar,pTSSdf1q,TRUE,bullet,White,white,1,3160,4,3164,3038,2025-10-15T23:16:16Z
indianstar,Lu58idVL,TRUE,bullet,Black,black,1,3155,5,3160,3121,2025-10-15T23:06:48Z
indianstar,w4VhqiH3,TRUE,bullet,White,white,1,3150,5,3155,3126,2025-10-15T23:04:28Z
indianstar,pmCZ8AmO,TRUE,bullet,Black,white,0,3156,-6,3150,3120,2025-10-15T23:02:53Z
indianstar,pP6PGKn9,TRUE,bullet,White,black,0,3163,-7,3156,3113,2025-10-15T23:01:22Z
arshiya11389,9imcWVCt,TRUE,blitz,Black,white,0,2491,-11,2480,2124,2025-10-13T15:54:25Z
arshiya11389,EGOY2ZOc,TRUE,blitz,White,white,1,2490,1,2491,1948,2025-10-13T15:51:51Z
arshiya11389,SBY0oMqe,TRUE,blitz,White,white,1,2490,0,2490,1994,2025-10-13T15:45:33Z
arshiya11389,AlPsndto,TRUE,blitz,Black,white,0,2499,-9,2490,2299,2025-10-13T15:40:29Z
arshiya11389,DrXyJg1f,TRUE,blitz,Black,black,1,2498,1,2499,2041,2025-10-13T15:36:44Z
arshiya11389,0JcqC6xK,TRUE,blitz,White,white,1,2497,1,2498,2077,2025-10-13T15:31:45Z
arshiya11389,QQBTbWYR,TRUE,blitz,Black,black,1,2492,5,2497,2388,2025-10-13T15:26:09Z
arshiya11389,gpOgOfs4,TRUE,blitz,White,black,0,2499,-7,2492,2445,2025-10-13T15:21:46Z
arshiya11389,bKSNcCwq,TRUE,blitz,Black,black,1,2498,1,2499,2111,2025-10-13T15:17:30Z
arshiya11389,SKfumL5r,TRUE,blitz,White,black,0,2510,-12,2498,1940,2025-10-13T15:11:18Z
arshiya11389,E0nUh7i7,TRUE,blitz,Black,NA,0.5,2514,-4,2510,2251,2025-10-13T15:03:08Z
arshiya11389,L1TwhxvU,TRUE,blitz,White,white,1,2513,1,2514,2077,2025-10-13T15:00:33Z
arshiya11389,eR1u5v34,TRUE,blitz,White,white,1,2508,5,2513,2476,2025-10-02T19:27:47Z
arshiya11389,imdTHyMD,TRUE,blitz,Black,white,0,2515,-7,2508,2415,2025-10-02T19:25:49Z
arshiya11389,WUmiqWt3,TRUE,blitz,White,black,0,2516,-1,2515,2916,2025-10-02T19:24:01Z
Slmctk,ulWl9YTd,TRUE,classical,Black,black,1,1500,63,1563,1500,2025-09-05T09:33:26Z
Slmctk,RsxwCr9P,TRUE,classical,Black,black,1,1500,503,2003,1804,2025-09-05T09:31:27Z
Slmctk,6JUYvw6S,TRUE,bullet,Black,white,0,2555,-29,2526,2672,2025-05-18T20:17:18Z
Slmctk,usFpLett,TRUE,rapid,Black,black,1,2318,60,2378,2271,2025-04-09T16:04:48Z
Slmctk,zRajxO8b,TRUE,rapid,Black,white,0,2393,-75,2318,2427,2025-04-01T14:02:32Z
Slmctk,wVgHxXcb,TRUE,rapid,Black,white,0,2523,-130,2393,2435,2025-03-26T16:07:27Z
Slmctk,4QzAAEjn,TRUE,rapid,White,white,1,2419,104,2523,2308,2025-03-19T16:06:04Z
Slmctk,ToTBVOx7,TRUE,rapid,Black,black,1,2207,212,2419,2169,2025-03-12T16:05:14Z
Slmctk,I8nxMP3C,TRUE,bullet,White,white,1,2526,29,2555,2506,2024-08-19T12:24:51Z
Slmctk,u9de7VeN,TRUE,blitz,White,black,0,2435,-18,2417,2387,2024-06-09T19:10:12Z
Slmctk,WSICPGdD,TRUE,blitz,White,white,1,2428,7,2435,2279,2024-03-20T18:19:43Z
Slmctk,NPxU2O2y,TRUE,blitz,Black,white,0,2450,-22,2428,2031,2024-03-20T18:18:48Z
Slmctk,3uZJrxiv,TRUE,blitz,White,white,1,2445,5,2450,2193,2024-03-20T18:15:44Z
Slmctk,o5L0TebA,TRUE,blitz,Black,black,1,2441,4,2445,2124,2024-03-20T18:13:23Z
Slmctk,4VlU0IBY,TRUE,blitz,White,white,1,2436,5,2441,2207,2024-03-20T18:07:33Z
Fumitoks,XwlK0f1p,TRUE,blitz,Black,black,1,2419,6,2425,2363,2025-10-14T17:54:53Z
Fumitoks,n922qKeb,TRUE,blitz,White,white,1,2419,0,2419,1914,2025-10-14T17:52:33Z
Fumitoks,CWuazF9v,TRUE,blitz,Black,black,1,2415,4,2419,2193,2025-10-14T17:48:23Z
Fumitoks,rra6wuHf,TRUE,blitz,White,white,1,2415,0,2415,1681,2025-10-14T17:47:36Z
Fumitoks,suH33JWr,TRUE,blitz,Black,white,0,2424,-9,2415,2341,2025-10-14T17:43:10Z
Fumitoks,aXKWkrLi,TRUE,blitz,White,black,0,2432,-8,2424,2389,2025-10-14T17:36:40Z
Fumitoks,35j3IdIY,TRUE,blitz,Black,black,1,2429,3,2432,2183,2025-10-14T17:34:04Z
Fumitoks,9WmLZWV4,TRUE,blitz,Black,black,1,2427,2,2429,2096,2025-10-14T17:27:19Z
Fumitoks,YnZniDVM,TRUE,blitz,White,white,1,2426,1,2427,1980,2025-10-14T17:22:07Z
Fumitoks,AYMc3O1Z,TRUE,blitz,White,black,0,2439,-13,2426,2108,2025-10-14T17:18:44Z
Fumitoks,KDnC0qTu,TRUE,blitz,Black,black,1,2433,6,2439,2360,2025-10-14T17:13:48Z
Fumitoks,BC5a0KEI,TRUE,blitz,White,white,1,2430,3,2433,2161,2025-10-14T17:09:24Z
Fumitoks,QwasZ5w3,TRUE,blitz,Black,black,1,2428,2,2430,2143,2025-10-14T17:04:59Z
Fumitoks,2PQHCcED,TRUE,blitz,Black,black,1,2427,1,2428,1723,2025-10-14T17:03:11Z
Fumitoks,nvUfWsTd,TRUE,blitz,White,black,0,2442,-15,2427,2073,2025-10-14T16:59:49Z
nezdesh,CEdWZtvH,TRUE,bullet,Black,NA,0.5,2545,-1,2544,2493,2025-10-15T15:20:01Z
nezdesh,qVdaYl95,TRUE,bullet,Black,NA,0.5,2547,-2,2545,2412,2025-10-15T15:03:53Z
nezdesh,7isaFgWR,TRUE,bullet,White,NA,0.5,2548,-1,2547,2480,2025-10-15T13:23:46Z
nezdesh,BJvQ1wDF,TRUE,bullet,White,white,1,2542,6,2548,2549,2025-10-14T15:47:10Z
nezdesh,qen1S0cz,TRUE,bullet,Black,white,0,2548,-6,2542,2507,2025-10-14T14:56:20Z
nezdesh,ub7rHPce,TRUE,bullet,Black,black,1,2545,3,2548,2358,2025-10-14T13:58:52Z
nezdesh,7up5tnZY,TRUE,bullet,White,black,0,2549,-4,2545,2670,2025-10-13T14:46:38Z
nezdesh,ZEr0CN7v,TRUE,bullet,Black,white,0,2557,-8,2549,2398,2025-10-13T13:26:22Z
nezdesh,PMiIgww0,TRUE,bullet,White,white,1,2553,4,2557,2453,2025-10-13T11:02:01Z
nezdesh,a3Kb7Ik7,TRUE,bullet,Black,black,1,2549,4,2553,2430,2025-10-12T17:21:41Z
nezdesh,ox9z2xP7,TRUE,bullet,White,black,0,2556,-7,2549,2513,2025-10-12T15:58:42Z
nezdesh,80nJnc8j,TRUE,bullet,Black,black,1,2550,6,2556,2551,2025-10-11T16:21:39Z
nezdesh,4DodaxG4,TRUE,bullet,Black,white,0,2558,-8,2550,2380,2025-10-11T14:53:40Z
nezdesh,NeF4jkKg,TRUE,bullet,White,black,0,2567,-9,2558,2383,2025-10-11T12:10:51Z
nezdesh,Dh213sPI,TRUE,bullet,White,black,0,2573,-6,2567,2511,2025-10-11T11:56:07Z
Love_is_4ever,yCkezWp3,TRUE,blitz,White,white,1,2210,6,2216,2247,2025-10-15T20:25:43Z
Love_is_4ever,o09grSp6,TRUE,blitz,White,white,1,2204,6,2210,2219,2025-10-15T20:21:01Z
Love_is_4ever,iOr7hLhg,TRUE,blitz,Black,black,1,2199,5,2204,2117,2025-10-15T14:03:03Z
Love_is_4ever,NhllxvEe,TRUE,blitz,White,NA,0.5,2200,-1,2199,2184,2025-10-15T12:57:16Z
Love_is_4ever,gR2ErYZX,TRUE,blitz,White,white,1,2194,6,2200,2224,2025-10-15T11:55:34Z
Love_is_4ever,3GFyUpdl,TRUE,blitz,Black,black,1,2189,5,2194,2130,2025-10-15T11:49:27Z
Love_is_4ever,i2My9eOb,TRUE,blitz,Black,white,0,2195,-6,2189,2179,2025-10-15T07:36:44Z
Love_is_4ever,qAGW908B,TRUE,blitz,White,white,1,2188,7,2195,2289,2025-10-15T06:45:34Z
Love_is_4ever,LnVMykt2,TRUE,blitz,Black,white,0,2195,-7,2188,2117,2025-10-15T06:42:41Z
Love_is_4ever,Rc7mJF0M,TRUE,blitz,White,white,1,2190,5,2195,2134,2025-10-14T20:40:38Z
Love_is_4ever,uGskONW8,TRUE,blitz,Black,white,0,2196,-6,2190,2186,2025-10-14T20:37:52Z
Love_is_4ever,Gm3OWi10,TRUE,blitz,White,black,0,2201,-5,2196,2217,2025-10-14T20:33:13Z
Love_is_4ever,CBNCpzbP,TRUE,blitz,Black,white,0,2207,-6,2201,2181,2025-10-14T20:32:00Z
Love_is_4ever,ma1rqbuJ,TRUE,bullet,White,white,1,2364,6,2370,2336,2025-10-14T18:45:44Z
Love_is_4ever,4r62gBqh,TRUE,bullet,Black,white,0,2372,-8,2364,2278,2025-10-14T18:43:49Z
xhdnwxnnx,3GA1sYBv,TRUE,bullet,White,black,0,2642,-4,2638,2795,2025-10-15T12:39:52Z
xhdnwxnnx,AvhHTH45,TRUE,bullet,Black,NA,0.5,2644,-2,2642,2528,2025-10-15T01:49:03Z
xhdnwxnnx,6KryZuuB,TRUE,bullet,White,white,1,2638,6,2644,2590,2025-10-15T01:20:38Z
xhdnwxnnx,Ihfphl7S,TRUE,bullet,White,black,0,2642,-4,2638,2771,2025-10-14T13:18:18Z
xhdnwxnnx,Jep41ger,TRUE,bullet,Black,white,0,2646,-4,2642,2767,2025-10-14T13:16:59Z
xhdnwxnnx,x4ActxeN,TRUE,bullet,White,black,0,2654,-8,2646,2597,2025-10-14T13:14:36Z
xhdnwxnnx,SDlgyXPp,TRUE,bullet,White,white,1,2649,5,2654,2583,2025-10-12T07:39:47Z
xhdnwxnnx,Z5ZmNCWR,TRUE,bullet,White,black,0,2652,-3,2649,2798,2025-10-10T08:04:56Z
xhdnwxnnx,3FI60uYx,TRUE,bullet,Black,white,0,2656,-4,2652,2794,2025-10-10T08:03:27Z
xhdnwxnnx,hI9wCSP5,TRUE,bullet,White,black,0,2659,-3,2656,2791,2025-10-10T08:01:51Z
xhdnwxnnx,sTGKp6TI,TRUE,bullet,Black,white,0,2663,-4,2659,2787,2025-10-10T08:00:26Z
xhdnwxnnx,g27FuK4e,TRUE,bullet,Black,black,1,2658,5,2663,2632,2025-10-10T07:58:56Z
xhdnwxnnx,9gFMGKqG,TRUE,bullet,White,black,0,2662,-4,2658,2759,2025-10-10T06:18:49Z
xhdnwxnnx,4JGnbodc,TRUE,bullet,Black,NA,0.5,2660,2,2662,2760,2025-10-10T06:17:23Z
xhdnwxnnx,HA3f6OQR,TRUE,bullet,White,black,0,2664,-4,2660,2756,2025-10-10T06:15:52Z
osimhenbaba2013,QLgHQnXT,TRUE,blitz,White,white,1,2384,6,2390,2385,2025-10-15T15:36:32Z
osimhenbaba2013,iIOsjN3j,TRUE,bullet,White,black,0,2585,-7,2578,2507,2025-10-15T12:48:07Z
osimhenbaba2013,nY9IVH5C,TRUE,bullet,Black,black,1,2579,6,2585,2615,2025-10-14T19:56:16Z
osimhenbaba2013,2Kl7EqTW,TRUE,blitz,Black,white,0,2393,-9,2384,2197,2025-10-13T16:22:38Z
osimhenbaba2013,5PiYixuF,TRUE,blitz,Black,black,1,2393,0,2393,1054,2025-10-13T16:19:30Z
osimhenbaba2013,RSaBSWzQ,TRUE,blitz,White,white,1,2393,0,2393,1322,2025-10-13T16:13:48Z
osimhenbaba2013,v4kDJCV1,TRUE,bullet,Black,black,1,2573,6,2579,2557,2025-10-13T14:28:04Z
osimhenbaba2013,LJV1uNr1,TRUE,bullet,Black,white,0,2580,-7,2573,2518,2025-10-13T14:25:39Z
osimhenbaba2013,ma1U7Q8e,TRUE,bullet,White,NA,0.5,2582,-2,2580,2484,2025-10-13T13:41:53Z
osimhenbaba2013,TzEKeaUe,TRUE,bullet,Black,black,1,2577,5,2582,2488,2025-10-13T13:40:54Z
osimhenbaba2013,HS2RP37u,TRUE,bullet,White,white,1,2572,5,2577,2513,2025-10-13T12:35:15Z
osimhenbaba2013,jPG9MnTA,TRUE,bullet,Black,black,1,2566,6,2572,2559,2025-10-13T12:33:24Z
osimhenbaba2013,tdM9YU49,TRUE,blitz,White,black,0,2399,-6,2393,2430,2025-10-13T12:26:16Z
osimhenbaba2013,uy32bnhE,TRUE,blitz,White,white,1,2392,7,2399,2413,2025-10-12T19:19:50Z
osimhenbaba2013,ZiqzBlUp,TRUE,bullet,Black,black,1,2562,4,2566,2455,2025-10-10T15:42:42Z
GRXbullet,ybSbvAKf,TRUE,bullet,Black,black,1,2900,0,2900,1345,2023-04-05T07:26:56Z
GRXbullet,r5YnoPB0,TRUE,bullet,Black,black,1,2900,0,2900,1888,2023-04-05T06:31:51Z
GRXbullet,2xAEgyaU,TRUE,bullet,White,white,1,2898,2,2900,2619,2023-04-05T04:42:48Z
GRXbullet,dIkDhRX5,TRUE,bullet,Black,black,1,2896,2,2898,2621,2023-04-05T04:41:37Z
GRXbullet,5ojnSVzG,TRUE,bullet,White,white,1,2894,2,2896,2623,2023-04-05T04:40:29Z
GRXbullet,O2BN9QtI,TRUE,bullet,Black,black,1,2892,2,2894,2625,2023-04-05T04:39:57Z
GRXbullet,KAk6UuNz,TRUE,bullet,White,white,1,2890,2,2892,2627,2023-04-05T04:38:42Z
GRXbullet,L08G5DqX,TRUE,bullet,Black,black,1,2888,2,2890,2630,2023-04-05T04:38:17Z
GRXbullet,lvaUyqPL,TRUE,bullet,Black,black,1,2883,5,2888,2810,2023-04-05T04:29:09Z
GRXbullet,ki48pAp2,TRUE,bullet,White,white,1,2879,4,2883,2815,2023-04-05T04:27:44Z
GRXbullet,6VWZAYVh,TRUE,bullet,Black,white,0,2886,-7,2879,2808,2023-04-05T04:26:26Z
GRXbullet,PQcy0VoD,TRUE,bullet,White,black,0,2893,-7,2886,2801,2023-04-05T04:25:13Z
GRXbullet,PMCWiocg,TRUE,bullet,Black,white,0,2900,-7,2893,2793,2023-04-05T04:24:09Z
GRXbullet,7TS4SeoZ,TRUE,bullet,White,white,1,2896,4,2900,2797,2023-04-05T04:23:42Z
GRXbullet,Ckh1EgIh,TRUE,bullet,Black,black,1,2892,4,2896,2802,2023-04-05T04:22:41Z
MereseBerserkNhi,zFTv0M0h,TRUE,bullet,Black,white,0,2936,-5,2931,2990,2025-10-15T10:20:58Z
MereseBerserkNhi,fPXphgrU,TRUE,bullet,White,black,0,2941,-5,2936,2977,2025-10-12T09:18:23Z
MereseBerserkNhi,k9gafQxQ,TRUE,bullet,Black,white,0,2947,-6,2941,2953,2025-10-12T09:07:19Z
MereseBerserkNhi,nCq6UUBr,TRUE,bullet,White,black,0,2952,-5,2947,2947,2025-10-12T09:05:36Z
MereseBerserkNhi,S1ZejPUL,TRUE,bullet,Black,black,1,2946,6,2952,2953,2025-10-12T09:03:55Z
MereseBerserkNhi,guv4MC7I,TRUE,bullet,White,white,1,2940,6,2946,2959,2025-10-12T09:02:09Z
MereseBerserkNhi,LbGgFMrH,TRUE,bullet,Black,white,0,2946,-6,2940,2953,2025-10-12T09:01:30Z
MereseBerserkNhi,x61JBaWG,TRUE,bullet,Black,white,0,2950,-4,2946,3088,2025-10-12T08:57:13Z
MereseBerserkNhi,k4lCy9U7,TRUE,bullet,White,black,0,2953,-3,2950,3084,2025-10-12T08:54:19Z
MereseBerserkNhi,FiDPqZld,TRUE,bullet,White,white,1,2946,7,2953,3027,2025-10-12T08:50:52Z
MereseBerserkNhi,FtkFxn1v,TRUE,bullet,Black,black,1,2939,7,2946,3035,2025-10-12T08:48:09Z
MereseBerserkNhi,y1fK6l0Z,TRUE,bullet,White,black,0,2943,-4,2939,3030,2025-10-12T08:46:15Z
MereseBerserkNhi,hEh4w7NP,TRUE,bullet,Black,white,0,2948,-5,2943,3026,2025-10-12T08:43:44Z
MereseBerserkNhi,lXrylcq6,TRUE,bullet,White,black,0,2952,-4,2948,3021,2025-10-12T08:42:17Z
MereseBerserkNhi,izCaSGPQ,TRUE,bullet,White,white,1,2946,6,2952,2952,2025-10-12T08:39:41Z
steel_real,rEArye84,TRUE,rapid,Black,black,1,1839,6,1845,1822,2025-10-13T13:41:13Z
steel_real,q2PyRluU,TRUE,rapid,Black,NA,0.5,1839,0,1839,1856,2025-10-13T12:59:20Z
steel_real,sj8T7xJI,TRUE,rapid,White,white,1,1832,7,1839,1831,2025-10-13T12:42:06Z
steel_real,Dpr5C7L1,TRUE,rapid,Black,black,1,1827,5,1832,1808,2025-10-01T08:19:58Z
steel_real,jiaaCiSW,TRUE,rapid,White,white,1,1820,7,1827,1879,2025-10-01T07:38:47Z
steel_real,0mMgZCNR,TRUE,rapid,Black,black,1,1813,7,1820,1886,2025-10-01T07:33:12Z
steel_real,xOHsXyGG,TRUE,rapid,White,white,1,1808,5,1813,1798,2025-09-30T07:30:56Z
steel_real,XasqCGjT,TRUE,rapid,White,black,0,1813,-5,1808,1810,2025-09-29T13:22:26Z
steel_real,fACn7x2P,TRUE,rapid,Black,white,0,1819,-6,1813,1804,2025-09-29T13:01:23Z
steel_real,hWRkOWCw,TRUE,rapid,White,white,1,1814,5,1819,1809,2025-09-29T12:50:51Z
steel_real,6SGFIhTs,TRUE,rapid,Black,white,0,1820,-6,1814,1773,2025-09-29T08:19:18Z
steel_real,dAX3uje1,TRUE,rapid,Black,white,0,1827,-7,1820,1784,2025-09-29T07:34:42Z
steel_real,2hDcZfsw,TRUE,rapid,White,black,0,1832,-5,1827,1872,2025-09-26T08:32:10Z
steel_real,mEOFeb8H,TRUE,rapid,Black,white,0,1838,-6,1832,1769,2025-09-26T08:24:25Z
steel_real,TTLkUJBq,TRUE,rapid,White,black,0,1844,-6,1838,1813,2025-09-26T08:15:06Z
Peanutbutter12345,0vszlLRu,TRUE,blitz,Black,black,1,1804,4,1808,1513,2025-04-26T15:16:26Z
Peanutbutter12345,hX7YNDOL,TRUE,blitz,White,black,0,1810,-6,1804,2061,2025-04-26T15:12:55Z
Peanutbutter12345,U5oiYGsm,TRUE,blitz,Black,white,0,1813,-3,1810,2177,2025-04-26T15:11:40Z
Peanutbutter12345,Q8ML8ATf,TRUE,blitz,White,black,0,1834,-21,1813,1726,2025-04-26T15:01:14Z
Peanutbutter12345,cAu9JWx6,TRUE,blitz,Black,white,0,1856,-22,1834,1737,2025-04-26T14:54:36Z
Peanutbutter12345,FpCFBzQn,TRUE,blitz,Black,white,0,1870,-14,1856,1944,2025-04-26T14:48:29Z
Peanutbutter12345,4jgyxX2M,TRUE,blitz,White,white,1,1867,3,1870,1435,2025-04-26T14:47:02Z
Peanutbutter12345,muVuNToL,TRUE,blitz,White,white,1,1830,37,1867,2616,2025-04-26T14:42:26Z
Peanutbutter12345,SXndIiaX,TRUE,blitz,Black,white,0,1846,-16,1830,1900,2025-04-26T14:38:07Z
Peanutbutter12345,YrrHPxMn,TRUE,blitz,White,white,1,1845,1,1846,1015,2025-04-26T14:09:05Z
Peanutbutter12345,DJRHgklp,TRUE,blitz,Black,white,0,1867,-22,1845,1833,2025-04-26T14:03:16Z
Peanutbutter12345,gfv1GXNa,TRUE,blitz,White,black,0,1898,-31,1867,1721,2025-04-26T13:57:34Z
Peanutbutter12345,NsgEaDfi,TRUE,blitz,Black,white,0,1907,-9,1898,2133,2025-04-26T13:54:50Z
Peanutbutter12345,HtqUYTp4,TRUE,blitz,White,white,1,1902,5,1907,1528,2025-04-26T13:49:36Z
Peanutbutter12345,fGDLjo30,TRUE,blitz,White,white,1,1901,1,1902,1281,2025-04-26T13:13:42Z
penguingm1,Ko5vizYc,TRUE,bullet,Black,black,1,2481,61,2542,2430,2023-12-28T20:11:47Z
penguingm1,1qVrp1u8,TRUE,bullet,White,black,0,2498,-17,2481,1449,2020-09-18T23:26:34Z
penguingm1,Gf2kMD0n,TRUE,bullet,Black,black,1,2491,7,2498,2417,2020-09-18T23:24:43Z
penguingm1,K37H2UBu,TRUE,bullet,White,black,0,2495,-4,2491,2722,2020-09-18T23:23:26Z
penguingm1,GfDTYku1,TRUE,bullet,Black,white,0,2508,-13,2495,2319,2020-09-18T23:21:27Z
penguingm1,BlCtObsc,TRUE,bullet,White,black,0,2521,-13,2508,2336,2020-09-18T23:19:35Z
penguingm1,R3cGCD8Q,TRUE,bullet,Black,black,1,2507,14,2521,2730,2020-09-18T23:18:14Z
penguingm1,64GZgIrT,TRUE,bullet,Black,black,1,2501,6,2507,2336,2020-09-18T23:16:19Z
penguingm1,FTuCFlrm,TRUE,bullet,White,black,0,2518,-17,2501,2185,2020-09-18T23:14:25Z
penguingm1,Bf0RCeMf,TRUE,bullet,Black,black,1,2517,1,2518,2029,2020-09-18T23:14:07Z
penguingm1,3l3UQ54M,TRUE,bullet,Black,white,0,2533,-16,2517,2258,2020-09-18T23:12:33Z
penguingm1,AqfBTFn3,TRUE,bullet,White,black,0,2538,-5,2533,2722,2020-09-18T23:11:00Z
penguingm1,Xp2MXhqQ,TRUE,bullet,White,white,1,2538,0,2538,1764,2020-09-18T23:08:46Z
penguingm1,0GsHeKSG,TRUE,bullet,Black,white,0,2557,-19,2538,2169,2020-09-18T23:07:10Z
penguingm1,iqdztpaL,TRUE,bullet,White,white,1,2556,1,2557,1754,2020-09-18T23:05:13Z
gabendan,MPPMsYip,TRUE,blitz,Black,black,1,2866,10,2876,2756,2025-10-09T14:15:08Z
gabendan,d27xsOoj,TRUE,blitz,White,white,1,2855,11,2866,2761,2025-10-09T14:10:49Z
gabendan,xeNPmAcn,TRUE,blitz,Black,black,1,2834,21,2855,2940,2025-10-09T14:05:39Z
gabendan,15F647zM,TRUE,blitz,Black,black,1,2826,8,2834,2621,2025-10-09T14:02:54Z
gabendan,ylktZN0i,TRUE,blitz,Black,black,1,2817,9,2826,2644,2025-10-09T14:00:12Z
gabendan,N0qNYBBv,TRUE,blitz,Black,NA,0.5,2827,-10,2817,2602,2025-10-09T13:59:28Z
gabendan,DfE68Mhg,TRUE,blitz,Black,black,1,2813,14,2827,2723,2025-10-09T13:54:02Z
gabendan,T74Gal7y,TRUE,blitz,White,white,1,2804,9,2813,2574,2025-10-09T13:48:39Z
gabendan,TewcLdsW,TRUE,blitz,White,NA,0.5,2811,-7,2804,2701,2025-10-09T13:42:16Z
gabendan,NfdbFk2L,TRUE,blitz,White,white,1,2797,14,2811,2665,2025-10-09T13:37:23Z
gabendan,tnvcMVP3,TRUE,blitz,Black,black,1,2775,22,2797,2763,2025-10-09T13:30:59Z
gabendan,HMB7ziNT,TRUE,blitz,Black,NA,0.5,2783,-8,2775,2652,2025-10-09T13:25:24Z
gabendan,q768skPH,TRUE,bullet,White,black,0,2871,-6,2865,2927,2025-10-06T13:06:26Z
gabendan,s9rBU5dY,TRUE,bullet,Black,white,0,2875,-4,2871,3073,2025-10-06T13:04:19Z
gabendan,6iifXZKS,TRUE,bullet,White,black,0,2883,-8,2875,2853,2025-10-01T15:09:47Z
wExoqtic,pum07LEx,TRUE,blitz,Black,white,0,1243,-19,1224,1222,2025-01-10T20:49:24Z
wExoqtic,JkXOC7Yx,TRUE,blitz,White,white,1,1230,13,1243,1103,2025-01-10T20:43:59Z
wExoqtic,VfWDchYy,TRUE,blitz,Black,white,0,1249,-19,1230,1261,2025-01-06T15:08:41Z
wExoqtic,kUd3abWJ,TRUE,blitz,Black,black,1,1224,25,1249,1347,2024-12-27T17:11:58Z
wExoqtic,u80vaf3h,TRUE,blitz,White,black,0,1226,-2,1224,1672,2024-12-24T12:14:14Z
wExoqtic,hILKCQat,TRUE,blitz,White,black,0,1245,-19,1226,1221,2024-12-13T07:44:16Z
wExoqtic,tGhKr4F5,TRUE,bullet,Black,white,0,1913,-17,1896,1590,2024-11-23T16:30:20Z
wExoqtic,lw3RKYzN,TRUE,blitz,White,black,0,1265,-20,1245,1140,2024-11-16T13:15:14Z
wExoqtic,dPqldsCQ,TRUE,blitz,Black,black,1,1258,7,1265,1044,2024-11-16T13:10:12Z
wExoqtic,eGQkIa5A,TRUE,blitz,White,white,1,1249,9,1258,1075,2024-11-16T13:04:41Z
wExoqtic,Z4gDnoWr,TRUE,blitz,Black,white,0,1265,-16,1249,1264,2024-11-16T13:00:40Z
wExoqtic,8M0H2Nig,TRUE,bullet,Black,white,0,1917,-4,1913,2131,2024-11-09T17:53:09Z
wExoqtic,4cdiCpKS,TRUE,bullet,White,white,1,1910,7,1917,1862,2024-11-09T17:51:54Z
wExoqtic,gdjXLKwz,TRUE,bullet,Black,black,1,1909,1,1910,1289,2024-11-09T17:50:49Z
wExoqtic,mZcGRNXO,TRUE,bullet,White,white,1,1906,3,1909,1635,2024-11-09T17:49:33Z
comeback786,maO2wKEf,TRUE,blitz,White,black,0,948,-1,947,1819,2025-09-28T09:53:38Z
comeback786,mg63qOAc,TRUE,blitz,Black,white,0,962,-14,948,1036,2025-09-28T09:49:40Z
comeback786,JHf1NSKJ,TRUE,blitz,White,black,0,964,-2,962,1521,2025-09-25T17:05:24Z
comeback786,SPsT4l3v,TRUE,blitz,Black,white,0,966,-2,964,1487,2025-09-15T09:12:43Z
comeback786,P7FsnC6e,TRUE,blitz,Black,white,0,968,-2,966,1398,2025-09-07T18:41:16Z
comeback786,FXSJzlpg,TRUE,blitz,White,NA,0.5,976,-8,968,804,2025-09-07T18:38:07Z
comeback786,FTKDm5KA,TRUE,blitz,Black,white,0,976,0,976,2001,2025-09-06T13:19:05Z
comeback786,fYD5fxt8,TRUE,blitz,White,black,0,977,-1,976,1561,2025-08-28T09:19:47Z
comeback786,akmw360A,TRUE,blitz,Black,black,1,968,9,977,817,2025-08-25T18:52:49Z
comeback786,bh3XCo8k,TRUE,blitz,White,black,0,969,-1,968,1537,2025-08-19T12:18:20Z
comeback786,GMYyftsT,TRUE,blitz,Black,white,0,970,-1,969,1607,2025-08-16T15:29:23Z
comeback786,ufyd2TfO,TRUE,blitz,White,black,0,970,0,970,1675,2025-08-14T16:52:36Z
comeback786,qnVELT1k,TRUE,blitz,Black,white,0,971,-1,970,1624,2025-08-14T16:50:42Z
comeback786,R53l54zk,TRUE,blitz,Black,white,0,972,-1,971,1607,2025-08-14T09:33:56Z
comeback786,radHgQSA,TRUE,blitz,Black,white,0,972,0,972,1710,2025-08-13T05:09:36Z
NilSeWon,EApooQKT,TRUE,blitz,Black,white,0,2125,-5,2120,2138,2025-10-15T18:22:43Z
NilSeWon,zcROzReW,TRUE,blitz,White,black,0,2130,-5,2125,2166,2025-10-15T18:08:07Z
NilSeWon,eslUG88X,TRUE,blitz,Black,black,1,2124,6,2130,2145,2025-10-15T18:01:12Z
NilSeWon,tL2vq952,TRUE,blitz,White,black,0,2128,-4,2124,2280,2025-10-15T17:48:48Z
NilSeWon,CqCpaOmG,TRUE,blitz,Black,black,1,2123,5,2128,2034,2025-10-15T17:36:11Z
NilSeWon,XYD2xheD,TRUE,blitz,White,white,1,2117,6,2123,2109,2025-10-15T17:28:40Z
NilSeWon,qXuWzP1E,TRUE,blitz,Black,NA,0.5,2117,0,2117,2144,2025-10-15T17:10:14Z
NilSeWon,Jxxgq7Pt,TRUE,blitz,White,black,0,2123,-6,2117,2099,2025-10-15T17:04:16Z
NilSeWon,V58E57n9,TRUE,blitz,Black,white,0,2130,-7,2123,2116,2025-10-15T16:54:16Z
NilSeWon,Zf9408Is,TRUE,blitz,White,black,0,2136,-6,2130,2135,2025-10-15T13:48:56Z
NilSeWon,Qqph9FbF,TRUE,blitz,Black,white,0,2142,-6,2136,2163,2025-10-15T12:10:23Z
NilSeWon,efVCvWJ8,TRUE,blitz,Black,white,0,2149,-7,2142,2129,2025-10-14T22:03:40Z
NilSeWon,2cfWQKJ8,TRUE,blitz,Black,black,1,2144,5,2149,2096,2025-10-14T19:13:01Z
NilSeWon,O4hbaR5x,TRUE,bullet,White,NA,0.5,2318,2,2320,2478,2025-10-12T16:32:05Z
NilSeWon,ov9b60K2,TRUE,bullet,White,white,1,2310,8,2318,2474,2025-10-12T16:31:17Z
LegacyOfBob,Oc9RAMJU,TRUE,blitz,Black,white,0,2819,-9,2810,2900,2025-10-14T22:45:10Z
LegacyOfBob,AtW72CtX,TRUE,blitz,White,black,0,2828,-9,2819,2881,2025-10-14T22:37:09Z
LegacyOfBob,ImhOt9UY,TRUE,blitz,Black,white,0,2839,-11,2828,2858,2025-10-14T22:29:06Z
LegacyOfBob,TFB9ZI9x,TRUE,blitz,White,white,1,2825,14,2839,2888,2025-10-14T22:18:00Z
LegacyOfBob,4l04hjQt,TRUE,bullet,White,white,1,3113,4,3117,2927,2025-10-14T02:42:11Z
LegacyOfBob,41hx1qWi,TRUE,blitz,White,NA,0.5,2825,0,2825,2845,2025-10-10T15:31:17Z
LegacyOfBob,a9Vlkq3h,TRUE,blitz,White,black,0,2835,-10,2825,2910,2025-10-10T15:25:59Z
LegacyOfBob,YQiRMqKs,TRUE,bullet,Black,white,0,3123,-10,3113,2926,2025-10-09T23:10:33Z
LegacyOfBob,ynhgL5hV,TRUE,bullet,White,NA,0.5,3127,-4,3123,2923,2025-10-09T23:08:20Z
LegacyOfBob,nLzIt2HM,TRUE,blitz,Black,black,1,2826,9,2835,2704,2025-10-09T20:11:51Z
LegacyOfBob,HAp9VjYM,TRUE,blitz,Black,black,1,2812,14,2826,2832,2025-10-09T19:15:18Z
LegacyOfBob,m9xfL6Tx,TRUE,blitz,White,white,1,2797,15,2812,2831,2025-10-09T17:02:38Z
LegacyOfBob,VY8J4aZw,TRUE,blitz,Black,black,1,2780,17,2797,2837,2025-10-09T16:57:38Z
LegacyOfBob,ujolpI1E,TRUE,blitz,White,white,1,2761,19,2780,2844,2025-10-09T16:47:59Z
LegacyOfBob,zL2QP1bB,TRUE,blitz,Black,black,1,2748,13,2761,2692,2025-10-09T16:41:56Z
Zooey,NkKFNldV,TRUE,bullet,White,white,1,1402,9,1411,1386,2019-07-22T16:05:20Z
Zooey,gvjPNoP1,TRUE,blitz,Black,black,1,1398,14,1412,1541,2019-07-22T15:46:38Z
Zooey,B8wJQPJx,TRUE,blitz,Black,black,1,1388,10,1398,1382,2019-07-22T15:38:39Z
Zooey,6t1RlUEb,TRUE,blitz,White,black,0,1400,-12,1388,1304,2019-07-22T15:29:57Z
Zooey,Q0LuT0np,TRUE,blitz,Black,white,0,1407,-7,1400,1544,2019-07-22T15:19:33Z
Zooey,xPnjMvj5,TRUE,blitz,White,white,1,1398,9,1407,1349,2019-07-22T14:33:27Z
Zooey,1nlVwovT,TRUE,blitz,White,white,1,1387,11,1398,1427,2019-07-22T14:23:10Z
Zooey,r1zUZg5J,TRUE,blitz,Black,black,1,1373,14,1387,1489,2019-07-22T14:12:29Z
Zooey,IKrntCbV,TRUE,blitz,White,white,1,1367,6,1373,1238,2019-07-22T14:09:49Z
Zooey,7tyqWVNP,TRUE,blitz,Black,white,0,1376,-9,1367,1387,2019-07-22T14:00:02Z
Zooey,Z2DG4XmZ,TRUE,blitz,Black,black,1,1364,12,1376,1438,2019-07-22T13:51:34Z
Zooey,pkei2W34,TRUE,blitz,White,white,1,1355,9,1364,1311,2019-07-22T13:47:15Z
Zooey,bnJsrhZ0,TRUE,blitz,White,white,1,1343,12,1355,1424,2019-07-22T13:41:10Z
Zooey,sNkNnVr0,TRUE,blitz,Black,black,1,1330,13,1343,1440,2019-07-22T13:36:07Z
Zooey,9bbjwGij,TRUE,blitz,Black,white,0,1344,-14,1330,1201,2019-07-22T12:42:14Z
xuanet,eRuSAX0K,TRUE,bullet,White,black,0,2438,-5,2433,2451,2025-10-15T19:38:14Z
xuanet,ZRbwWMID,TRUE,bullet,Black,white,0,2444,-6,2438,2414,2025-10-15T17:41:28Z
xuanet,FfkEtCtQ,TRUE,bullet,Black,white,0,2450,-6,2444,2444,2025-10-15T17:02:30Z
xuanet,LHXQ5roJ,TRUE,bullet,White,white,1,2445,5,2450,2394,2025-10-15T16:54:34Z
xuanet,osTGJyAX,TRUE,bullet,White,white,1,2441,4,2445,2335,2025-10-15T16:52:24Z
xuanet,ViCLhvsn,TRUE,bullet,Black,white,0,2446,-5,2441,2457,2025-10-15T16:50:40Z
xuanet,XiQDD3ui,TRUE,bullet,White,white,1,2441,5,2446,2415,2025-10-15T15:11:46Z
xuanet,YL2Pp37X,TRUE,bullet,Black,black,1,2436,5,2441,2421,2025-10-15T15:11:07Z
xuanet,Uj1jFIi3,TRUE,bullet,White,black,0,2442,-6,2436,2414,2025-10-15T15:08:51Z
xuanet,Ntgux7eG,TRUE,bullet,Black,black,1,2436,6,2442,2420,2025-10-15T15:07:43Z
xuanet,2fZwqfcl,TRUE,bullet,White,white,1,2431,5,2436,2425,2025-10-15T15:06:02Z
xuanet,hYDA1ktm,TRUE,blitz,Black,NA,0.5,2298,3,2301,2475,2025-10-15T14:05:19Z
xuanet,dSsPWEzm,TRUE,blitz,Black,white,0,2304,-6,2298,2270,2025-10-15T14:00:31Z
xuanet,oqUoui0b,TRUE,blitz,White,white,1,2299,5,2304,2267,2025-10-15T13:33:41Z
xuanet,lnDMHSiT,TRUE,bullet,White,black,0,2435,-4,2431,2500,2025-10-15T13:26:25Z
Alen555,atEMNMQl,TRUE,classical,White,white,1,2268,6,2274,2081,2025-10-11T01:21:19Z
Alen555,vcAhuBH3,TRUE,classical,White,white,1,2266,2,2268,1857,2025-10-11T01:05:07Z
Alen555,hniXio39,TRUE,classical,Black,black,1,2261,5,2266,1982,2025-10-11T00:23:39Z
Alen555,Nl8MDmVL,TRUE,classical,White,white,1,2261,0,2261,1451,2025-10-11T00:13:38Z
Alen555,yoQqOhpD,TRUE,classical,Black,white,0,2270,-9,2261,2385,2025-10-10T23:39:30Z
Alen555,2QLcJCyy,TRUE,classical,Black,black,1,2269,1,2270,1686,2025-10-10T23:24:01Z
Alen555,BGjfqO5J,TRUE,classical,White,white,1,2266,3,2269,1857,2025-10-10T22:53:18Z
Alen555,ZchfiYr6,TRUE,classical,White,black,0,2292,-26,2266,1771,2025-10-10T21:55:26Z
Alen555,H2uDDaTZ,TRUE,classical,Black,black,1,2285,7,2292,2119,2025-10-10T21:40:54Z
Alen555,MIvTADCP,TRUE,classical,White,white,1,2284,1,2285,1642,2025-10-10T21:24:43Z
Alen555,6cYGp88c,TRUE,classical,White,white,1,2284,0,2284,1431,2025-10-10T20:57:23Z
Alen555,gifpT6fV,TRUE,classical,Black,white,0,2299,-15,2284,2268,2025-10-10T20:03:28Z
Alen555,H1kKH9nd,TRUE,classical,White,white,1,2298,1,2299,1767,2025-10-03T22:54:25Z
Alen555,DbjxlsxZ,TRUE,classical,Black,black,1,2297,1,2298,1462,2025-10-03T22:40:01Z
Alen555,E4Qdxbbn,TRUE,classical,White,white,1,2296,1,2297,1760,2025-10-03T22:05:57Z
Trader9703,R9aBekoO,TRUE,blitz,Black,black,1,2190,1,2191,1586,2025-10-13T09:50:35Z
Trader9703,WKlWHZMn,TRUE,blitz,White,white,1,2185,5,2190,2181,2025-10-13T09:09:39Z
Trader9703,BRg3EoRR,TRUE,blitz,White,black,0,2192,-7,2185,2089,2025-10-13T08:45:59Z
Trader9703,iW5dJCcv,TRUE,blitz,Black,white,0,2200,-8,2192,2065,2025-10-13T08:41:53Z
Trader9703,C0fXl3WD,TRUE,blitz,Black,black,1,2199,1,2200,1727,2025-10-13T08:38:32Z
Trader9703,dlJTgwRb,TRUE,blitz,White,white,1,2196,3,2199,1980,2025-10-13T08:35:50Z
Trader9703,fPP812g8,TRUE,blitz,White,white,1,2196,0,2196,1739,2025-10-13T08:33:29Z
Trader9703,3NnmKc2i,TRUE,blitz,Black,white,0,2203,-7,2196,2104,2025-10-13T08:30:10Z
Trader9703,zv2MRkjv,TRUE,blitz,White,white,1,2202,1,2203,1737,2025-10-12T17:48:25Z
Trader9703,CApgxDO1,TRUE,blitz,Black,black,1,2202,0,2202,1578,2025-10-12T17:45:52Z
Trader9703,e2kifF1g,TRUE,blitz,White,black,0,2213,-11,2202,1677,2025-10-12T17:40:48Z
Trader9703,JyNqPF80,TRUE,blitz,Black,black,1,2213,0,2213,1309,2025-10-12T17:37:33Z
Trader9703,SFeuseaA,TRUE,blitz,White,white,1,2212,1,2213,1608,2025-10-12T17:29:58Z
Trader9703,jXjSVBJ1,TRUE,blitz,Black,white,0,2218,-6,2212,2256,2025-10-12T17:25:36Z
Trader9703,kYzc8KRY,TRUE,blitz,Black,black,1,2215,3,2218,1956,2025-10-12T15:45:48Z
yuza40,3vibIREB,TRUE,blitz,White,black,0,2376,-58,2318,2354,2024-04-07T13:32:59Z
yuza40,f7qL7wkf,TRUE,bullet,White,white,1,2346,6,2352,2316,2022-12-28T18:31:22Z
yuza40,eh81pl0A,TRUE,bullet,Black,black,1,2341,5,2346,2321,2022-12-28T18:29:40Z
yuza40,icl0w3UK,TRUE,bullet,White,black,0,2348,-7,2341,2285,2022-12-28T18:27:56Z
yuza40,j4jPh0hU,TRUE,bullet,Black,black,1,2343,5,2348,2254,2022-12-28T18:26:14Z
yuza40,41EcwBT4,TRUE,bullet,White,white,1,2339,4,2343,2259,2022-12-28T18:24:19Z
yuza40,Z436H8Ol,TRUE,bullet,Black,black,1,2334,5,2339,2263,2022-12-28T18:22:54Z
yuza40,WwgPH6mI,TRUE,bullet,White,white,1,2330,4,2334,2268,2022-12-28T18:21:42Z
yuza40,fEY5z8PB,TRUE,bullet,Black,black,1,2324,6,2330,2316,2022-12-28T18:19:43Z
yuza40,TvP40Blt,TRUE,bullet,White,black,0,2330,-6,2324,2276,2022-12-28T18:17:42Z
yuza40,NE30HISe,TRUE,bullet,Black,black,1,2327,3,2330,2179,2022-12-28T18:15:32Z
yuza40,fXNusEOA,TRUE,bullet,White,black,0,2334,-7,2327,2229,2022-12-28T18:13:17Z
yuza40,Ps6xzTLt,TRUE,bullet,Black,white,0,2338,-4,2334,2469,2022-12-28T18:12:41Z
yuza40,eEHCQsAk,TRUE,bullet,Black,black,1,2333,5,2338,2319,2022-12-28T18:11:14Z
yuza40,wGONrKxa,TRUE,bullet,White,black,0,2339,-6,2333,2313,2022-12-28T18:09:06Z
RodrigoDiazdeVivar1,F5vbdA3L,TRUE,bullet,Black,black,1,2359,5,2364,2319,2025-10-15T20:31:34Z
RodrigoDiazdeVivar1,NJJbXhVZ,TRUE,bullet,White,black,0,2364,-5,2359,2407,2025-10-15T20:28:43Z
RodrigoDiazdeVivar1,um7frxw9,TRUE,bullet,Black,black,1,2359,5,2364,2319,2025-10-13T14:02:28Z
RodrigoDiazdeVivar1,YAnuPMxp,TRUE,bullet,White,white,1,2355,4,2359,2255,2025-10-13T14:00:06Z
RodrigoDiazdeVivar1,WQRMvQ4a,TRUE,bullet,Black,white,0,2358,-3,2355,2512,2025-10-13T13:58:56Z
RodrigoDiazdeVivar1,BNrCpiyS,TRUE,bullet,Black,white,0,2363,-5,2358,2411,2025-10-13T13:56:39Z
RodrigoDiazdeVivar1,6fh7qGlt,TRUE,bullet,White,white,1,2358,5,2363,2355,2025-10-13T13:52:03Z
RodrigoDiazdeVivar1,6ixM4U1F,TRUE,bullet,Black,black,1,2352,6,2358,2360,2025-10-13T13:50:09Z
RodrigoDiazdeVivar1,5eq0obca,TRUE,bullet,White,white,1,2346,6,2352,2366,2025-10-13T13:48:03Z
RodrigoDiazdeVivar1,uQw9zaMF,TRUE,bullet,Black,white,0,2351,-5,2346,2361,2025-10-13T13:46:01Z
RodrigoDiazdeVivar1,KVIkCwwQ,TRUE,bullet,Black,white,0,2354,-3,2351,2520,2025-10-13T13:44:39Z
RodrigoDiazdeVivar1,vGKSLf8v,TRUE,bullet,White,black,0,2360,-6,2354,2363,2025-10-13T13:43:00Z
RodrigoDiazdeVivar1,mdTOSppb,TRUE,bullet,White,white,1,2355,5,2360,2288,2025-10-13T13:41:00Z
RodrigoDiazdeVivar1,d6LVpJnt,TRUE,bullet,Black,white,0,2361,-6,2355,2332,2025-10-13T13:40:10Z
RodrigoDiazdeVivar1,QRHfOFdk,TRUE,bullet,White,white,1,2356,5,2361,2317,2025-10-13T13:36:59Z
ShreyasD,YBoji6Rm,TRUE,rapid,White,white,1,2221,5,2226,2165,2025-10-15T12:12:20Z
ShreyasD,jfoqIIAv,TRUE,bullet,Black,black,1,2369,7,2376,2477,2025-10-15T02:54:18Z
ShreyasD,jFTGX5ci,TRUE,bullet,White,black,0,2373,-4,2369,2472,2025-10-15T02:51:56Z
ShreyasD,gJI2710t,TRUE,bullet,Black,black,1,2367,6,2373,2363,2025-10-15T02:45:32Z
ShreyasD,Pro47dAj,TRUE,bullet,White,white,1,2362,5,2367,2343,2025-10-15T02:42:52Z
ShreyasD,9pC4NMPR,TRUE,bullet,White,NA,0.5,2361,1,2362,2392,2025-10-14T14:59:51Z
ShreyasD,2kiJ10dF,TRUE,bullet,Black,white,0,2367,-6,2361,2380,2025-10-14T13:58:34Z
ShreyasD,aQrEkSxh,TRUE,rapid,White,white,1,2215,6,2221,2223,2025-10-14T11:20:24Z
ShreyasD,JKsslf9X,TRUE,rapid,Black,white,0,2221,-6,2215,2205,2025-10-14T02:44:42Z
ShreyasD,6rYJRvjN,TRUE,bullet,Black,white,0,2372,-5,2367,2361,2025-10-14T01:57:03Z
ShreyasD,kcBkxASd,TRUE,bullet,White,black,0,2378,-6,2372,2363,2025-10-14T01:55:12Z
ShreyasD,dbNSrB23,TRUE,bullet,White,white,1,2373,5,2378,2333,2025-10-14T01:49:17Z
ShreyasD,H8sQ0jhT,TRUE,bullet,Black,white,0,2380,-7,2373,2309,2025-10-14T01:46:08Z
ShreyasD,yhWfExvU,TRUE,bullet,Black,black,1,2373,7,2380,2429,2025-10-14T01:20:50Z
ShreyasD,Oct0XLUg,TRUE,bullet,White,white,1,2369,4,2373,2261,2025-10-14T01:18:29Z
Lu_Shanglei,7HWcHR94,TRUE,blitz,Black,black,1,2890,9,2899,2744,2025-10-15T15:46:50Z
Lu_Shanglei,8UHT1BcY,TRUE,blitz,White,white,1,2879,11,2890,2782,2025-10-15T15:43:55Z
Lu_Shanglei,XiBrJILS,TRUE,blitz,Black,NA,0.5,2886,-7,2879,2715,2025-10-09T07:17:45Z
Lu_Shanglei,u7e4xBPL,TRUE,blitz,White,black,0,2911,-25,2886,2707,2025-10-09T07:12:32Z
Lu_Shanglei,UPsc9bcS,TRUE,blitz,Black,black,1,2903,8,2911,2709,2025-10-09T07:09:32Z
Lu_Shanglei,qe3JEjwu,TRUE,blitz,Black,black,1,2898,5,2903,2703,2025-08-11T05:44:17Z
Lu_Shanglei,ExmU2GEI,TRUE,blitz,White,white,1,2893,5,2898,2706,2025-08-11T05:38:16Z
Lu_Shanglei,Pn8VphoR,TRUE,blitz,Black,white,0,2908,-15,2893,2674,2025-08-11T05:18:15Z
Lu_Shanglei,PNMxmUl4,TRUE,blitz,White,white,1,2904,4,2908,2676,2025-08-11T05:12:11Z
Lu_Shanglei,POMYmBYK,TRUE,blitz,White,white,1,2899,5,2904,2717,2025-08-11T05:03:10Z
Lu_Shanglei,svuMFGTN,TRUE,blitz,Black,black,1,2893,6,2899,2738,2025-08-10T07:21:11Z
Lu_Shanglei,5dLJTzbL,TRUE,blitz,White,white,1,2887,6,2893,2748,2025-08-10T07:16:49Z
Lu_Shanglei,hP89RuFn,TRUE,blitz,Black,black,1,2880,7,2887,2759,2025-08-10T07:15:07Z
Lu_Shanglei,pl0ar1OK,TRUE,blitz,White,white,1,2872,8,2880,2772,2025-08-10T07:11:25Z
Lu_Shanglei,ytdebIFe,TRUE,blitz,Black,black,1,2864,8,2872,2786,2025-08-10T07:06:43Z
SuperbAmir,LxhlosSa,TRUE,blitz,Black,white,0,2747,-14,2733,2705,2025-10-12T21:41:07Z
SuperbAmir,EkfNH0ku,TRUE,bullet,White,white,1,3003,3,3006,2578,2025-10-12T20:43:13Z
SuperbAmir,0gDuWoyd,TRUE,bullet,Black,black,1,3000,3,3003,2579,2025-10-12T20:41:16Z
SuperbAmir,eqXJyp3J,TRUE,blitz,Black,black,1,2740,7,2747,2564,2025-10-12T20:25:35Z
SuperbAmir,RHEIMhba,TRUE,blitz,White,white,1,2734,6,2740,2543,2025-10-01T05:36:10Z
SuperbAmir,Mb5SOK2X,TRUE,blitz,White,NA,0.5,2732,2,2734,2812,2025-09-21T11:15:13Z
SuperbAmir,XedT6TlE,TRUE,blitz,Black,black,1,2722,10,2732,2703,2025-09-20T12:01:02Z
SuperbAmir,Ql8l2hBQ,TRUE,blitz,Black,black,1,2715,7,2722,2631,2025-09-06T10:48:51Z
SuperbAmir,9S062mTG,TRUE,blitz,White,white,1,2708,7,2715,2626,2025-09-06T10:42:08Z
SuperbAmir,KIxDgrNP,TRUE,blitz,Black,black,1,2702,6,2708,2598,2025-09-06T10:36:30Z
SuperbAmir,pg63joyp,TRUE,blitz,White,white,1,2697,5,2702,2506,2025-09-03T18:44:40Z
SuperbAmir,ikmNAhgQ,TRUE,blitz,Black,black,1,2691,6,2697,2590,2025-09-03T18:38:52Z
SuperbAmir,JhOQvAp8,TRUE,blitz,White,black,0,2702,-11,2691,2617,2025-09-02T07:19:43Z
SuperbAmir,XTbNKBke,TRUE,blitz,White,white,1,2696,6,2702,2563,2025-09-01T14:03:05Z
SuperbAmir,LEdULcch,TRUE,blitz,Black,white,0,2708,-12,2696,2614,2025-09-01T13:54:55Z
RakitinD,pN7VQNNe,TRUE,bullet,Black,white,0,3117,-11,3106,2182,2025-10-15T15:18:38Z
RakitinD,qL3j94hj,TRUE,bullet,White,white,1,3117,0,3117,2044,2025-10-15T15:17:48Z
RakitinD,hvomQfOB,TRUE,bullet,Black,black,1,3117,0,3117,2247,2025-10-15T15:16:54Z
RakitinD,Bat3MsRP,TRUE,bullet,White,white,1,3117,0,3117,2407,2025-10-15T15:15:42Z
RakitinD,WpxLcA6v,TRUE,bullet,Black,NA,0.5,3123,-6,3117,2010,2025-10-15T15:14:23Z
RakitinD,KRRtMA2A,TRUE,bullet,White,white,1,3123,0,3123,2057,2025-10-15T15:13:27Z
RakitinD,JZxUwPJm,TRUE,bullet,White,NA,0.5,3128,-5,3123,2336,2025-10-15T15:12:17Z
RakitinD,mRgiKwdo,TRUE,bullet,Black,black,1,3128,0,3128,1559,2025-10-15T15:11:23Z
RakitinD,bXCO95YV,TRUE,bullet,White,NA,0.5,3132,-4,3128,2897,2025-10-15T15:07:10Z
RakitinD,sqYJwffx,TRUE,bullet,Black,white,0,3141,-9,3132,2887,2025-10-15T15:06:15Z
RakitinD,bg52V321,TRUE,bullet,White,white,1,3139,2,3141,2890,2025-10-15T15:05:19Z
RakitinD,jBBQysjq,TRUE,bullet,Black,black,1,3137,2,3139,2892,2025-10-15T15:04:30Z
RakitinD,vLgiVn1E,TRUE,bullet,White,black,0,3146,-9,3137,2882,2025-10-15T15:03:23Z
RakitinD,9PzQBxxC,TRUE,bullet,Black,black,1,3144,2,3146,2884,2025-10-15T15:02:09Z
RakitinD,lU8aNLRf,TRUE,bullet,White,white,1,3142,2,3144,2887,2025-10-15T15:01:05Z
BrokyLoveKFC,btydGvIS,TRUE,bullet,White,white,1,2930,5,2935,2864,2025-10-14T06:04:28Z
BrokyLoveKFC,cWjE1BLV,TRUE,blitz,White,white,1,2793,7,2800,2788,2025-10-13T06:56:44Z
BrokyLoveKFC,W3jUZLZU,TRUE,blitz,Black,black,1,2786,7,2793,2795,2025-10-13T06:50:42Z
BrokyLoveKFC,iyRq3xVm,TRUE,blitz,White,NA,0.5,2786,0,2786,2786,2025-10-13T06:43:32Z
BrokyLoveKFC,GqAevrDJ,TRUE,blitz,Black,white,0,2794,-8,2786,2780,2025-10-13T06:36:54Z
BrokyLoveKFC,luoDKgAL,TRUE,bullet,White,white,1,2925,5,2930,2877,2025-10-13T01:19:55Z
BrokyLoveKFC,pPw0Mxpi,TRUE,bullet,Black,black,1,2920,5,2925,2882,2025-10-13T01:17:57Z
BrokyLoveKFC,paOpdoam,TRUE,bullet,White,NA,0.5,2921,-1,2920,2882,2025-10-13T01:15:38Z
BrokyLoveKFC,kDJoBl55,TRUE,bullet,White,white,1,2913,8,2921,3021,2025-10-12T09:00:47Z
BrokyLoveKFC,LGvqiGyR,TRUE,bullet,Black,black,1,2905,8,2913,3028,2025-10-12T08:58:15Z
BrokyLoveKFC,gMu5Z9fI,TRUE,bullet,White,black,0,2909,-4,2905,3025,2025-10-12T08:56:25Z
BrokyLoveKFC,EYSf1xa0,TRUE,bullet,Black,white,0,2914,-5,2909,3020,2025-10-12T08:54:11Z
BrokyLoveKFC,jj0kgor6,TRUE,bullet,White,white,1,2908,6,2914,2898,2025-10-12T08:52:45Z
BrokyLoveKFC,kJyafy5x,TRUE,bullet,Black,black,1,2901,7,2908,2935,2025-10-12T02:01:49Z
BrokyLoveKFC,Gj71Y5Uu,TRUE,bullet,Black,black,1,2896,5,2901,2806,2025-10-12T01:59:35Z
blueberry_pancakes,cIWbKbyw,TRUE,bullet,White,white,1,2609,7,2616,2647,2025-10-13T21:32:00Z
blueberry_pancakes,vskg27xn,TRUE,bullet,Black,white,0,2616,-7,2609,2559,2025-10-11T20:22:14Z
blueberry_pancakes,MAI9883G,TRUE,bullet,White,black,0,2622,-6,2616,2580,2025-10-11T18:35:20Z
blueberry_pancakes,rrMqGweL,TRUE,bullet,Black,white,0,2628,-6,2622,2626,2025-10-11T17:24:27Z
blueberry_pancakes,aJHYlDkd,TRUE,bullet,White,white,1,2624,4,2628,2506,2025-10-11T15:58:34Z
blueberry_pancakes,5olMFgvo,TRUE,bullet,Black,black,1,2619,5,2624,2578,2025-10-11T15:57:10Z
blueberry_pancakes,dJpfO2dx,TRUE,bullet,White,white,1,2613,6,2619,2583,2025-10-11T15:56:02Z
blueberry_pancakes,Y85mRnoQ,TRUE,bullet,Black,black,1,2608,5,2613,2588,2025-10-11T15:54:50Z
blueberry_pancakes,jG63WW68,TRUE,bullet,White,black,0,2614,-6,2608,2582,2025-10-11T15:53:33Z
blueberry_pancakes,eyAMpqtz,TRUE,bullet,Black,white,0,2621,-7,2614,2575,2025-10-11T15:52:39Z
blueberry_pancakes,1FXRhEwZ,TRUE,bullet,White,black,0,2627,-6,2621,2569,2025-10-11T15:51:25Z
blueberry_pancakes,Q96SFX6G,TRUE,bullet,Black,NA,0.5,2628,-1,2627,2568,2025-10-11T15:50:10Z
blueberry_pancakes,Jy5RFW2V,TRUE,bullet,White,white,1,2623,5,2628,2573,2025-10-11T15:49:02Z
blueberry_pancakes,fKfmcN7i,TRUE,bullet,Black,black,1,2618,5,2623,2578,2025-10-11T15:47:49Z
blueberry_pancakes,o5IgrhP5,TRUE,bullet,White,black,0,2625,-7,2618,2571,2025-10-11T15:47:00Z
Xing-play,n8iJ7lC6,TRUE,bullet,Black,white,0,2222,-6,2216,2205,2025-10-16T04:33:43Z
Xing-play,uASE6ZIS,TRUE,bullet,White,black,0,2229,-7,2222,2149,2025-10-16T04:12:57Z
Xing-play,lkkQ3xny,TRUE,bullet,Black,white,0,2233,-4,2229,2317,2025-10-16T03:55:37Z
Xing-play,R8rUSDwt,TRUE,bullet,White,white,1,2227,6,2233,2254,2025-10-15T19:57:55Z
Xing-play,BwRJ8bGz,TRUE,bullet,White,white,1,2220,7,2227,2307,2025-10-15T19:49:43Z
Xing-play,v6wLZ8vW,TRUE,bullet,White,black,0,2226,-6,2220,2183,2025-10-15T19:18:20Z
Xing-play,dfl22343,TRUE,bullet,Black,white,0,2232,-6,2226,2218,2025-10-15T18:58:28Z
Xing-play,bpQ9rQCM,TRUE,bullet,Black,white,0,2237,-5,2232,2271,2025-10-15T18:23:46Z
Xing-play,VRIMAVe6,TRUE,bullet,White,white,1,2233,4,2237,2142,2025-10-15T14:39:57Z
Xing-play,b0fsvNUg,TRUE,bullet,Black,white,0,2239,-6,2233,2211,2025-10-15T03:23:25Z
Xing-play,nuGHBDJX,TRUE,bullet,White,black,0,2244,-5,2239,2271,2025-10-15T01:15:43Z
Xing-play,8xrgVvyu,TRUE,bullet,Black,white,0,2251,-7,2244,2184,2025-10-15T01:08:42Z
Xing-play,OWn3wDVi,TRUE,bullet,White,white,1,2245,6,2251,2271,2025-10-15T01:03:08Z
Xing-play,pMl8WtMD,TRUE,bullet,Black,white,0,2249,-4,2245,2312,2025-10-14T22:14:35Z
Xing-play,jKWlxZeq,TRUE,bullet,White,black,0,2255,-6,2249,2248,2025-10-14T17:48:32Z
Invisible_shadow14,UuwzoIY7,TRUE,rapid,White,white,1,2390,100,2490,2345,2025-10-14T14:31:15Z
Invisible_shadow14,YO2hov5N,TRUE,bullet,White,white,1,2759,46,2805,2714,2024-11-22T08:03:31Z
Invisible_shadow14,2k6bPGm0,TRUE,bullet,Black,black,1,2700,59,2759,2690,2024-11-21T20:09:31Z
Invisible_shadow14,N9EMFqQD,TRUE,rapid,Black,black,1,2321,69,2390,2188,2024-09-13T08:59:21Z
Invisible_shadow14,B3uYWNGb,TRUE,blitz,White,white,1,2698,3,2701,2478,2023-10-29T07:43:51Z
Invisible_shadow14,MeTXpxuD,TRUE,blitz,White,white,1,2693,5,2698,2665,2023-10-29T07:40:06Z
Invisible_shadow14,2il0r68D,TRUE,blitz,White,NA,0.5,2694,-1,2693,2590,2023-10-28T21:22:28Z
Invisible_shadow14,hlkdxTW7,TRUE,blitz,Black,NA,0.5,2693,1,2694,2773,2023-10-28T21:17:08Z
Invisible_shadow14,TAPdlwRF,TRUE,blitz,White,white,1,2689,4,2693,2607,2023-10-28T20:44:20Z
Invisible_shadow14,8nvVCJhy,TRUE,blitz,Black,black,1,2684,5,2689,2615,2023-10-28T20:38:01Z
Invisible_shadow14,w0KwV8D9,TRUE,blitz,White,black,0,2692,-8,2684,2528,2023-10-28T20:32:30Z
Invisible_shadow14,vcxnBtHu,TRUE,blitz,White,NA,0.5,2695,-3,2692,2536,2023-10-28T20:28:37Z
Invisible_shadow14,6y3gr8rx,TRUE,blitz,Black,black,1,2689,6,2695,2696,2023-10-28T20:09:01Z
Invisible_shadow14,IR5836YN,TRUE,blitz,Black,white,0,2694,-5,2689,2722,2023-10-28T20:02:26Z
Invisible_shadow14,2w7dPTOX,TRUE,blitz,White,white,1,2689,5,2694,2672,2023-10-28T19:57:52Z
DrTigerTAD,H5s4hiSL,TRUE,bullet,Black,black,1,2906,9,2915,3112,2025-10-15T22:08:56Z
DrTigerTAD,xuXRUpfa,TRUE,bullet,White,black,0,2909,-3,2906,3109,2025-10-15T22:07:41Z
DrTigerTAD,bVSvIL7M,TRUE,bullet,Black,white,0,2912,-3,2909,3106,2025-10-15T22:05:49Z
DrTigerTAD,5Uh4csvD,TRUE,bullet,White,white,1,2904,8,2912,2990,2025-10-15T22:03:30Z
DrTigerTAD,Lj3I3p3V,TRUE,bullet,Black,white,0,2907,-3,2904,3147,2025-10-15T22:02:31Z
DrTigerTAD,RscFGDtg,TRUE,bullet,White,black,0,2909,-2,2907,3144,2025-10-15T22:00:20Z
DrTigerTAD,9JxZQP5c,TRUE,bullet,Black,white,0,2912,-3,2909,3142,2025-10-15T21:58:10Z
DrTigerTAD,7xHtcsKz,TRUE,bullet,White,white,1,2902,10,2912,3151,2025-10-15T21:57:52Z
DrTigerTAD,f7ym0qOK,TRUE,bullet,Black,white,0,2905,-3,2902,3149,2025-10-15T21:56:32Z
DrTigerTAD,ObPsjByi,TRUE,bullet,White,black,0,2907,-2,2905,3147,2025-10-15T21:54:35Z
DrTigerTAD,OKm6beY0,TRUE,bullet,Black,white,0,2909,-2,2907,3144,2025-10-15T21:52:51Z
DrTigerTAD,SQD5mCR6,TRUE,bullet,White,black,0,2912,-3,2909,3142,2025-10-15T21:51:08Z
DrTigerTAD,AQlJaiYc,TRUE,bullet,Black,white,0,2914,-2,2912,3139,2025-10-15T21:49:02Z
DrTigerTAD,MDMJzHmG,TRUE,bullet,White,black,0,2917,-3,2914,3137,2025-10-15T21:47:15Z
DrTigerTAD,mc0wCTZI,TRUE,bullet,Black,black,1,2910,7,2917,2956,2025-10-15T21:44:07Z
Nastik-krash,cgzD4ZYb,TRUE,bullet,White,white,1,2271,3,2274,2081,2025-10-12T16:00:34Z
Nastik-krash,H4rUu9CQ,TRUE,bullet,Black,white,0,2276,-5,2271,2306,2025-10-12T15:51:49Z
Nastik-krash,eQO1C0Tu,TRUE,bullet,White,white,1,2272,4,2276,2125,2025-10-12T15:50:47Z
Nastik-krash,3t2F0IVZ,TRUE,bullet,Black,black,1,2269,3,2272,2129,2025-10-12T15:49:48Z
Nastik-krash,ir9AKqLb,TRUE,bullet,White,black,0,2276,-7,2269,2181,2025-10-12T15:48:35Z
Nastik-krash,fc44FMyG,TRUE,bullet,White,white,1,2272,4,2276,2128,2025-10-12T15:47:35Z
Nastik-krash,fBbifsEv,TRUE,bullet,Black,black,1,2269,3,2272,2132,2025-10-12T15:46:31Z
Nastik-krash,fhJLXB7V,TRUE,bullet,Black,white,0,2276,-7,2269,2208,2025-10-12T15:45:53Z
Nastik-krash,b8jipGLK,TRUE,bullet,Black,black,1,2270,6,2276,2247,2025-10-12T15:42:54Z
Nastik-krash,1VMMxoPL,TRUE,bullet,White,white,1,2265,5,2270,2247,2025-10-12T15:41:37Z
Nastik-krash,9TghuN9e,TRUE,bullet,Black,white,0,2272,-7,2265,2133,2025-10-11T19:48:10Z
Nastik-krash,cZquXExz,TRUE,bullet,White,NA,0.5,2275,-3,2272,2118,2025-10-11T19:46:07Z
Nastik-krash,7nDIQ1BQ,TRUE,bullet,Black,black,1,2271,4,2275,2121,2025-10-11T19:45:10Z
Nastik-krash,H8Kk8S6Y,TRUE,bullet,White,black,0,2280,-9,2271,2113,2025-10-11T19:44:21Z
Nastik-krash,5qJKCwHv,TRUE,bullet,Black,white,0,2286,-6,2280,2229,2025-10-11T19:43:33Z
tacticthunder,fuUQ26ik,TRUE,bullet,Black,white,0,3061,-4,3057,3255,2025-10-13T22:36:22Z
tacticthunder,w8XqBO1m,TRUE,bullet,White,black,0,3065,-4,3061,3252,2025-10-13T22:35:54Z
tacticthunder,xSZhIeHg,TRUE,bullet,Black,black,1,3052,13,3065,3261,2025-10-13T22:35:05Z
tacticthunder,AH36o9Fl,TRUE,bullet,White,black,0,3056,-4,3052,3258,2025-10-13T22:34:17Z
tacticthunder,l5olpkwX,TRUE,bullet,Black,white,0,3060,-4,3056,3255,2025-10-13T22:33:08Z
tacticthunder,v8G8JKoo,TRUE,bullet,White,black,0,3065,-5,3060,3252,2025-10-13T22:32:17Z
tacticthunder,d7kGgFr4,TRUE,bullet,Black,white,0,3070,-5,3065,3249,2025-10-13T22:31:03Z
tacticthunder,PBRF4rXS,TRUE,blitz,White,NA,0.5,2732,1,2733,2785,2025-10-11T20:58:24Z
tacticthunder,VhRYeSts,TRUE,blitz,Black,NA,0.5,2730,2,2732,2842,2025-10-11T20:57:55Z
tacticthunder,LvFax2Oh,TRUE,blitz,White,black,0,2733,-3,2730,2982,2025-10-11T20:56:00Z
tacticthunder,KAQnW84Y,TRUE,blitz,Black,black,1,2729,4,2733,2628,2025-10-11T20:51:07Z
tacticthunder,NNMxdi5K,TRUE,blitz,White,black,0,2734,-5,2729,2769,2025-10-11T20:47:38Z
tacticthunder,pQzNZfGm,TRUE,blitz,White,white,1,2730,4,2734,2603,2025-10-11T20:42:02Z
tacticthunder,wGHFXdpT,TRUE,blitz,Black,black,1,2723,7,2730,2792,2025-10-11T20:39:39Z
tacticthunder,hc6ug1L2,TRUE,blitz,White,white,1,2719,4,2723,2598,2025-10-11T20:36:21Z
TM_13,Y7vve6OH,TRUE,blitz,Black,white,0,2099,-7,2092,2130,2025-10-15T11:22:19Z
TM_13,6JBl1w8H,TRUE,blitz,White,white,1,2090,9,2099,2138,2025-10-15T11:19:04Z
TM_13,xoRadpIQ,TRUE,blitz,White,black,0,2098,-8,2090,2101,2025-10-15T11:13:26Z
TM_13,deeg9wNG,TRUE,blitz,White,black,0,2105,-7,2098,2155,2025-10-15T11:08:50Z
TM_13,hW1xY9r9,TRUE,blitz,Black,black,1,2097,8,2105,2059,2025-10-15T11:00:19Z
TM_13,4PXW1avV,TRUE,blitz,White,white,1,2090,7,2097,2061,2025-10-11T17:17:12Z
TM_13,xTzGPVGN,TRUE,blitz,Black,black,1,2082,8,2090,2079,2025-10-11T14:14:55Z
TM_13,velI4obr,TRUE,blitz,White,black,0,2091,-9,2082,2056,2025-10-11T13:54:35Z
TM_13,n5deiyy0,TRUE,blitz,Black,white,0,2100,-9,2091,2101,2025-10-11T13:21:49Z
TM_13,hxUQwWXp,TRUE,blitz,Black,white,0,2109,-9,2100,2090,2025-10-10T20:49:33Z
TM_13,EBLBxWRR,TRUE,bullet,White,black,0,2371,-10,2361,2358,2025-09-30T19:36:18Z
TM_13,o2jAyEuG,TRUE,bullet,White,black,0,2383,-12,2371,2261,2025-09-30T19:35:08Z
TM_13,ohWdXoT9,TRUE,bullet,White,white,1,2374,9,2383,2355,2025-09-30T19:33:27Z
TM_13,h6cbvxPB,TRUE,bullet,Black,black,1,2371,3,2374,2064,2025-09-30T19:32:11Z
TM_13,L9DhfEhN,TRUE,bullet,Black,black,1,2362,9,2371,2315,2025-09-30T19:30:41Z
shidfar2007,KvfLbdXv,TRUE,rapid,White,white,1,2681,5,2686,2454,2025-10-15T18:44:16Z
shidfar2007,XVjGkfAZ,TRUE,rapid,Black,black,1,2677,4,2681,2381,2025-10-15T17:25:00Z
shidfar2007,oKi4cemm,TRUE,rapid,Black,black,1,2670,7,2677,2516,2025-10-15T16:02:14Z
shidfar2007,25wiLasn,TRUE,rapid,White,white,1,2660,10,2670,2600,2025-10-15T15:44:43Z
shidfar2007,ClCrrSJ2,TRUE,rapid,Black,black,1,2654,6,2660,2443,2025-10-15T14:17:27Z
shidfar2007,nNX7LU7D,TRUE,rapid,Black,black,1,2645,9,2654,2555,2025-10-11T12:29:57Z
shidfar2007,leMNd1Jq,TRUE,rapid,White,white,1,2634,11,2645,2560,2025-10-11T12:03:47Z
shidfar2007,Ydk18rAL,TRUE,rapid,White,NA,0.5,2636,-2,2634,2584,2025-10-11T11:51:13Z
shidfar2007,3qzOVvI1,TRUE,rapid,Black,black,1,2628,8,2636,2487,2025-10-11T11:28:10Z
shidfar2007,CnGplvgn,TRUE,rapid,White,white,1,2619,9,2628,2479,2025-10-09T18:54:37Z
shidfar2007,I17VYVuU,TRUE,rapid,Black,black,1,2611,8,2619,2413,2025-10-09T18:24:28Z
shidfar2007,wlCzsKVg,TRUE,rapid,White,white,1,2606,5,2611,2356,2025-10-09T18:11:19Z
shidfar2007,zBCI4Uaf,TRUE,rapid,White,white,1,2595,11,2606,2466,2025-10-09T17:54:11Z
shidfar2007,kv9CrNkD,TRUE,blitz,Black,white,0,2650,-8,2642,2526,2025-10-08T15:22:14Z
shidfar2007,57HUXDcA,TRUE,blitz,Black,white,0,2657,-7,2650,2584,2025-10-08T15:07:04Z
IGMGataKamsky,X8CnUXIp,TRUE,blitz,Black,black,1,2752,0,2752,2024,2025-10-02T19:37:15Z
IGMGataKamsky,ONfTIvXe,TRUE,blitz,Black,black,1,2752,0,2752,1999,2025-10-02T19:31:49Z
IGMGataKamsky,rNYpDFwn,TRUE,blitz,White,black,0,2761,-9,2752,2573,2025-10-02T19:28:05Z
IGMGataKamsky,Ts8HVfTv,TRUE,blitz,Black,black,1,2760,1,2761,2364,2025-10-02T19:21:38Z
IGMGataKamsky,cWfeYame,TRUE,blitz,White,black,0,2769,-9,2760,2569,2025-10-02T19:21:00Z
IGMGataKamsky,FIyZLw1e,TRUE,blitz,White,white,1,2769,0,2769,1994,2025-10-02T19:17:00Z
IGMGataKamsky,yNvrx0Tk,TRUE,blitz,Black,black,1,2768,1,2769,2259,2025-10-02T19:08:27Z
IGMGataKamsky,P5wx7H8l,TRUE,blitz,White,white,1,2767,1,2768,2407,2025-10-02T19:03:26Z
IGMGataKamsky,zdrwoYny,TRUE,blitz,Black,white,0,2776,-9,2767,2564,2025-10-02T19:02:42Z
IGMGataKamsky,JraaLDOh,TRUE,blitz,White,white,1,2776,0,2776,2190,2025-10-02T18:57:23Z
IGMGataKamsky,9Z9ho0Rm,TRUE,blitz,White,white,1,2775,1,2776,2343,2025-10-02T18:47:04Z
IGMGataKamsky,jAKLtDBz,TRUE,blitz,Black,black,1,2775,0,2775,2100,2025-10-02T18:40:22Z
IGMGataKamsky,wBxk3iKu,TRUE,blitz,Black,NA,0.5,2778,-3,2775,2564,2025-10-02T18:34:55Z
IGMGataKamsky,TcL7SvA7,TRUE,blitz,White,white,1,2778,0,2778,2162,2025-10-02T18:31:40Z
IGMGataKamsky,u4UPKLN8,TRUE,blitz,Black,white,0,2788,-10,2778,2554,2025-10-02T18:24:27Z
Andrey_Timer,8gWX2znl,TRUE,bullet,Black,black,1,1741,79,1820,1717,2022-08-05T16:27:58Z
Andrey_Timer,yJRN3eIK,TRUE,bullet,White,black,0,1814,-73,1741,1935,2022-08-05T16:24:00Z
Andrey_Timer,4ZoYsQO1,TRUE,bullet,White,white,1,1655,159,1814,1672,2022-08-05T16:21:30Z
Andrey_Timer,DVFiNyVe,TRUE,bullet,Black,black,1,1641,14,1655,1003,2022-08-05T16:17:06Z
Andrey_Timer,qHxtr0mY,TRUE,bullet,Black,black,1,1611,30,1641,1103,2022-08-05T16:15:25Z
Andrey_Timer,spYbyPvD,TRUE,bullet,White,white,1,1500,111,1611,1212,2022-08-05T16:14:20Z
Andrey_Timer,YUN2kLJV,TRUE,blitz,Black,black,1,1884,25,1909,1822,2021-01-09T21:49:48Z
Andrey_Timer,ob6Fksyg,TRUE,blitz,White,white,1,1882,2,1884,1599,2019-12-30T21:52:33Z
Andrey_Timer,mKRMZh3s,TRUE,blitz,White,white,1,1876,6,1882,1784,2019-12-30T21:46:11Z
Andrey_Timer,IU6nme6n,TRUE,blitz,White,NA,0.5,1879,-3,1876,1705,2019-12-20T20:34:24Z
Andrey_Timer,rVrXmci4,TRUE,blitz,Black,black,1,1877,2,1879,1571,2019-12-20T20:30:06Z
Andrey_Timer,eImI4As2,TRUE,blitz,White,white,1,1870,7,1877,1869,2019-12-20T16:46:14Z
Andrey_Timer,TQQXOKu9,TRUE,blitz,Black,black,1,1863,7,1870,1814,2019-12-20T16:40:25Z
Andrey_Timer,rOkDGb2h,TRUE,blitz,White,white,1,1853,10,1863,1984,2019-12-20T14:38:23Z
Andrey_Timer,nsCyuxIS,TRUE,blitz,Black,black,1,1844,9,1853,1931,2019-12-20T14:34:07Z
love_you_one,5BzFOlDC,TRUE,rapid,White,black,0,2620,-6,2614,2645,2025-10-11T14:18:51Z
love_you_one,9vmG78ax,TRUE,rapid,Black,black,1,2617,3,2620,2450,2025-10-11T14:10:40Z
love_you_one,pfgTSYI9,TRUE,rapid,White,white,1,2613,4,2617,2406,2025-10-11T10:02:56Z
love_you_one,PR2iwInx,TRUE,rapid,Black,black,1,2609,4,2613,2470,2025-10-11T09:53:23Z
love_you_one,W16MCc7g,TRUE,blitz,Black,white,0,2438,-8,2430,2387,2025-10-10T16:15:26Z
love_you_one,eB8V2VYg,TRUE,blitz,White,white,1,2429,9,2438,2506,2025-10-10T16:08:26Z
love_you_one,wo55Xcm8,TRUE,blitz,Black,black,1,2423,6,2429,2375,2025-10-08T20:19:17Z
love_you_one,dPQdEO6R,TRUE,blitz,White,white,1,2416,7,2423,2359,2025-10-08T20:12:26Z
love_you_one,HIYbwldg,TRUE,blitz,White,black,0,2425,-9,2416,2375,2025-10-08T20:08:29Z
love_you_one,lohDuO6L,TRUE,blitz,Black,white,0,2433,-8,2425,2421,2025-10-08T20:02:51Z
love_you_one,A6vQMKV0,TRUE,blitz,White,white,1,2426,7,2433,2372,2025-10-08T19:57:03Z
love_you_one,1ZIf3DEg,TRUE,blitz,Black,NA,0.5,2429,-3,2426,2284,2025-10-08T19:51:35Z
love_you_one,A6LzB7z2,TRUE,rapid,White,white,1,2605,4,2609,2501,2025-10-08T15:39:32Z
love_you_one,bFAXNXAE,TRUE,blitz,Black,NA,0.5,2431,-2,2429,2351,2025-09-28T16:20:35Z
love_you_one,gnD235w4,TRUE,blitz,Black,black,1,2425,6,2431,2355,2025-09-28T16:15:08Z
daanielsladebackup,ltLMrWY5,TRUE,blitz,Black,black,1,2397,7,2404,2446,2025-10-14T21:22:13Z
daanielsladebackup,lQsNTvlX,TRUE,blitz,White,white,1,2393,4,2397,2295,2025-10-14T21:17:16Z
daanielsladebackup,npGtc2Mg,TRUE,blitz,Black,black,1,2388,5,2393,2347,2025-10-14T21:11:05Z
daanielsladebackup,M60Op6PY,TRUE,blitz,Black,black,1,2384,4,2388,2300,2025-10-14T21:06:18Z
daanielsladebackup,EjjaK17C,TRUE,blitz,White,black,0,2389,-5,2384,2392,2025-10-14T21:00:06Z
daanielsladebackup,qysEqBR4,TRUE,blitz,Black,white,0,2396,-7,2389,2330,2025-10-14T20:55:56Z
daanielsladebackup,MaR597bv,TRUE,blitz,White,NA,0.5,2397,-1,2396,2355,2025-10-14T20:49:36Z
daanielsladebackup,0GGRHDrT,TRUE,blitz,Black,black,1,2392,5,2397,2307,2025-10-14T20:47:19Z
daanielsladebackup,PftVZUfS,TRUE,blitz,White,white,1,2387,5,2392,2334,2025-10-14T20:44:21Z
daanielsladebackup,bTzFEZ7M,TRUE,blitz,White,NA,0.5,2389,-2,2387,2296,2025-10-14T20:38:03Z
daanielsladebackup,yo8zQQWN,TRUE,blitz,Black,black,1,2385,4,2389,2242,2025-10-14T20:31:34Z
daanielsladebackup,uY7a1gPs,TRUE,blitz,Black,white,0,2389,-4,2385,2511,2025-10-14T18:21:02Z
daanielsladebackup,OwFJNn1V,TRUE,blitz,White,white,1,2381,8,2389,2502,2025-10-14T18:14:41Z
daanielsladebackup,WFAjJwK1,TRUE,blitz,White,black,0,2387,-6,2381,2379,2025-10-13T20:25:36Z
daanielsladebackup,j1LlLNvR,TRUE,blitz,White,black,0,2393,-6,2387,2372,2025-10-13T20:19:55Z
BenjiTheAce,o9IBU4mZ,TRUE,bullet,Black,black,1,2898,3,2901,2708,2025-10-03T10:59:50Z
BenjiTheAce,7y8CCM5s,TRUE,bullet,Black,black,1,2894,4,2898,2766,2025-10-03T10:57:53Z
BenjiTheAce,CIozEdTd,TRUE,bullet,White,black,0,2898,-4,2894,3021,2025-10-03T10:52:34Z
BenjiTheAce,STVZPKp7,TRUE,bullet,Black,NA,0.5,2899,-1,2898,2807,2025-10-03T10:50:17Z
BenjiTheAce,iH18edM3,TRUE,bullet,White,black,0,2904,-5,2899,2974,2025-10-03T10:47:58Z
BenjiTheAce,xWW1naKs,TRUE,bullet,Black,white,0,2910,-6,2904,2882,2025-10-03T10:45:58Z
BenjiTheAce,2Qxt4Pmr,TRUE,bullet,White,white,1,2906,4,2910,2776,2025-10-03T10:44:15Z
BenjiTheAce,VApdR4oY,TRUE,bullet,White,white,1,2903,3,2906,2722,2025-10-03T10:40:59Z
BenjiTheAce,dLKY8ESk,TRUE,bullet,Black,black,1,2896,7,2903,2941,2025-10-01T11:40:18Z
BenjiTheAce,mnufvvJL,TRUE,bullet,Black,black,1,2892,4,2896,2797,2025-10-01T11:34:11Z
BenjiTheAce,YeTF4dq1,TRUE,bullet,White,black,0,2897,-5,2892,2975,2025-10-01T11:31:38Z
BenjiTheAce,yffUxu0f,TRUE,bullet,White,white,1,2892,5,2897,2790,2025-10-01T11:22:15Z
BenjiTheAce,6BftjE02,TRUE,bullet,Black,black,1,2888,4,2892,2794,2025-10-01T11:20:45Z
BenjiTheAce,m38eCPG3,TRUE,bullet,White,white,1,2881,7,2888,2898,2025-10-01T11:18:56Z
BenjiTheAce,n6oPs2MW,TRUE,bullet,Black,black,1,2877,4,2881,2728,2025-10-01T11:16:17Z
fnjal,cnhkpc5K,TRUE,bullet,White,white,1,2208,5,2213,2138,2025-10-15T19:08:59Z
fnjal,qY9XLVhW,TRUE,bullet,Black,black,1,2203,5,2208,2179,2025-10-15T18:32:57Z
fnjal,s6WeweFm,TRUE,bullet,Black,black,1,2197,6,2203,2203,2025-10-15T18:04:17Z
fnjal,7PBdkXzD,TRUE,bullet,White,white,1,2192,5,2197,2104,2025-10-15T18:02:20Z
fnjal,6oNmZQV7,TRUE,bullet,White,white,1,2187,5,2192,2164,2025-10-15T17:48:35Z
fnjal,ClTZs0It,TRUE,bullet,White,NA,0.5,2188,-1,2187,2137,2025-10-14T14:58:52Z
fnjal,D9G7rDDi,TRUE,blitz,White,white,1,2086,26,2112,2179,2025-10-14T12:21:55Z
fnjal,WeWJZ5u1,TRUE,bullet,Black,black,1,2182,6,2188,2167,2025-10-13T19:15:40Z
fnjal,Aahh7mX6,TRUE,bullet,White,black,0,2188,-6,2182,2189,2025-10-13T18:59:29Z
fnjal,9RcUN9wX,TRUE,bullet,White,white,1,2183,5,2188,2150,2025-10-13T18:51:11Z
fnjal,QSMoNEmB,TRUE,bullet,Black,black,1,2177,6,2183,2157,2025-10-13T18:41:44Z
fnjal,wEGit9JP,TRUE,bullet,Black,black,1,2172,5,2177,2154,2025-10-13T18:39:21Z
fnjal,mT0dJJgO,TRUE,bullet,White,white,1,2166,6,2172,2159,2025-10-13T18:36:59Z
fnjal,uLbB7zyW,TRUE,bullet,White,black,0,2172,-6,2166,2165,2025-10-13T17:44:50Z
fnjal,DOJO6ERF,TRUE,bullet,Black,black,1,2166,6,2172,2156,2025-10-13T17:43:13Z
puziko52,nD6Np1GK,TRUE,blitz,White,white,1,2826,6,2832,2745,2025-10-14T12:54:38Z
puziko52,hT2t5gLJ,TRUE,blitz,Black,white,0,2836,-10,2826,2731,2025-10-12T18:24:14Z
puziko52,QOozHLaf,TRUE,blitz,White,NA,0.5,2839,-3,2836,2730,2025-10-12T18:18:31Z
puziko52,CtcMZruk,TRUE,blitz,Black,black,1,2829,10,2839,2871,2025-10-12T18:11:18Z
puziko52,F8fasojb,TRUE,blitz,White,black,0,2839,-10,2829,2783,2025-10-12T18:06:54Z
puziko52,JGTkRjRV,TRUE,blitz,Black,black,1,2834,5,2839,2691,2025-10-12T17:59:59Z
puziko52,xACu7NoX,TRUE,blitz,Black,black,1,2824,10,2834,2906,2025-10-02T19:00:32Z
puziko52,jF7KGszT,TRUE,bullet,White,white,1,2836,7,2843,2581,2025-09-27T21:47:01Z
puziko52,MJba3SHd,TRUE,bullet,Black,white,0,2869,-33,2836,2551,2025-09-27T21:42:51Z
puziko52,CstZCSId,TRUE,bullet,White,white,1,2863,6,2869,2556,2025-09-27T21:39:39Z
puziko52,tGgEJCVA,TRUE,bullet,Black,black,1,2856,7,2863,2562,2025-09-27T21:35:44Z
puziko52,wq3SDrYI,TRUE,bullet,White,white,1,2849,7,2856,2569,2025-09-27T21:35:05Z
puziko52,ujUfkCZw,TRUE,bullet,Black,black,1,2840,9,2849,2576,2025-09-27T21:33:48Z
puziko52,otkRLI3i,TRUE,bullet,White,white,1,2831,9,2840,2584,2025-09-27T21:28:18Z
puziko52,P50jVMoW,TRUE,bullet,Black,white,0,2872,-41,2831,2548,2025-09-27T21:22:59Z
seth_777,XP46ju02,TRUE,bullet,Black,NA,0.5,2273,1,2274,2319,2025-10-15T21:53:31Z
seth_777,XnjdqOSb,TRUE,bullet,White,NA,0.5,2272,1,2273,2349,2025-10-15T21:50:57Z
seth_777,edzfx851,TRUE,blitz,Black,white,0,2084,-6,2078,2070,2025-10-15T21:09:40Z
seth_777,81cl4OMt,TRUE,blitz,White,black,0,2090,-6,2084,2097,2025-10-14T18:03:22Z
seth_777,k1fPpZHe,TRUE,blitz,White,white,1,2085,5,2090,2040,2025-10-14T17:27:49Z
seth_777,4V5UEq46,TRUE,rapid,Black,black,1,2094,6,2100,2008,2025-10-14T03:26:37Z
seth_777,JliYdy09,TRUE,rapid,White,white,1,2084,10,2094,2111,2025-10-13T22:28:55Z
seth_777,CADI7tom,TRUE,rapid,Black,black,1,2077,7,2084,2009,2025-10-13T15:50:42Z
seth_777,pJumRR14,TRUE,rapid,Black,black,1,2067,10,2077,2094,2025-10-13T15:34:21Z
seth_777,BcBVcq8A,TRUE,blitz,White,black,0,2090,-5,2085,2135,2025-10-13T01:11:18Z
seth_777,MYF8Qhvo,TRUE,blitz,White,white,1,2083,7,2090,2123,2025-10-12T21:44:56Z
seth_777,ibHgovgz,TRUE,blitz,White,black,0,2089,-6,2083,2116,2025-10-12T21:42:50Z
seth_777,91pfUDy2,TRUE,blitz,Black,NA,0.5,2089,0,2089,2070,2025-10-12T21:37:45Z
seth_777,QLbCVAqZ,TRUE,blitz,Black,white,0,2095,-6,2089,2099,2025-10-11T16:38:54Z
seth_777,Ya8NEuts,TRUE,bullet,Black,white,0,2278,-6,2272,2232,2025-10-09T02:36:27Z
Vladimirovich9000,nyFalcYN,TRUE,blitz,Black,white,0,2782,-8,2774,2643,2025-10-11T20:56:57Z
Vladimirovich9000,1N4pnRII,TRUE,blitz,White,white,1,2777,5,2782,2723,2025-10-11T20:51:35Z
Vladimirovich9000,5as8g9O0,TRUE,blitz,White,black,0,2783,-6,2777,2772,2025-10-11T20:48:42Z
Vladimirovich9000,CCZIFjgo,TRUE,blitz,Black,NA,0.5,2784,-1,2783,2732,2025-10-11T20:44:49Z
Vladimirovich9000,c0pfQveR,TRUE,blitz,White,white,1,2779,5,2784,2704,2025-10-11T20:42:02Z
Vladimirovich9000,ZhG5GoVw,TRUE,blitz,Black,white,0,2788,-9,2779,2595,2025-10-11T20:39:39Z
Vladimirovich9000,AMWf0EFN,TRUE,blitz,Black,white,0,2796,-8,2788,2649,2025-10-11T20:36:21Z
Vladimirovich9000,yOCMxJIg,TRUE,blitz,White,black,0,2803,-7,2796,2712,2025-10-11T20:30:59Z
Vladimirovich9000,QpyKjY3j,TRUE,blitz,Black,black,1,2801,2,2803,2559,2025-10-11T20:29:57Z
Vladimirovich9000,jY9ZWTNN,TRUE,blitz,White,black,0,2807,-6,2801,2769,2025-10-11T20:28:55Z
Vladimirovich9000,RtWvCDFM,TRUE,blitz,Black,black,1,2803,4,2807,2700,2025-10-11T20:24:14Z
Vladimirovich9000,3CWMKGj0,TRUE,blitz,White,white,1,2798,5,2803,2758,2025-10-11T20:22:16Z
Vladimirovich9000,MY8YBqhr,TRUE,blitz,Black,black,1,2796,2,2798,2555,2025-10-11T20:19:22Z
Vladimirovich9000,Wg8cxCKz,TRUE,blitz,White,white,1,2791,5,2796,2717,2025-10-11T20:18:24Z
Vladimirovich9000,6vHGn5wi,TRUE,blitz,White,black,0,2801,-10,2791,2473,2025-10-11T20:16:06Z
Papus1234,xkC2GC92,TRUE,bullet,White,white,1,3063,3,3066,2828,2025-10-12T13:34:18Z
Papus1234,KesytC8F,TRUE,bullet,Black,black,1,3061,2,3063,2723,2025-10-06T18:39:32Z
Papus1234,h8rPtC7u,TRUE,blitz,Black,white,0,2770,-15,2755,2328,2025-10-02T17:57:04Z
Papus1234,DZf0iFxp,TRUE,blitz,White,white,1,2768,2,2770,2307,2025-10-02T17:56:31Z
Papus1234,ch24q8Oz,TRUE,blitz,Black,black,1,2767,1,2768,2324,2025-10-02T17:54:51Z
Papus1234,wQIIKli4,TRUE,blitz,White,black,0,2782,-15,2767,2329,2025-10-02T17:51:08Z
Papus1234,eTvlPMxM,TRUE,blitz,Black,black,1,2782,0,2782,2146,2025-10-02T17:48:31Z
Papus1234,CDHizGeJ,TRUE,blitz,White,white,1,2782,0,2782,2104,2025-10-02T17:46:08Z
Papus1234,Qb6zs7rs,TRUE,blitz,Black,black,1,2779,3,2782,2499,2025-10-02T17:43:58Z
Papus1234,kplpCDMg,TRUE,blitz,Black,black,1,2778,1,2779,2315,2025-10-02T17:40:20Z
Papus1234,XQEP9jvL,TRUE,blitz,White,white,1,2776,2,2778,2337,2025-10-02T17:37:16Z
Papus1234,hH1abGI8,TRUE,blitz,Black,white,0,2792,-16,2776,2276,2025-10-02T17:33:46Z
Papus1234,PuCvyrbD,TRUE,blitz,White,white,1,2791,1,2792,2301,2025-10-02T17:30:36Z
Papus1234,FGckHNvR,TRUE,blitz,Black,black,1,2790,1,2791,2316,2025-10-02T17:27:41Z
Papus1234,Z6176vMg,TRUE,blitz,White,white,1,2789,1,2790,2293,2025-10-02T17:24:15Z
Aquiiles,5jwWLWzR,TRUE,rapid,Black,black,1,2039,125,2164,2164,2025-08-10T23:12:47Z
Aquiiles,HDBb1Uqj,TRUE,rapid,Black,white,0,2165,-126,2039,2143,2025-08-10T23:05:31Z
Aquiiles,2U2VP7Vt,TRUE,rapid,Black,white,0,2477,-312,2165,2136,2025-08-10T23:04:22Z
Aquiiles,dtaEbawn,TRUE,blitz,White,white,1,2833,7,2840,2448,2025-08-10T03:35:04Z
Aquiiles,lEoznyIC,TRUE,bullet,Black,white,0,3002,-12,2990,2974,2025-08-08T21:05:17Z
Aquiiles,d7NE2GBN,TRUE,bullet,White,white,1,2999,3,3002,2743,2025-06-16T15:08:08Z
Aquiiles,q2MlgeWn,TRUE,bullet,Black,black,1,2999,0,2999,2253,2025-06-16T15:04:04Z
Aquiiles,S2Z1kzWE,TRUE,bullet,White,white,1,2989,10,2999,3020,2025-06-12T17:48:56Z
Aquiiles,mCUUljum,TRUE,bullet,Black,black,1,2989,0,2989,2548,2025-04-29T16:57:03Z
Aquiiles,pgZ5OngL,TRUE,blitz,White,white,1,2805,28,2833,2781,2025-04-29T14:32:08Z
Aquiiles,KpeZd3AB,TRUE,blitz,Black,NA,0.5,2817,-12,2805,2689,2025-04-29T14:26:03Z
Aquiiles,dQhND8fs,TRUE,bullet,White,white,1,2984,5,2989,2915,2025-04-27T14:04:52Z
Aquiiles,FBiBzlPg,TRUE,bullet,Black,black,1,2980,4,2984,2838,2025-04-27T14:00:56Z
Aquiiles,CoFirAIb,TRUE,bullet,Black,black,1,2977,3,2980,2832,2025-04-27T13:54:51Z
Aquiiles,bQQ5IDHH,TRUE,bullet,White,white,1,2973,4,2977,2836,2025-04-27T13:54:15Z
RasheedHomie,EgU0u5L3,TRUE,blitz,White,white,1,1804,6,1810,1707,2025-10-13T20:28:45Z
RasheedHomie,b5pwnpIq,TRUE,blitz,Black,black,1,1795,9,1804,1837,2025-10-13T20:25:29Z
RasheedHomie,DnFrwVVm,TRUE,blitz,White,white,1,1795,0,1795,1112,2025-10-12T22:48:01Z
RasheedHomie,iidSH8at,TRUE,blitz,White,black,0,1802,-7,1795,1803,2025-10-04T04:13:16Z
RasheedHomie,LjV0krIy,TRUE,blitz,Black,white,0,1809,-7,1802,1764,2025-10-04T04:07:25Z
RasheedHomie,lgXf6o11,TRUE,blitz,White,white,1,1803,6,1809,1799,2025-10-04T02:52:24Z
RasheedHomie,FcGDQRcI,TRUE,blitz,Black,white,0,1809,-6,1803,1814,2025-10-03T14:44:10Z
RasheedHomie,rS6p0fxg,TRUE,blitz,White,black,0,1821,-12,1809,1602,2025-10-03T14:35:38Z
RasheedHomie,NryD9q42,TRUE,blitz,Black,white,0,1829,-8,1821,1743,2025-10-01T08:34:36Z
RasheedHomie,EtP1XybF,TRUE,blitz,White,white,1,1822,7,1829,1810,2025-10-01T04:51:04Z
RasheedHomie,ruqgH2oP,TRUE,blitz,Black,white,0,1830,-8,1822,1816,2025-10-01T04:40:29Z
RasheedHomie,vDctP8NQ,TRUE,blitz,Black,black,1,1822,8,1830,1822,2025-10-01T04:26:31Z
RasheedHomie,YQ7qF1gT,TRUE,blitz,White,black,0,1830,-8,1822,1842,2025-10-01T04:20:34Z
RasheedHomie,nziIK0pA,TRUE,blitz,White,white,1,1822,8,1830,1837,2025-10-01T04:13:21Z
RasheedHomie,2M8caYrb,TRUE,blitz,Black,black,1,1813,9,1822,1843,2025-10-01T04:04:27Z
Ken_Badger,gOekGLH1,TRUE,bullet,White,white,1,1100,10,1110,1086,2025-08-29T19:13:53Z
Ken_Badger,SovcZfJ2,TRUE,bullet,White,white,1,1086,14,1100,1145,2025-08-29T16:48:37Z
Ken_Badger,ypligPr7,TRUE,bullet,Black,black,1,1076,10,1086,1049,2025-08-29T16:46:29Z
Ken_Badger,33ISLkoD,TRUE,bullet,Black,black,1,1062,14,1076,1092,2025-08-29T16:44:20Z
Ken_Badger,esfO7ZhP,TRUE,bullet,White,white,1,1053,9,1062,957,2025-08-29T16:42:08Z
Ken_Badger,B1LHrGgB,TRUE,bullet,Black,black,1,1042,11,1053,993,2025-08-29T16:39:56Z
Ken_Badger,Ts9SRh8F,TRUE,bullet,White,white,1,1033,9,1042,901,2025-08-29T16:38:24Z
Ken_Badger,QkFNPgiV,TRUE,bullet,White,white,1,1021,12,1033,978,2025-08-29T16:36:04Z
Ken_Badger,SXwkzZsQ,TRUE,bullet,Black,white,0,1030,-9,1021,1147,2025-08-29T16:34:58Z
Ken_Badger,sY0x3nOA,TRUE,bullet,Black,black,1,1015,15,1030,1021,2025-08-29T16:32:52Z
Ken_Badger,DlZVfGhB,TRUE,bullet,White,black,0,1029,-14,1015,1067,2025-08-29T16:30:32Z
Ken_Badger,dJUaRYT4,TRUE,bullet,Black,white,0,1041,-12,1029,1134,2025-08-29T16:29:55Z
Ken_Badger,TrjblOxt,TRUE,bullet,Black,black,1,1023,18,1041,1024,2025-08-29T16:27:42Z
Ken_Badger,USawpmHG,TRUE,bullet,Black,black,1,1008,15,1023,965,2025-08-29T14:49:57Z
Ken_Badger,eHntFyxk,TRUE,bullet,Black,white,0,1026,-18,1008,1027,2025-08-29T14:04:35Z
Aar_77on,ypc59RRv,TRUE,blitz,White,black,0,2109,-17,2092,2102,2025-10-06T23:32:41Z
Aar_77on,bqBLoUjJ,TRUE,classical,White,white,1,2042,18,2060,1847,2025-09-15T15:14:07Z
Aar_77on,5vj4lncR,TRUE,classical,White,NA,0.5,2058,-16,2042,1869,2025-09-03T12:50:52Z
Aar_77on,qqXyq2wI,TRUE,blitz,Black,white,0,2121,-12,2109,2094,2025-09-03T11:47:57Z
Aar_77on,ujXUMLlY,TRUE,blitz,White,black,0,2130,-9,2121,2221,2025-09-03T11:42:00Z
Aar_77on,r1vG7yyf,TRUE,blitz,White,black,0,2145,-15,2130,2091,2025-09-03T11:32:21Z
Aar_77on,0D8JyPFV,TRUE,blitz,White,white,1,2132,13,2145,2132,2025-09-03T11:30:29Z
Aar_77on,6MxS6wRs,TRUE,blitz,Black,black,1,2120,12,2132,2089,2025-09-03T03:01:35Z
Aar_77on,EAuMH2rV,TRUE,blitz,White,white,1,2102,18,2120,2182,2025-09-02T16:26:54Z
Aar_77on,FcJShBxB,TRUE,blitz,Black,black,1,2088,14,2102,2079,2025-09-02T16:24:10Z
Aar_77on,Uid69thy,TRUE,blitz,Black,white,0,2119,-16,2103,2098,2025-09-02T16:19:14Z
Aar_77on,otKgog11,TRUE,blitz,White,black,0,2119,-15,2104,2129,2025-09-02T16:17:49Z
Aar_77on,lUefjeXY,TRUE,blitz,Black,black,1,2108,11,2119,2049,2025-08-10T17:02:46Z
Aar_77on,0cuNWTLk,TRUE,blitz,Black,black,1,2100,8,2108,1953,2025-08-10T16:58:55Z
Aar_77on,FnENvM16,TRUE,blitz,White,white,1,2091,9,2100,1956,2025-08-10T16:53:34Z
Kiskar,emD3QppR,TRUE,bullet,Black,white,0,2838,-8,2830,2770,2025-10-14T14:03:56Z
Kiskar,C71ur7aR,TRUE,bullet,Black,white,0,2845,-7,2838,2800,2025-10-14T13:15:21Z
Kiskar,3nQ5ovk8,TRUE,bullet,Black,white,0,2854,-9,2845,2653,2025-10-09T15:44:35Z
Kiskar,nz4apjD0,TRUE,blitz,White,white,1,2651,6,2657,2518,2025-10-09T15:33:41Z
Kiskar,C3tzNfIq,TRUE,bullet,Black,black,1,2848,6,2854,2832,2025-10-09T15:16:32Z
Kiskar,u6EacD65,TRUE,bullet,Black,white,0,2858,-10,2848,2539,2025-10-07T12:54:50Z
Kiskar,pWCUYhPh,TRUE,bullet,White,white,1,2856,2,2858,2540,2025-10-07T12:53:38Z
Kiskar,zWv3ZoKd,TRUE,bullet,Black,white,0,2862,-6,2856,2878,2025-10-07T12:38:16Z
Kiskar,2THWJpRx,TRUE,blitz,Black,white,0,2663,-12,2651,2482,2025-10-06T13:43:43Z
Kiskar,VTpTsR5l,TRUE,blitz,White,black,0,2675,-12,2663,2473,2025-10-06T13:34:07Z
Kiskar,bh8Qjx61,TRUE,bullet,White,white,1,2857,5,2862,2783,2025-10-06T08:51:21Z
Kiskar,lZf9npiW,TRUE,bullet,Black,black,1,2852,5,2857,2844,2025-10-06T08:48:53Z
Kiskar,aFZOC0HR,TRUE,bullet,White,white,1,2847,5,2852,2757,2025-10-06T08:47:43Z
Kiskar,pDp7x8xl,TRUE,bullet,Black,black,1,2843,4,2847,2762,2025-10-06T08:45:14Z
Kiskar,w3fdzuN3,TRUE,bullet,White,white,1,2837,6,2843,2809,2025-10-06T08:43:23Z
puressence,rEFkyTuI,TRUE,bullet,White,NA,0.5,2445,4,2449,2666,2025-10-15T06:55:13Z
puressence,ht5lwRDN,TRUE,bullet,Black,black,1,2445,0,2445,1988,2025-10-15T06:53:36Z
puressence,1akPl3yk,TRUE,bullet,White,white,1,2444,1,2445,1854,2025-10-15T06:51:25Z
puressence,bpArwIJH,TRUE,bullet,White,white,1,2444,0,2444,1790,2025-10-15T06:47:32Z
puressence,83rkn9iI,TRUE,bullet,Black,black,1,2441,3,2444,2289,2025-10-15T06:46:03Z
puressence,6wDnw5ZO,TRUE,bullet,White,black,0,2447,-6,2441,2391,2025-10-15T06:44:12Z
puressence,Rs60ieZ1,TRUE,bullet,White,white,1,2444,3,2447,2277,2025-10-15T06:42:59Z
puressence,ZwpeuVrB,TRUE,bullet,Black,black,1,2443,1,2444,1920,2025-10-15T06:40:31Z
puressence,q75q5VLn,TRUE,bullet,White,white,1,2442,1,2443,2036,2025-10-15T06:37:58Z
puressence,0gyeJXTQ,TRUE,bullet,White,black,0,2451,-9,2442,2263,2025-10-15T06:36:01Z
puressence,E2I0cVyw,TRUE,bullet,Black,black,1,2449,2,2451,2112,2025-10-15T06:34:04Z
puressence,veQKNLQm,TRUE,bullet,Black,black,1,2446,3,2449,2284,2025-10-15T06:33:27Z
puressence,OPzu4FDZ,TRUE,bullet,White,white,1,2446,0,2446,1864,2025-10-15T06:32:26Z
puressence,8bVAndqr,TRUE,bullet,Black,white,0,2451,-5,2446,2460,2025-10-15T06:30:21Z
puressence,kClJKDRs,TRUE,bullet,Black,black,1,2451,0,2451,1495,2025-10-13T10:56:02Z
apetkov,0FM63Y6r,TRUE,bullet,Black,black,1,2603,37,2640,2610,2025-03-16T00:22:28Z
apetkov,ei4U0Muc,TRUE,bullet,Black,black,1,2598,5,2603,2555,2023-08-05T04:56:34Z
apetkov,PisWsR1x,TRUE,bullet,White,white,1,2594,4,2598,2513,2023-08-05T04:55:14Z
apetkov,DUMAEvJL,TRUE,bullet,Black,black,1,2589,5,2594,2541,2023-08-05T04:51:21Z
apetkov,7mM6eWCu,TRUE,bullet,White,white,1,2582,7,2589,2649,2023-08-05T04:47:43Z
apetkov,aN571mqm,TRUE,bullet,Black,white,0,2589,-7,2582,2502,2023-08-05T04:45:21Z
apetkov,k1AfzFWm,TRUE,bullet,White,white,1,2585,4,2589,2468,2023-08-05T04:44:17Z
apetkov,syuib1AX,TRUE,bullet,White,white,1,2581,4,2585,2478,2023-08-05T04:41:44Z
apetkov,TMTxBn3y,TRUE,bullet,Black,black,1,2577,4,2581,2483,2023-08-05T04:41:08Z
apetkov,oWRbldKs,TRUE,bullet,White,black,0,2584,-7,2577,2466,2023-08-05T04:38:32Z
apetkov,Lm7gFO9E,TRUE,bullet,White,white,1,2582,2,2584,2393,2023-08-05T04:37:17Z
apetkov,nw3T1yYP,TRUE,bullet,Black,black,1,2578,4,2582,2463,2023-08-05T04:34:58Z
apetkov,v5a6e2GA,TRUE,bullet,White,white,1,2572,6,2578,2557,2023-08-05T04:32:28Z
apetkov,gRJ8fOmR,TRUE,bullet,Black,white,0,2579,-7,2572,2472,2023-08-05T04:30:26Z
apetkov,xJpdRuah,TRUE,bullet,White,white,1,2575,4,2579,2523,2023-08-05T04:28:39Z
Dilmurod05,6CTNUjuX,TRUE,bullet,Black,white,0,1970,-6,1964,1969,2025-10-16T04:37:59Z
Dilmurod05,ltwUInV7,TRUE,bullet,White,black,0,1975,-5,1970,1972,2025-10-16T04:09:18Z
Dilmurod05,J8CYO30U,TRUE,bullet,White,white,1,1970,5,1975,1945,2025-10-16T04:06:59Z
Dilmurod05,IE8EGlrs,TRUE,bullet,Black,white,0,1975,-5,1970,1994,2025-10-16T04:04:20Z
Dilmurod05,ReRg4dDs,TRUE,bullet,White,black,0,1980,-5,1975,2019,2025-10-15T19:23:33Z
Dilmurod05,WxSojUmD,TRUE,bullet,Black,black,1,1974,6,1980,2013,2025-10-15T19:19:33Z
Dilmurod05,ZtUjlU9Q,TRUE,bullet,White,black,0,1981,-7,1974,1872,2025-10-15T19:16:11Z
Dilmurod05,NIN6xgDQ,TRUE,bullet,Black,white,0,1987,-6,1981,1978,2025-10-15T19:10:36Z
Dilmurod05,0KOlBplJ,TRUE,bullet,Black,white,0,1993,-6,1987,1977,2025-10-15T19:08:47Z
Dilmurod05,WZGQUKlT,TRUE,bullet,White,black,0,1998,-5,1993,2054,2025-10-15T19:06:01Z
Dilmurod05,iPWyqkq1,TRUE,bullet,White,white,1,1992,6,1998,1985,2025-10-15T19:03:03Z
Dilmurod05,v86iBmyc,TRUE,bullet,Black,white,0,1998,-6,1992,2015,2025-10-15T19:00:35Z
Dilmurod05,kwyIF6cX,TRUE,bullet,White,white,1,1992,6,1998,1976,2025-10-15T18:58:30Z
Dilmurod05,QVYyj4aq,TRUE,bullet,Black,black,1,1987,5,1992,1949,2025-10-15T18:57:09Z
Dilmurod05,Ye4LwUU4,TRUE,bullet,White,NA,0.5,1987,0,1987,2018,2025-10-15T18:54:44Z
Delebarre,f9mOqBZl,TRUE,classical,Black,black,1,2299,2,2301,1925,2025-10-15T19:46:58Z
Delebarre,ukMfk4ru,TRUE,classical,Black,black,1,2296,3,2299,2035,2025-10-15T18:50:47Z
Delebarre,DlmMmxMF,TRUE,blitz,White,black,0,2230,-6,2224,2194,2025-10-15T18:28:47Z
Delebarre,rvrZUf0t,TRUE,blitz,Black,white,0,2237,-7,2230,2188,2025-10-15T18:19:12Z
Delebarre,GwoK8el4,TRUE,blitz,White,white,1,2232,5,2237,2193,2025-10-15T18:10:59Z
Delebarre,YVtgb5NX,TRUE,blitz,Black,white,0,2239,-7,2232,2186,2025-10-15T18:04:25Z
Delebarre,4WD6BI96,TRUE,blitz,White,white,1,2233,6,2239,2191,2025-10-15T18:01:26Z
Delebarre,dWNaLbgd,TRUE,blitz,White,white,1,2227,6,2233,2225,2025-10-14T12:39:55Z
Delebarre,OXk0DoCR,TRUE,rapid,White,white,1,2306,5,2311,2195,2025-10-13T18:11:43Z
Delebarre,qPWcAT1r,TRUE,rapid,Black,NA,0.5,2308,-2,2306,2193,2025-10-13T17:53:11Z
Delebarre,uGijIV0N,TRUE,rapid,White,white,1,2304,4,2308,2212,2025-10-13T17:24:00Z
Delebarre,RQzhPwJy,TRUE,classical,Black,white,0,2306,-10,2296,2240,2025-10-09T18:07:11Z
Delebarre,W48GgQYR,TRUE,classical,Black,black,1,2302,4,2306,2119,2025-10-09T14:54:19Z
Delebarre,iY4bEmqD,TRUE,blitz,White,white,1,2221,6,2227,2192,2025-10-09T12:37:50Z
Delebarre,akyb281v,TRUE,blitz,Black,white,0,2230,-9,2221,2067,2025-10-09T12:18:18Z
Huguitooo_xD,Vx6sgmkE,TRUE,bullet,Black,white,0,1995,-3,1992,2371,2025-10-11T19:33:26Z
Huguitooo_xD,55x1xq9N,TRUE,bullet,White,white,1,1995,0,1995,1042,2025-10-11T19:32:16Z
Huguitooo_xD,AG4eYhbV,TRUE,bullet,Black,black,1,1995,0,1995,886,2025-10-11T19:31:05Z
Huguitooo_xD,9IOMNGYD,TRUE,bullet,Black,NA,0.5,1999,-4,1995,1886,2025-09-13T16:40:01Z
Huguitooo_xD,RYFYbPpx,TRUE,bullet,Black,black,1,1998,1,1999,1344,2025-09-13T16:38:25Z
Huguitooo_xD,mO7Cq3XV,TRUE,bullet,White,white,1,1978,20,1998,2324,2025-09-13T16:36:50Z
Huguitooo_xD,cW0u0eEM,TRUE,bullet,White,white,1,1977,1,1978,1356,2025-09-13T16:35:39Z
Huguitooo_xD,i3t4eOqg,TRUE,bullet,Black,NA,0.5,1968,9,1977,2326,2025-09-13T16:34:11Z
Huguitooo_xD,EYGyLaDU,TRUE,bullet,Black,black,1,1960,8,1968,1896,2025-08-27T19:47:05Z
Huguitooo_xD,xL6u60n6,TRUE,blitz,White,white,1,1707,3,1710,1295,2025-08-27T19:21:48Z
Huguitooo_xD,tDo7fG9L,TRUE,blitz,Black,black,1,1692,15,1707,1690,2025-08-25T14:59:26Z
Huguitooo_xD,qMKC6dMa,TRUE,blitz,White,black,0,1692,0,1692,1970,2025-08-17T10:05:57Z
Huguitooo_xD,QFwSIlF2,TRUE,blitz,Black,black,1,1692,0,1692,2201,2025-08-17T10:00:00Z
Huguitooo_xD,ZWPfyeCr,TRUE,bullet,White,black,0,1969,-9,1960,1852,2025-08-11T19:07:20Z
Huguitooo_xD,MjhTK6kp,TRUE,bullet,White,white,1,1964,5,1969,1898,2025-08-02T17:59:17Z
Platy2,L6P129AG,TRUE,blitz,Black,white,0,2885,-8,2877,2891,2025-10-10T20:33:43Z
Platy2,6HaRJl6W,TRUE,blitz,White,white,1,2877,8,2885,2897,2025-10-10T20:27:39Z
Platy2,dXzx1dxX,TRUE,blitz,Black,black,1,2868,9,2877,2903,2025-10-10T20:23:31Z
Platy2,ELokDsSh,TRUE,blitz,White,black,0,2875,-7,2868,2898,2025-10-10T20:18:10Z
Platy2,b1C52Hr5,TRUE,blitz,Black,NA,0.5,2875,0,2875,2898,2025-10-10T20:14:45Z
Platy2,IfiqwrXo,TRUE,blitz,White,white,1,2865,10,2875,2905,2025-10-10T20:11:18Z
Platy2,7BNK4EbI,TRUE,blitz,White,white,1,2857,8,2865,2843,2025-10-10T19:44:00Z
Platy2,Zq9GLH2h,TRUE,blitz,Black,black,1,2849,8,2857,2788,2025-10-10T19:36:10Z
Platy2,WLqGJXlV,TRUE,blitz,White,NA,0.5,2848,1,2849,2899,2025-10-10T19:07:55Z
Platy2,m2yRBY1R,TRUE,blitz,White,black,0,2860,-12,2848,2776,2025-10-10T16:38:22Z
Platy2,AhhKEC5F,TRUE,blitz,White,white,1,2853,7,2860,2756,2025-10-10T15:51:40Z
Platy2,6GXS5l6s,TRUE,blitz,Black,black,1,2844,9,2853,2784,2025-10-10T15:40:51Z
Platy2,41hx1qWi,TRUE,blitz,Black,NA,0.5,2845,-1,2844,2825,2025-10-10T15:31:17Z
Platy2,i48XFYva,TRUE,blitz,White,black,0,2854,-9,2845,2907,2025-10-09T21:19:22Z
Platy2,XqbRRiXj,TRUE,blitz,Black,white,0,2863,-9,2854,2902,2025-10-09T21:12:03Z
pr0methazine,bMbEVBbH,TRUE,bullet,White,white,1,2613,2,2615,2314,2025-10-14T23:20:31Z
pr0methazine,DNxDn9Ik,TRUE,bullet,Black,white,0,2624,-11,2613,2304,2025-10-14T23:19:58Z
pr0methazine,tcGeE4lT,TRUE,bullet,White,white,1,2623,1,2624,2244,2025-10-10T23:17:59Z
pr0methazine,KCrQTpUR,TRUE,bullet,Black,black,1,2621,2,2623,2245,2025-10-10T23:17:21Z
pr0methazine,98AtIGGp,TRUE,bullet,White,white,1,2620,1,2621,2247,2025-10-10T23:16:44Z
pr0methazine,PvV0YiRs,TRUE,bullet,Black,black,1,2619,1,2620,2248,2025-10-10T23:15:30Z
pr0methazine,tQo9TdWO,TRUE,bullet,Black,black,1,2614,5,2619,2581,2025-10-09T00:30:54Z
pr0methazine,MQxIUQie,TRUE,bullet,White,white,1,2608,6,2614,2586,2025-10-09T00:29:53Z
pr0methazine,p6dMI4sd,TRUE,bullet,Black,white,0,2614,-6,2608,2580,2025-10-09T00:29:16Z
pr0methazine,QOWP9qQE,TRUE,bullet,White,black,0,2621,-7,2614,2573,2025-10-09T00:28:19Z
pr0methazine,sNEHO3UQ,TRUE,bullet,Black,white,0,2627,-6,2621,2566,2025-10-09T00:27:39Z
pr0methazine,wsbb1fCv,TRUE,bullet,White,black,0,2634,-7,2627,2559,2025-10-09T00:26:24Z
pr0methazine,LUSbf5vN,TRUE,bullet,Black,white,0,2641,-7,2634,2551,2025-10-09T00:25:23Z
pr0methazine,EVgiu2Jh,TRUE,bullet,White,white,1,2637,4,2641,2556,2025-10-09T00:24:11Z
pr0methazine,qIfNd3JS,TRUE,bullet,Black,black,1,2632,5,2637,2561,2025-10-09T00:23:06Z
Zjm0312,s2ExnObL,TRUE,blitz,White,white,1,2813,5,2818,2718,2025-10-16T01:56:06Z
Zjm0312,Uz6pTAfm,TRUE,bullet,White,white,1,3080,2,3082,2854,2025-10-15T07:37:01Z
Zjm0312,ZLRxgJUy,TRUE,bullet,Black,black,1,3077,3,3080,2856,2025-10-15T07:35:25Z
Zjm0312,vBP4lg3e,TRUE,bullet,White,white,1,3075,2,3077,2858,2025-10-15T07:33:39Z
Zjm0312,kBTx8NbT,TRUE,bullet,Black,black,1,3072,3,3075,2862,2025-10-15T07:31:11Z
Zjm0312,mgKqlGuU,TRUE,bullet,Black,white,0,3081,-9,3072,2844,2025-10-15T07:28:10Z
Zjm0312,53Kso4GB,TRUE,bullet,White,white,1,3076,5,3081,3015,2025-10-15T02:48:07Z
Zjm0312,xTDxDYPH,TRUE,blitz,White,white,1,2807,6,2813,2738,2025-10-15T02:39:05Z
Zjm0312,O3u2jD91,TRUE,bullet,Black,black,1,3071,5,3076,3034,2025-10-14T13:12:41Z
Zjm0312,7BVC74ar,TRUE,blitz,White,white,1,2803,4,2807,2651,2025-10-14T07:27:12Z
Zjm0312,GwN2fIRh,TRUE,blitz,White,white,1,2800,3,2803,2593,2025-10-14T07:22:06Z
Zjm0312,bG84grDc,TRUE,blitz,Black,black,1,2793,7,2800,2785,2025-10-14T06:03:47Z
Zjm0312,gwMCneiQ,TRUE,blitz,Black,black,1,2788,5,2793,2657,2025-10-14T03:22:59Z
Zjm0312,NcysRpke,TRUE,blitz,White,white,1,2784,4,2788,2653,2025-10-14T03:15:43Z
Zjm0312,Cb0zc6iF,TRUE,blitz,White,black,0,2794,-10,2784,2651,2025-10-14T03:10:11Z
deinebewegung,qnXeYapA,TRUE,bullet,White,white,1,1260,8,1268,924,2025-10-12T18:08:28Z
deinebewegung,nwrHPKGF,TRUE,bullet,Black,NA,0.5,1284,-24,1260,859,2025-09-29T00:38:29Z
deinebewegung,CZo7oPYh,TRUE,bullet,Black,white,0,1311,-27,1284,1338,2025-09-28T22:30:11Z
deinebewegung,DFAiwu88,TRUE,bullet,Black,black,1,1256,55,1311,1661,2025-09-13T17:37:32Z
deinebewegung,6zLM9hNh,TRUE,bullet,White,black,0,1283,-27,1256,1295,2025-08-25T08:58:56Z
deinebewegung,35sWB94X,TRUE,bullet,Black,black,1,1271,12,1283,1040,2025-08-02T22:36:47Z
deinebewegung,trpPxOuL,TRUE,bullet,White,black,0,1319,-48,1271,1030,2025-08-02T22:33:11Z
deinebewegung,mOoo3Jie,TRUE,bullet,Black,white,0,1335,-16,1319,1512,2025-08-02T07:33:01Z
deinebewegung,CRElzexi,TRUE,bullet,Black,black,1,1326,9,1335,1008,2025-08-01T17:08:55Z
deinebewegung,m2PBeiT9,TRUE,bullet,White,black,0,1385,-59,1326,1009,2025-07-31T18:18:32Z
deinebewegung,ZQJRyTdn,TRUE,bullet,White,black,0,1386,-1,1385,2177,2025-07-25T22:34:43Z
deinebewegung,CjqUR1A6,TRUE,bullet,Black,black,1,1342,44,1386,1444,2025-07-25T22:32:11Z
deinebewegung,lbewjClF,TRUE,bullet,White,black,0,1390,-48,1342,1279,2025-07-25T22:30:22Z
deinebewegung,Twu42gEz,TRUE,blitz,Black,black,1,1318,5,1323,697,2025-06-25T22:36:15Z
deinebewegung,BVojB50k,TRUE,bullet,Black,black,1,1360,30,1390,1319,2025-06-08T12:37:18Z
sapphire_phoenix,jKPGwlQz,TRUE,blitz,White,white,1,2804,3,2807,2600,2025-10-15T21:16:33Z
sapphire_phoenix,NUP0JLUS,TRUE,blitz,Black,black,1,2799,5,2804,2772,2025-10-15T21:07:27Z
sapphire_phoenix,6r0sYDOP,TRUE,blitz,White,white,1,2793,6,2799,2777,2025-10-15T21:04:27Z
sapphire_phoenix,qP3FCcwO,TRUE,blitz,Black,black,1,2788,5,2793,2783,2025-10-15T20:59:06Z
sapphire_phoenix,soeOfuCC,TRUE,blitz,White,white,1,2782,6,2788,2788,2025-10-15T20:52:23Z
sapphire_phoenix,pBG077oG,TRUE,blitz,Black,white,0,2791,-9,2782,2561,2025-10-15T20:49:10Z
sapphire_phoenix,tTYvvfxg,TRUE,blitz,Black,black,1,2789,2,2791,2506,2025-10-15T20:33:38Z
sapphire_phoenix,fL9gYhIg,TRUE,blitz,White,white,1,2786,3,2789,2601,2025-10-15T20:27:10Z
sapphire_phoenix,kYoK4B1i,TRUE,blitz,White,white,1,2781,5,2786,2719,2025-10-15T17:50:15Z
sapphire_phoenix,GseDeEvg,TRUE,blitz,White,black,0,2788,-7,2781,2695,2025-10-15T16:11:44Z
sapphire_phoenix,PpURu1Gd,TRUE,blitz,Black,black,1,2786,2,2788,2588,2025-10-15T16:04:11Z
sapphire_phoenix,tb2Znpvx,TRUE,blitz,White,black,0,2794,-8,2786,2642,2025-10-15T16:00:23Z
sapphire_phoenix,OHV9PR60,TRUE,blitz,Black,black,1,2790,4,2794,2646,2025-10-15T15:54:43Z
sapphire_phoenix,0jAIzsVC,TRUE,blitz,Black,NA,0.5,2793,-3,2790,2571,2025-10-15T13:35:18Z
sapphire_phoenix,wNRK2tHs,TRUE,blitz,White,white,1,2791,2,2793,2573,2025-10-15T13:30:15Z
JustAHarmlessDuck,GeyP8Trw,TRUE,bullet,Black,black,1,3000,8,3008,2791,2025-10-13T18:25:54Z
JustAHarmlessDuck,epqR74NB,TRUE,bullet,Black,black,1,2994,6,3000,2980,2025-08-07T18:55:53Z
JustAHarmlessDuck,OkYr25Fw,TRUE,bullet,White,white,1,2987,7,2994,2986,2025-08-07T18:54:40Z
JustAHarmlessDuck,zIJkBH56,TRUE,bullet,Black,black,1,2979,8,2987,2992,2025-08-07T18:53:20Z
JustAHarmlessDuck,3021AAYE,TRUE,bullet,White,white,1,2969,10,2979,3127,2025-08-07T18:21:57Z
JustAHarmlessDuck,IpVPw6VY,TRUE,bullet,Black,white,0,2973,-4,2969,3124,2025-08-07T18:20:50Z
JustAHarmlessDuck,crVGGFZg,TRUE,bullet,White,black,0,2978,-5,2973,3136,2025-08-07T16:27:11Z
JustAHarmlessDuck,8Zr8LTFz,TRUE,bullet,Black,black,1,2966,12,2978,3145,2025-08-07T16:26:00Z
JustAHarmlessDuck,MqJFakmF,TRUE,bullet,White,white,1,2959,7,2966,2948,2025-08-05T16:02:46Z
JustAHarmlessDuck,GLkPHEHB,TRUE,bullet,Black,black,1,2952,7,2959,2953,2025-08-05T16:01:27Z
JustAHarmlessDuck,uAho5SX8,TRUE,bullet,White,black,0,2960,-8,2952,2947,2025-08-05T16:00:19Z
JustAHarmlessDuck,LzmCm3In,TRUE,bullet,Black,black,1,2952,8,2960,2953,2025-08-05T15:59:01Z
JustAHarmlessDuck,xH8RW8DJ,TRUE,bullet,Black,white,0,2954,-2,2952,3201,2025-07-25T23:25:18Z
JustAHarmlessDuck,GfHel3KS,TRUE,bullet,Black,white,0,2958,-4,2954,3052,2025-07-21T03:04:05Z
JustAHarmlessDuck,cHU7LokR,TRUE,bullet,White,white,1,2951,7,2958,3059,2025-07-21T03:03:05Z
dmitrij_IM,bk7fKuuR,TRUE,bullet,White,white,1,3112,7,3119,3167,2025-10-15T11:06:51Z
dmitrij_IM,ZAINgsLR,TRUE,bullet,Black,black,1,3110,2,3112,2815,2025-10-13T13:51:13Z
dmitrij_IM,TB8cESBk,TRUE,bullet,White,white,1,3106,4,3110,2963,2025-10-13T13:49:51Z
dmitrij_IM,LPNuSnpI,TRUE,bullet,White,black,0,3113,-7,3106,3066,2025-10-03T02:33:22Z
dmitrij_IM,AmhEot8h,TRUE,bullet,Black,black,1,3110,3,3113,2907,2025-10-03T00:24:53Z
dmitrij_IM,N25QoL7H,TRUE,bullet,White,white,1,3107,3,3110,2910,2025-10-03T00:22:45Z
dmitrij_IM,KLFeth8b,TRUE,bullet,Black,black,1,3104,3,3107,2913,2025-10-03T00:21:11Z
dmitrij_IM,7HrLQWO5,TRUE,bullet,White,black,0,3113,-9,3104,2904,2025-10-03T00:18:59Z
dmitrij_IM,1zfVeyBz,TRUE,bullet,Black,black,1,3110,3,3113,2907,2025-10-03T00:17:31Z
dmitrij_IM,41Ks7kwE,TRUE,bullet,Black,black,1,3107,3,3110,2944,2025-10-03T00:16:14Z
dmitrij_IM,Agtbqljh,TRUE,bullet,White,black,0,3115,-8,3107,2969,2025-10-03T00:13:59Z
dmitrij_IM,bmRRzapD,TRUE,bullet,White,white,1,3112,3,3115,2960,2025-09-25T21:01:54Z
dmitrij_IM,X6JKZ1lO,TRUE,bullet,Black,black,1,3108,4,3112,2963,2025-09-25T21:00:55Z
dmitrij_IM,FpyItlcx,TRUE,bullet,White,white,1,3105,3,3108,2967,2025-09-25T20:59:07Z
dmitrij_IM,2sprL8zY,TRUE,bullet,White,white,1,3102,3,3105,2907,2025-09-25T17:59:07Z
Crush09,Lggg3G8c,TRUE,bullet,White,white,1,3078,2,3080,2858,2025-10-15T19:09:08Z
Crush09,QiRiRxhF,TRUE,bullet,Black,black,1,3072,6,3078,3048,2025-10-15T17:59:10Z
Crush09,9XSrZ0ON,TRUE,bullet,White,black,0,3078,-6,3072,3042,2025-10-15T17:56:48Z
Crush09,YwkqcgyD,TRUE,bullet,Black,white,0,3085,-7,3078,3035,2025-10-15T17:54:19Z
Crush09,6QiSUzv1,TRUE,bullet,White,black,0,3092,-7,3085,3028,2025-10-15T17:52:12Z
Crush09,fA2BAFdr,TRUE,bullet,Black,white,0,3099,-7,3092,3021,2025-10-15T17:50:57Z
Crush09,tyQSQXuD,TRUE,bullet,White,black,0,3106,-7,3099,3013,2025-10-15T17:48:36Z
Crush09,psTi8L5E,TRUE,bullet,Black,white,0,3113,-7,3106,3005,2025-10-15T17:46:46Z
Crush09,HmesICTj,TRUE,bullet,White,white,1,3109,4,3113,3010,2025-10-15T17:44:44Z
Crush09,0Xwd8oys,TRUE,bullet,Black,black,1,3105,4,3109,3014,2025-10-15T17:43:00Z
Crush09,zg2aZOge,TRUE,bullet,White,black,0,3112,-7,3105,3006,2025-10-15T17:40:37Z
Crush09,cURK42Js,TRUE,bullet,Black,black,1,3109,3,3112,2946,2025-10-15T17:37:14Z
Crush09,2YPerZHx,TRUE,bullet,White,white,1,3106,3,3109,2921,2025-10-15T15:02:26Z
Crush09,Pyj6QWtZ,TRUE,bullet,White,white,1,3101,5,3106,3032,2025-10-15T00:06:47Z
Crush09,wQ0a0RqS,TRUE,bullet,Black,white,0,3108,-7,3101,3025,2025-10-15T00:04:41Z
Kurald_Galain,9k8yR91i,TRUE,bullet,White,white,1,3048,0,3048,2325,2025-10-15T10:24:13Z
Kurald_Galain,dY6wWYR0,TRUE,bullet,Black,black,1,3048,0,3048,2134,2025-10-15T10:22:14Z
Kurald_Galain,45ZLO0Wk,TRUE,bullet,Black,black,1,3048,0,3048,1910,2025-10-15T10:20:48Z
Kurald_Galain,Kw0E8Yby,TRUE,bullet,White,white,1,3048,0,3048,2320,2025-10-15T10:19:50Z
Kurald_Galain,9j6t4mM7,TRUE,bullet,Black,black,1,3048,0,3048,2298,2025-10-15T10:17:39Z
Kurald_Galain,3WGDJO1Z,TRUE,bullet,White,white,1,3047,1,3048,2317,2025-10-15T10:15:50Z
Kurald_Galain,mTrht2kE,TRUE,bullet,Black,black,1,3047,0,3047,2124,2025-10-15T10:14:13Z
Kurald_Galain,66driR4z,TRUE,bullet,White,white,1,3047,0,3047,2177,2025-10-15T10:12:00Z
Kurald_Galain,DuplmYS0,TRUE,bullet,Black,black,1,3047,0,3047,2142,2025-10-15T10:10:13Z
Kurald_Galain,wGEXibkQ,TRUE,bullet,White,white,1,3047,0,3047,1762,2025-10-15T10:09:01Z
Kurald_Galain,2ZaIlzoh,TRUE,bullet,Black,black,1,3047,0,3047,2380,2025-10-15T10:08:31Z
Kurald_Galain,iikWzmEA,TRUE,bullet,White,white,1,3047,0,3047,2008,2025-10-15T10:06:54Z
Kurald_Galain,7GaFTzUv,TRUE,bullet,Black,black,1,3047,0,3047,1749,2025-10-15T10:05:24Z
Kurald_Galain,Qkzan4MH,TRUE,bullet,White,white,1,3047,0,3047,2313,2025-10-15T07:22:06Z
Kurald_Galain,MxtVPg2v,TRUE,bullet,Black,black,1,3047,0,3047,2099,2025-10-15T07:20:49Z
Marek_Religa,Uan5ZF10,TRUE,bullet,White,white,1,2941,3,2944,2766,2025-10-15T18:49:07Z
Marek_Religa,QahezwZv,TRUE,bullet,White,white,1,2937,4,2941,2803,2025-10-15T18:46:45Z
Marek_Religa,JMYVrJAH,TRUE,bullet,Black,black,1,2934,3,2937,2762,2025-10-15T18:44:31Z
Marek_Religa,QQnXCcUU,TRUE,bullet,Black,black,1,2928,6,2934,2927,2025-10-15T18:40:09Z
Marek_Religa,GNygkO79,TRUE,bullet,Black,black,1,2919,9,2928,3124,2025-10-15T18:38:35Z
Marek_Religa,s9lQvIL7,TRUE,bullet,White,black,0,2922,-3,2919,3121,2025-10-15T18:37:31Z
Marek_Religa,SJo641e2,TRUE,bullet,Black,white,0,2928,-6,2922,2913,2025-10-15T18:25:51Z
Marek_Religa,SuBI3enA,TRUE,bullet,White,white,1,2922,6,2928,2919,2025-10-15T18:23:43Z
Marek_Religa,LvgDLCmw,TRUE,bullet,Black,black,1,2916,6,2922,2925,2025-10-15T18:21:28Z
Marek_Religa,8yOIckRF,TRUE,bullet,White,black,0,2922,-6,2916,2919,2025-10-15T18:19:16Z
Marek_Religa,vqRk38qH,TRUE,bullet,Black,white,0,2928,-6,2922,2913,2025-10-15T18:17:19Z
Marek_Religa,ew0c1sam,TRUE,bullet,Black,black,1,2923,5,2928,2868,2025-10-15T18:15:56Z
Marek_Religa,mnA6OLOM,TRUE,bullet,White,white,1,2918,5,2923,2869,2025-10-15T18:14:27Z
Marek_Religa,42jHPxRu,TRUE,bullet,White,white,1,2912,6,2918,2948,2025-10-15T18:13:15Z
Marek_Religa,02uwSYrN,TRUE,bullet,White,black,0,2920,-8,2912,2729,2025-10-15T18:11:03Z
ElioTheDog,ry95BZ6y,TRUE,blitz,White,white,1,2165,6,2171,2154,2025-10-15T20:32:17Z
ElioTheDog,H8Fp1khH,TRUE,blitz,Black,black,1,2160,5,2165,2088,2025-10-14T11:55:21Z
ElioTheDog,NAL62g2K,TRUE,blitz,White,white,1,2155,5,2160,2132,2025-10-14T11:51:29Z
ElioTheDog,6Crh18LD,TRUE,blitz,Black,black,1,2149,6,2155,2198,2025-10-14T11:43:54Z
ElioTheDog,orUlaiwL,TRUE,blitz,Black,white,0,2157,-8,2149,2004,2025-10-14T11:38:34Z
ElioTheDog,cDWBfT1Y,TRUE,blitz,White,NA,0.5,2158,-1,2157,2077,2025-10-14T11:27:58Z
ElioTheDog,giNCeVVl,TRUE,blitz,White,black,0,2162,-4,2158,2268,2025-10-14T11:19:39Z
ElioTheDog,J2rLNYgl,TRUE,blitz,Black,NA,0.5,2163,-1,2162,2085,2025-10-14T11:09:09Z
ElioTheDog,dqpAwQYK,TRUE,blitz,White,white,1,2158,5,2163,2090,2025-10-14T11:03:14Z
ElioTheDog,adXrBf4G,TRUE,blitz,Black,black,1,2154,4,2158,2094,2025-10-14T10:54:01Z
ElioTheDog,x1uyljX9,TRUE,blitz,White,black,0,2161,-7,2154,2087,2025-10-14T10:44:28Z
ElioTheDog,8pmlaCVR,TRUE,blitz,Black,black,1,2156,5,2161,2110,2025-10-12T12:25:53Z
ElioTheDog,0jqh8kMN,TRUE,blitz,Black,white,0,2160,-4,2156,2266,2025-10-12T12:21:14Z
ElioTheDog,UrbEzgrc,TRUE,blitz,White,white,1,2154,6,2160,2178,2025-10-12T12:16:14Z
ElioTheDog,35II2n3V,TRUE,blitz,Black,black,1,2149,5,2154,2081,2025-10-12T12:15:46Z
Romaa2011,kPL7mbNp,TRUE,blitz,Black,black,1,2505,1,2506,2119,2025-10-12T19:34:30Z
Romaa2011,Uyh85Cfu,TRUE,blitz,White,black,0,2514,-9,2505,2260,2025-10-12T19:32:27Z
Romaa2011,mvxx1WSJ,TRUE,blitz,White,white,1,2509,5,2514,2468,2025-10-12T19:27:19Z
Romaa2011,lFeznZeB,TRUE,blitz,Black,white,0,2515,-6,2509,2513,2025-10-12T19:22:39Z
Romaa2011,50DkbT5S,TRUE,blitz,White,white,1,2513,2,2515,2238,2025-10-12T19:16:11Z
Romaa2011,zZ8fFRhI,TRUE,blitz,Black,black,1,2510,3,2513,2322,2025-10-12T19:12:19Z
Romaa2011,UBxaLBb7,TRUE,blitz,White,white,1,2508,2,2510,2225,2025-10-12T19:06:27Z
Romaa2011,JB2WKUsr,TRUE,blitz,Black,white,0,2518,-10,2508,2195,2025-10-12T19:01:58Z
Romaa2011,6dkaoJcm,TRUE,blitz,Black,white,0,2524,-6,2518,2501,2025-10-12T18:59:49Z
Romaa2011,uPQIddKr,TRUE,blitz,White,black,0,2531,-7,2524,2420,2025-10-12T18:52:34Z
Romaa2011,HMFUmdTZ,TRUE,blitz,Black,white,0,2538,-7,2531,2431,2025-10-12T18:46:27Z
Romaa2011,5r5Gz1r5,TRUE,blitz,White,black,0,2548,-10,2538,2197,2025-10-12T18:41:52Z
Romaa2011,iqbsUXVu,TRUE,blitz,Black,white,0,2557,-9,2548,2400,2025-10-12T18:36:41Z
Romaa2011,Puxqz9pR,TRUE,blitz,White,black,0,2563,-6,2557,2485,2025-10-12T18:30:33Z
Romaa2011,h8PTfAya,TRUE,blitz,Black,white,0,2572,-9,2563,2414,2025-10-12T18:26:09Z
Chesspro_2606,T9t79wFN,TRUE,bullet,White,NA,0.5,2769,1,2770,2859,2025-10-15T12:47:42Z
Chesspro_2606,WfVpHghV,TRUE,bullet,Black,white,0,2772,-3,2769,2903,2025-10-15T12:45:49Z
Chesspro_2606,VWscrU4A,TRUE,bullet,White,white,1,2766,6,2772,2807,2025-10-15T12:43:10Z
Chesspro_2606,wUfre4iX,TRUE,bullet,Black,black,1,2759,7,2766,2763,2025-10-15T12:41:12Z
Chesspro_2606,oPOYEa4G,TRUE,bullet,Black,black,1,2753,6,2759,2770,2025-10-15T12:39:43Z
Chesspro_2606,2VfhrbBB,TRUE,rapid,White,black,0,2674,-16,2658,2517,2025-10-12T08:35:16Z
Chesspro_2606,tFgMlBr2,TRUE,bullet,Black,black,1,2750,3,2753,2561,2025-10-12T03:55:40Z
Chesspro_2606,g6hvjeOy,TRUE,bullet,Black,white,0,2756,-6,2750,2715,2025-10-12T03:53:22Z
Chesspro_2606,9IYxLZ8A,TRUE,bullet,White,white,1,2750,6,2756,2780,2025-10-12T03:51:30Z
Chesspro_2606,WNNoP0fj,TRUE,bullet,White,black,0,2755,-5,2750,2815,2025-10-12T03:49:47Z
Chesspro_2606,rhjdsDDT,TRUE,bullet,White,white,1,2750,5,2755,2661,2025-10-12T03:47:24Z
Chesspro_2606,FsyOkfeZ,TRUE,bullet,Black,black,1,2747,3,2750,2555,2025-10-12T03:44:59Z
Chesspro_2606,UFOOQ1ug,TRUE,bullet,Black,black,1,2745,2,2747,2551,2025-10-12T03:43:01Z
Chesspro_2606,w26pljOq,TRUE,bullet,White,black,0,2751,-6,2745,2713,2025-10-12T03:40:22Z
Chesspro_2606,zqG3zeM5,TRUE,bullet,Black,white,0,2757,-6,2751,2713,2025-10-12T03:37:46Z
Aronyak1,0DNmUY7R,TRUE,bullet,White,white,1,3100,3,3103,2891,2025-10-15T19:47:08Z
Aronyak1,DGUwtaYH,TRUE,bullet,Black,black,1,3097,3,3100,2894,2025-10-15T19:45:43Z
Aronyak1,gHUozoH7,TRUE,bullet,White,black,0,3106,-9,3097,2885,2025-10-15T19:43:50Z
Aronyak1,gx5VNMkr,TRUE,bullet,Black,white,0,3115,-9,3106,2876,2025-10-15T19:41:45Z
Aronyak1,4UuuDVYq,TRUE,bullet,White,white,1,3113,2,3115,2878,2025-10-15T19:39:32Z
Aronyak1,UoHAk2nO,TRUE,bullet,Black,black,1,3110,3,3113,2881,2025-10-15T19:38:09Z
Aronyak1,Fapq3gGX,TRUE,bullet,White,white,1,3108,2,3110,2883,2025-10-15T19:36:36Z
Aronyak1,WYicnDKI,TRUE,bullet,Black,black,1,3105,3,3108,2886,2025-10-15T19:34:12Z
Aronyak1,Emt7qrQH,TRUE,bullet,White,black,0,3114,-9,3105,2877,2025-10-15T19:32:12Z
Aronyak1,ZhKAdYla,TRUE,bullet,Black,NA,0.5,3118,-4,3114,2873,2025-10-15T19:29:50Z
Aronyak1,SJTZWQ3A,TRUE,bullet,White,white,1,3115,3,3118,2875,2025-10-15T19:28:36Z
Aronyak1,DMUNNAP9,TRUE,bullet,Black,white,0,3122,-7,3115,3029,2025-10-15T16:57:14Z
Aronyak1,tLVnkBzf,TRUE,bullet,White,white,1,3118,4,3122,3034,2025-10-15T16:55:16Z
Aronyak1,PNz9fHHP,TRUE,bullet,Black,white,0,3125,-7,3118,3026,2025-10-15T16:53:43Z
Aronyak1,k1cXllDV,TRUE,bullet,White,white,1,3121,4,3125,3030,2025-10-15T16:51:43Z
UDITORIUM,lW1IdAbS,TRUE,blitz,Black,black,1,1663,9,1672,1669,2025-10-13T16:56:48Z
UDITORIUM,GZp8zQku,TRUE,blitz,White,black,0,1666,-3,1663,1917,2025-10-13T16:51:41Z
UDITORIUM,ODyFUetq,TRUE,blitz,Black,white,0,1670,-4,1666,1941,2025-10-13T16:38:15Z
UDITORIUM,SBUEs5RO,TRUE,blitz,White,black,0,1672,-2,1670,2063,2025-10-13T16:34:02Z
UDITORIUM,2fCDbEbv,TRUE,blitz,Black,white,0,1673,-1,1672,2077,2025-10-13T16:30:55Z
UDITORIUM,QyDON7kI,TRUE,blitz,Black,white,0,1676,-3,1673,2001,2025-10-13T16:27:03Z
UDITORIUM,hky8O8as,TRUE,blitz,White,white,1,1663,13,1676,1787,2025-10-13T16:22:01Z
UDITORIUM,VwJ0PdIK,TRUE,blitz,Black,white,0,1666,-3,1663,1962,2025-10-13T16:20:08Z
UDITORIUM,eCqcD34V,TRUE,blitz,White,black,0,1667,-1,1666,2201,2025-10-13T16:18:11Z
UDITORIUM,sIx3GheB,TRUE,blitz,Black,black,1,1648,19,1667,2013,2025-10-13T16:16:18Z
UDITORIUM,iDdwnsjL,TRUE,blitz,White,black,0,1649,-1,1648,2214,2025-10-13T16:14:26Z
UDITORIUM,QFnkyodh,TRUE,blitz,Black,white,0,1654,-5,1649,1836,2025-10-13T16:13:11Z
UDITORIUM,rV5aprzw,TRUE,blitz,White,white,1,1643,11,1654,1653,2025-10-13T16:08:10Z
UDITORIUM,sWTGMtM1,TRUE,blitz,Black,white,0,1647,-4,1643,1946,2025-10-13T16:05:39Z
UDITORIUM,JyirXqCo,TRUE,blitz,White,white,1,1630,17,1647,1807,2025-10-13T16:00:04Z
aspiringstar,LjSMVklv,TRUE,blitz,Black,black,1,2982,2,2984,2717,2025-10-15T23:55:33Z
aspiringstar,4pVOGsmY,TRUE,blitz,White,white,1,2980,2,2982,2720,2025-10-15T23:49:18Z
aspiringstar,YkSRpBcw,TRUE,blitz,Black,black,1,2978,2,2980,2555,2025-10-15T23:34:19Z
aspiringstar,tEmbH1jo,TRUE,blitz,Black,black,1,2977,1,2978,2597,2025-10-14T22:20:32Z
aspiringstar,gwIXrsxs,TRUE,blitz,White,white,1,2975,2,2977,2717,2025-10-14T22:13:58Z
aspiringstar,qwgBSTFO,TRUE,blitz,Black,black,1,2974,1,2975,2558,2025-10-14T22:03:07Z
aspiringstar,vlKtGaAV,TRUE,blitz,White,white,1,2971,3,2974,2732,2025-10-14T00:33:44Z
aspiringstar,aSit0gcC,TRUE,blitz,Black,black,1,2968,3,2971,2735,2025-10-14T00:28:45Z
aspiringstar,8mndwo2c,TRUE,blitz,White,NA,0.5,2972,-4,2968,2731,2025-10-14T00:22:46Z
aspiringstar,bVSapmeE,TRUE,blitz,Black,black,1,2969,3,2972,2734,2025-10-14T00:16:42Z
aspiringstar,iGhVSBxY,TRUE,blitz,White,white,1,2965,4,2969,2903,2025-10-05T23:38:49Z
aspiringstar,48lKjsNZ,TRUE,blitz,White,white,1,2963,2,2965,2674,2025-10-05T23:33:04Z
aspiringstar,6YJvZ7j5,TRUE,blitz,Black,black,1,2961,2,2963,2651,2025-10-05T23:21:44Z
aspiringstar,woz4ZHiF,TRUE,blitz,Black,black,1,2956,5,2961,2871,2025-10-04T23:57:50Z
aspiringstar,RG3nRkRu,TRUE,blitz,Black,black,1,2954,2,2956,2724,2025-10-04T00:52:30Z
EsTnatic,tQRwd0nD,TRUE,bullet,White,black,0,2147,-6,2141,2138,2025-10-14T07:26:12Z
EsTnatic,WNVwuW8j,TRUE,bullet,Black,white,0,2151,-4,2147,2268,2025-10-14T07:24:43Z
EsTnatic,F1VmMBBu,TRUE,bullet,Black,black,1,2142,9,2151,2306,2025-10-14T07:23:21Z
EsTnatic,5q86eYXG,TRUE,bullet,White,white,1,2141,1,2142,1813,2025-10-14T07:21:55Z
EsTnatic,yaf6E3hq,TRUE,bullet,White,black,0,2144,-3,2141,2294,2025-10-14T07:20:26Z
EsTnatic,C95GWS6a,TRUE,bullet,Black,black,1,2143,1,2144,1824,2025-10-14T07:18:56Z
EsTnatic,zevCb1fx,TRUE,bullet,White,white,1,2140,3,2143,1907,2025-10-14T07:17:34Z
EsTnatic,BKO9lTuL,TRUE,bullet,Black,black,1,2137,3,2140,1966,2025-10-14T07:16:07Z
EsTnatic,6IV5XtEx,TRUE,bullet,White,black,0,2147,-10,2137,1803,2025-10-14T07:14:43Z
EsTnatic,pXP3HK9B,TRUE,bullet,Black,black,1,2146,1,2147,1697,2025-10-14T07:13:23Z
EsTnatic,sfJoSSLP,TRUE,bullet,Black,black,1,2143,3,2146,1984,2025-10-14T05:16:57Z
EsTnatic,D6N9U6Gz,TRUE,bullet,White,white,1,2142,1,2143,1635,2025-10-14T05:15:25Z
EsTnatic,Fat88uhs,TRUE,bullet,Black,black,1,2135,7,2142,2199,2025-10-14T05:13:37Z
EsTnatic,JM876UjR,TRUE,bullet,White,white,1,2132,3,2135,1941,2025-10-14T05:13:07Z
EsTnatic,2u1A1hLQ,TRUE,bullet,Black,white,0,2139,-7,2132,2111,2025-10-14T05:10:25Z
Dotorkal,IgaJ7sIC,TRUE,bullet,Black,black,1,3182,1,3183,2756,2025-10-11T12:10:31Z
Dotorkal,SCmGcwbb,TRUE,bullet,White,white,1,3180,2,3182,2757,2025-10-11T12:09:27Z
Dotorkal,VAvCVDy0,TRUE,bullet,Black,black,1,3177,3,3180,2889,2025-10-11T11:58:46Z
Dotorkal,6NdcIsl6,TRUE,bullet,White,NA,0.5,3178,-1,3177,3137,2025-10-11T11:56:37Z
Dotorkal,fbQNgKBD,TRUE,bullet,White,white,1,3177,1,3178,2722,2025-10-10T11:12:44Z
Dotorkal,smPr7dNP,TRUE,bullet,White,white,1,3174,3,3177,2946,2025-09-28T11:49:23Z
Dotorkal,qq4htxHu,TRUE,bullet,Black,black,1,3170,4,3174,2951,2025-09-28T11:48:10Z
Dotorkal,jyrRfMC5,TRUE,bullet,White,white,1,3166,4,3170,2956,2025-09-28T11:47:40Z
Dotorkal,zLjkF2VR,TRUE,bullet,Black,black,1,3162,4,3166,2962,2025-09-28T11:46:23Z
Dotorkal,uo2kWSzU,TRUE,bullet,White,white,1,3158,4,3162,2967,2025-09-28T11:45:02Z
Dotorkal,zUEhlclM,TRUE,bullet,Black,black,1,3153,5,3158,2974,2025-09-28T11:43:46Z
Dotorkal,nfzJQ565,TRUE,bullet,White,black,0,3166,-13,3153,2955,2025-09-28T11:42:27Z
Dotorkal,4dN4xZkO,TRUE,bullet,Black,black,1,3162,4,3166,2961,2025-09-28T11:41:13Z
Dotorkal,gFNFqMxj,TRUE,bullet,White,white,1,3157,5,3162,2967,2025-09-28T11:40:02Z
Dotorkal,Bm4Hxb1Q,TRUE,bullet,White,black,0,3173,-16,3157,2874,2025-09-28T11:38:38Z
skilledassassin04,JQQoGEXr,TRUE,bullet,Black,white,0,2930,-8,2922,2799,2025-10-15T23:25:30Z
skilledassassin04,14f0HSaP,TRUE,bullet,White,white,1,2927,3,2930,2739,2025-10-15T20:30:55Z
skilledassassin04,rhVcatx9,TRUE,bullet,Black,white,0,2931,-4,2927,3030,2025-10-15T20:28:18Z
skilledassassin04,4Oimc15l,TRUE,bullet,White,black,0,2938,-7,2931,2830,2025-10-15T20:25:48Z
skilledassassin04,FQeVjleP,TRUE,bullet,White,black,0,2946,-8,2938,2847,2025-10-15T20:23:20Z
skilledassassin04,Q2AnL2uO,TRUE,bullet,Black,black,1,2942,4,2946,2809,2025-10-15T20:20:26Z
skilledassassin04,3dCL7DLv,TRUE,bullet,White,black,0,2950,-8,2942,2801,2025-10-15T20:18:35Z
skilledassassin04,NK1bM0iB,TRUE,bullet,Black,white,0,2957,-7,2950,2849,2025-10-15T15:37:01Z
skilledassassin04,r5umGsyg,TRUE,bullet,White,white,1,2955,2,2957,2731,2025-10-15T15:34:49Z
skilledassassin04,XtNhOxBK,TRUE,bullet,Black,white,0,2963,-8,2955,2825,2025-10-15T15:32:07Z
skilledassassin04,Yh8snDAu,TRUE,bullet,Black,white,0,2967,-4,2963,3021,2025-10-15T15:29:21Z
skilledassassin04,Izy6F3t2,TRUE,bullet,White,black,0,2972,-5,2967,3016,2025-10-15T15:28:05Z
skilledassassin04,TlxBMUOV,TRUE,bullet,Black,white,0,2978,-6,2972,3011,2025-10-15T15:26:26Z
skilledassassin04,G8dLj34M,TRUE,bullet,White,black,0,2985,-7,2978,2857,2025-10-14T17:40:56Z
skilledassassin04,WQqgUXVV,TRUE,bullet,Black,NA,0.5,2987,-2,2985,2855,2025-10-14T17:39:15Z
ciw,tZCybiwh,TRUE,rapid,Black,black,1,2224,9,2233,2146,2025-08-12T18:16:25Z
ciw,8YPLPYjq,TRUE,rapid,Black,white,0,2238,-14,2224,2167,2025-08-09T10:13:55Z
ciw,jyL0o6Uf,TRUE,rapid,White,white,1,2230,8,2238,2240,2025-05-30T17:05:43Z
ciw,gJo9xQNa,TRUE,blitz,White,black,0,2075,-25,2050,1835,2025-05-29T16:14:21Z
ciw,a1M565u4,TRUE,bullet,Black,white,0,2094,-33,2061,2108,2025-05-29T16:00:01Z
ciw,65UXh2vQ,TRUE,rapid,White,white,1,2221,9,2230,2245,2025-05-24T15:37:53Z
ciw,zedUZzck,TRUE,rapid,White,white,1,2219,2,2221,1913,2025-05-18T16:42:35Z
ciw,mozjhHeq,TRUE,rapid,Black,NA,0.5,2225,-6,2219,1909,2025-05-18T16:33:05Z
ciw,3nRYdstO,TRUE,rapid,White,white,1,2222,3,2225,1910,2025-05-18T16:30:55Z
ciw,GjWAVL3i,TRUE,rapid,Black,black,1,2220,2,2222,1912,2025-05-18T16:26:56Z
ciw,7eeXky66,TRUE,rapid,White,black,0,2230,-10,2220,2149,2025-05-18T15:28:37Z
ciw,c1OFZaeC,TRUE,rapid,White,white,1,2227,3,2230,1957,2025-05-15T17:57:02Z
ciw,30qifKXo,TRUE,rapid,Black,black,1,2224,3,2227,1959,2025-05-15T17:46:49Z
ciw,x9jr4rJS,TRUE,rapid,White,white,1,2221,3,2224,1961,2025-05-15T17:34:08Z
ciw,QABqwVmu,TRUE,rapid,Black,black,1,2218,3,2221,1963,2025-05-15T17:21:56Z
OhNoMyBannedOpening,VITDhHzk,TRUE,rapid,White,white,1,1019,29,1048,1069,2025-10-14T07:37:09Z
OhNoMyBannedOpening,toAoi1oo,TRUE,rapid,White,black,0,1036,-17,1019,1171,2025-10-14T05:47:15Z
OhNoMyBannedOpening,TZZloaHR,TRUE,rapid,White,black,0,1037,-1,1036,2006,2025-10-13T23:34:44Z
OhNoMyBannedOpening,osO81Jxm,TRUE,rapid,Black,white,0,1037,0,1037,1903,2025-10-13T23:28:43Z
OhNoMyBannedOpening,bMSKJL1A,TRUE,bullet,White,white,1,2296,5,2301,2157,2025-10-13T20:47:02Z
OhNoMyBannedOpening,cv6PBoI1,TRUE,bullet,Black,black,1,2291,5,2296,2160,2025-10-13T20:46:32Z
OhNoMyBannedOpening,rTwHsGOt,TRUE,bullet,White,NA,0.5,2294,-3,2291,2158,2025-10-13T20:45:26Z
OhNoMyBannedOpening,HRvK2LXq,TRUE,bullet,Black,white,0,2305,-11,2294,2150,2025-10-13T20:44:23Z
OhNoMyBannedOpening,lxR5Ex0w,TRUE,bullet,White,white,1,2301,4,2305,2154,2025-10-13T20:43:24Z
OhNoMyBannedOpening,sR0SKUMx,TRUE,bullet,Black,black,1,2295,6,2301,2157,2025-10-13T20:42:25Z
OhNoMyBannedOpening,NodzxUOn,TRUE,bullet,White,white,1,2290,5,2295,2161,2025-10-13T20:41:24Z
OhNoMyBannedOpening,CgaAekgu,TRUE,bullet,Black,white,0,2302,-12,2290,2153,2025-10-13T20:40:15Z
OhNoMyBannedOpening,Trm9anRV,TRUE,bullet,White,white,1,2296,6,2302,2156,2025-10-13T20:39:54Z
OhNoMyBannedOpening,OXB2JTmR,TRUE,bullet,Black,NA,0.5,2300,-4,2296,2154,2025-10-13T20:39:02Z
OhNoMyBannedOpening,bCT2jojN,TRUE,bullet,White,white,1,2294,6,2300,2158,2025-10-13T20:38:00Z
josevalencia0698,mk4DLb4R,TRUE,bullet,White,white,1,2852,5,2857,2787,2025-10-15T15:23:08Z
josevalencia0698,KbecHUrx,TRUE,bullet,Black,NA,0.5,2854,-2,2852,2786,2025-10-15T15:20:55Z
josevalencia0698,rM7Et0jG,TRUE,bullet,White,NA,0.5,2855,-1,2854,2785,2025-10-15T15:18:54Z
josevalencia0698,tqXPqQhr,TRUE,bullet,Black,white,0,2862,-7,2855,2778,2025-10-15T15:17:41Z
josevalencia0698,SYrKnEGO,TRUE,bullet,White,black,0,2869,-7,2862,2770,2025-10-15T15:15:44Z
josevalencia0698,f2hzuanD,TRUE,bullet,Black,white,0,2876,-7,2869,2763,2025-10-15T15:13:18Z
josevalencia0698,qBO9Plo0,TRUE,bullet,White,black,0,2884,-8,2876,2755,2025-10-15T15:12:06Z
josevalencia0698,Usv23NME,TRUE,bullet,Black,white,0,2893,-9,2884,2696,2025-10-15T15:09:59Z
josevalencia0698,i2RKgtNQ,TRUE,bullet,White,white,1,2890,3,2893,2699,2025-10-15T15:08:17Z
josevalencia0698,tvSQFRi6,TRUE,bullet,Black,black,1,2887,3,2890,2702,2025-10-15T15:06:14Z
josevalencia0698,YCKq6wNP,TRUE,bullet,White,white,1,2884,3,2887,2705,2025-10-15T15:04:05Z
josevalencia0698,xDZe8WXB,TRUE,bullet,Black,black,1,2881,3,2884,2708,2025-10-15T15:03:27Z
josevalencia0698,U2r9Af9W,TRUE,bullet,White,white,1,2877,4,2881,2711,2025-10-15T15:02:32Z
josevalencia0698,IqcJX7ZC,TRUE,bullet,Black,black,1,2874,3,2877,2714,2025-10-15T15:00:56Z
josevalencia0698,eWcMXZhy,TRUE,bullet,Black,black,1,2869,5,2874,2802,2025-10-15T14:58:06Z
xz_reshai,5vgZxxby,TRUE,bullet,Black,white,0,862,-45,817,913,2025-09-05T14:49:59Z
xz_reshai,Ugdb3eEk,TRUE,blitz,White,white,1,2067,31,2098,1837,2025-08-23T18:21:33Z
xz_reshai,vbElGAFb,TRUE,blitz,White,white,1,2048,19,2067,1681,2025-08-23T17:54:50Z
xz_reshai,1GpIkjLy,TRUE,blitz,Black,NA,0.5,2105,-57,2048,1856,2025-08-23T17:32:08Z
xz_reshai,hTqjLXPo,TRUE,blitz,Black,black,1,1950,155,2105,2107,2025-08-23T17:09:56Z
xz_reshai,TyLX4mhI,TRUE,blitz,White,white,1,1749,201,1950,1877,2025-08-23T17:06:47Z
xz_reshai,2Pniyfiz,TRUE,blitz,Black,black,1,1500,249,1749,1529,2025-08-23T17:00:14Z
xz_reshai,8GwZhND4,TRUE,bullet,Black,white,0,934,-72,862,855,2025-08-19T11:36:52Z
xz_reshai,nZ9QEzci,TRUE,bullet,White,black,0,985,-51,934,1083,2025-08-19T11:35:03Z
xz_reshai,1GohHfao,TRUE,bullet,Black,white,0,1039,-54,985,1175,2025-08-19T11:33:58Z
xz_reshai,uCVbqRAm,TRUE,bullet,White,black,0,1195,-156,1039,1035,2025-08-19T11:32:36Z
xz_reshai,vZyhev8b,TRUE,bullet,Black,white,0,1320,-125,1195,1371,2025-08-19T11:31:19Z
xz_reshai,s3I4p650,TRUE,bullet,White,black,0,1500,-180,1320,1599,2025-08-19T11:29:13Z
ivan124,usswfSZa,TRUE,blitz,White,NA,0.5,2806,-4,2802,2582,2025-10-15T19:03:28Z
ivan124,UOfOy3z9,TRUE,blitz,Black,black,1,2803,3,2806,2585,2025-10-15T18:57:21Z
ivan124,BjbtjAWN,TRUE,blitz,White,white,1,2799,4,2803,2677,2025-10-15T13:27:40Z
ivan124,uDiiNyGh,TRUE,blitz,White,NA,0.5,2800,-1,2799,2700,2025-10-15T13:21:21Z
ivan124,ctb2C8qG,TRUE,blitz,Black,black,1,2798,2,2800,2576,2025-10-15T13:19:41Z
ivan124,gyjATZL0,TRUE,blitz,Black,white,0,2795,-2,2793,3003,2025-10-04T10:46:13Z
ivan124,5kwK8Dmd,TRUE,blitz,White,black,0,2798,-3,2795,3000,2025-10-04T10:42:42Z
ivan124,UANYaJJF,TRUE,blitz,White,white,1,2791,7,2798,2908,2025-10-02T09:19:38Z
ivan124,twZWPqAv,TRUE,blitz,Black,white,0,2795,-4,2791,2888,2025-10-02T09:13:26Z
ivan124,IGIE6XeB,TRUE,blitz,White,black,0,2800,-5,2795,2865,2025-10-02T09:07:51Z
ivan124,kPDEPDmh,TRUE,blitz,Black,black,1,2792,8,2800,2957,2025-09-27T18:47:58Z
ivan124,7xS9gQ1W,TRUE,blitz,White,white,1,2783,9,2792,2965,2025-09-27T18:43:35Z
ivan124,Ajkik38u,TRUE,blitz,Black,NA,0.5,2780,3,2783,2968,2025-09-27T18:37:34Z
ivan124,tgX5T01d,TRUE,blitz,Black,black,1,2777,3,2780,2635,2025-09-27T16:41:52Z
ivan124,qrQWUAEO,TRUE,blitz,White,black,0,2785,-8,2777,2627,2025-09-27T16:37:50Z
Dvinik63,wYrXeRmn,TRUE,blitz,Black,white,0,2539,-43,2496,2626,2025-10-15T13:56:53Z
Dvinik63,3You2XGD,TRUE,bullet,White,black,0,3080,-12,3068,2921,2025-10-14T19:45:25Z
Dvinik63,Cc8EJCfG,TRUE,bullet,Black,black,1,3075,5,3080,2924,2025-10-14T19:43:57Z
Dvinik63,zzz5ibeK,TRUE,bullet,White,white,1,3069,6,3075,2927,2025-10-14T19:42:09Z
Dvinik63,rr6zJyun,TRUE,bullet,Black,black,1,3063,6,3069,2931,2025-10-14T19:40:09Z
Dvinik63,5wAa6OXR,TRUE,bullet,White,black,0,3076,-13,3063,2923,2025-10-14T19:38:32Z
Dvinik63,VYkw4Lx4,TRUE,bullet,Black,black,1,3070,6,3076,2926,2025-10-14T19:37:11Z
Dvinik63,QOlFuXv8,TRUE,bullet,White,white,1,3064,6,3070,2930,2025-10-14T19:36:48Z
Dvinik63,OVDmlvS7,TRUE,bullet,Black,white,0,3078,-14,3064,2922,2025-10-14T19:35:36Z
Dvinik63,a8TagC4D,TRUE,bullet,White,white,1,3072,6,3078,2925,2025-10-14T19:33:23Z
Dvinik63,TExH2J9t,TRUE,bullet,Black,black,1,3065,7,3072,2929,2025-10-14T19:31:13Z
Dvinik63,UkiTcjlK,TRUE,bullet,White,white,1,3061,4,3065,2838,2025-10-14T19:29:56Z
Dvinik63,gdCOP3Zg,TRUE,bullet,White,black,0,3073,-12,3061,2745,2025-08-19T14:55:24Z
Dvinik63,ol3c989g,TRUE,bullet,Black,white,0,3079,-6,3073,3033,2025-07-29T18:49:17Z
Dvinik63,GWO7eeOF,TRUE,bullet,White,white,1,3074,5,3079,3038,2025-07-29T18:47:37Z
Loopy23,FLIoZYyk,TRUE,blitz,Black,black,1,2315,8,2323,2408,2025-10-03T15:53:21Z
Loopy23,AdIkuweI,TRUE,blitz,White,black,0,2321,-6,2315,2366,2025-10-03T15:46:12Z
Loopy23,jhEtb5hI,TRUE,blitz,White,white,1,2313,8,2321,2328,2025-10-03T15:35:04Z
Loopy23,sRLKfpt1,TRUE,blitz,Black,white,0,2319,-6,2313,2416,2025-10-03T15:26:10Z
Loopy23,ffZyudmO,TRUE,blitz,White,white,1,2311,8,2319,2321,2025-10-02T13:38:35Z
Loopy23,dt16Bh4s,TRUE,blitz,White,white,1,2304,7,2311,2287,2025-10-02T13:15:58Z
Loopy23,mnZjUNJT,TRUE,blitz,Black,NA,0.5,2302,2,2304,2401,2025-10-02T13:06:16Z
Loopy23,yhjpJgtS,TRUE,blitz,Black,white,0,2310,-8,2302,2301,2025-10-02T12:55:55Z
Loopy23,ewMsZK6f,TRUE,blitz,Black,white,0,2318,-8,2310,2303,2025-10-02T12:46:54Z
Loopy23,UzmVGTDo,TRUE,blitz,Black,white,0,2325,-7,2318,2354,2025-10-02T12:36:34Z
Loopy23,r0yk6vaN,TRUE,blitz,White,white,1,2317,8,2325,2333,2025-09-29T15:36:51Z
Loopy23,UuCFydvF,TRUE,blitz,White,black,0,2324,-7,2317,2384,2025-09-29T15:03:14Z
Loopy23,FegmevLF,TRUE,blitz,Black,black,1,2316,8,2324,2291,2025-09-29T14:57:59Z
Loopy23,Z7YEIkuF,TRUE,blitz,White,white,1,2309,7,2316,2305,2025-09-23T16:19:12Z
Loopy23,lwxXF2Xk,TRUE,blitz,Black,black,1,2301,8,2309,2311,2025-09-23T16:10:23Z
unjournakamura,6uj9xQpo,TRUE,blitz,Black,black,1,2404,12,2416,2441,2025-10-13T18:25:32Z
unjournakamura,UNHt04SZ,TRUE,blitz,White,white,1,2391,13,2404,2482,2025-10-13T18:15:04Z
unjournakamura,VE8DnfI1,TRUE,blitz,Black,white,0,2403,-12,2391,2372,2025-10-13T18:04:57Z
unjournakamura,OjqhbTbL,TRUE,blitz,White,white,1,2390,13,2403,2422,2025-10-13T17:48:44Z
unjournakamura,GLzSQbrI,TRUE,blitz,Black,black,1,2383,7,2390,2248,2025-10-13T17:37:22Z
unjournakamura,whF2Q8Yh,TRUE,blitz,White,white,1,2375,8,2383,2248,2025-10-13T17:27:27Z
unjournakamura,ZVAHNJY8,TRUE,blitz,Black,NA,0.5,2372,3,2375,2431,2025-10-13T14:41:59Z
unjournakamura,NDHeM4S8,TRUE,blitz,Black,black,1,2365,7,2372,2207,2025-10-13T14:38:03Z
unjournakamura,Wrgvl6B3,TRUE,blitz,White,white,1,2354,11,2365,2291,2025-10-13T11:10:51Z
unjournakamura,p3uwD9mB,TRUE,blitz,Black,black,1,2341,13,2354,2305,2025-10-13T11:02:26Z
unjournakamura,77wIOXoS,TRUE,blitz,Black,white,0,2363,-22,2341,2178,2025-10-13T10:52:35Z
unjournakamura,vmzXBxUZ,TRUE,blitz,White,black,0,2386,-23,2363,2169,2025-10-13T10:43:13Z
unjournakamura,EbK71sy0,TRUE,rapid,Black,black,1,2417,8,2425,2277,2025-10-12T17:17:36Z
unjournakamura,h3vs9LWT,TRUE,rapid,White,NA,0.5,2422,-5,2417,2274,2025-10-12T17:01:07Z
unjournakamura,n5jZSFDw,TRUE,blitz,Black,black,1,2377,9,2386,2228,2025-10-09T18:19:21Z
andy2342,hhmbr1wN,TRUE,blitz,Black,black,1,2583,0,2583,1689,2025-10-15T07:49:24Z
andy2342,NbVp0HuI,TRUE,blitz,Black,black,1,2583,0,2583,1689,2025-10-15T07:39:26Z
andy2342,XhEnVC0D,TRUE,blitz,Black,black,1,2583,0,2583,1689,2025-10-15T07:33:15Z
andy2342,cd9r2tM1,TRUE,blitz,White,white,1,2583,0,2583,1689,2025-10-15T07:24:47Z
andy2342,RkZnCPUs,TRUE,blitz,Black,black,1,2583,0,2583,1689,2025-10-15T07:20:53Z
andy2342,SVaUw3Tn,TRUE,blitz,White,white,1,2583,0,2583,1689,2025-10-15T07:11:51Z
andy2342,khG23zWe,TRUE,blitz,Black,NA,0.5,2583,0,2583,2580,2025-10-14T20:36:12Z
andy2342,w0GCJ2Gv,TRUE,blitz,White,black,0,2588,-5,2583,2641,2025-10-14T20:28:41Z
andy2342,K1S8dBrd,TRUE,blitz,White,white,1,2588,0,2588,1497,2025-10-14T14:34:35Z
andy2342,v47Jh73S,TRUE,blitz,Black,black,1,2587,1,2588,1500,2025-10-14T14:21:58Z
andy2342,cZw5hdbq,TRUE,blitz,White,white,1,2584,3,2587,2407,2025-10-14T12:43:21Z
andy2342,KhfErAX7,TRUE,blitz,White,black,0,2590,-6,2584,2583,2025-10-14T12:36:32Z
andy2342,6guILqpU,TRUE,blitz,Black,black,1,2587,3,2590,2430,2025-10-14T12:29:55Z
andy2342,e1FCcktw,TRUE,blitz,Black,black,1,2582,5,2587,2540,2025-10-14T11:28:26Z
andy2342,QJbmW6TS,TRUE,blitz,White,white,1,2576,6,2582,2601,2025-10-13T22:21:36Z
ShlokyDas,CjoxQkis,TRUE,rapid,Black,black,1,2382,4,2386,2279,2025-10-15T18:10:25Z
ShlokyDas,OGVP6Yuy,TRUE,rapid,Black,black,1,2377,5,2382,2232,2025-10-15T18:05:47Z
ShlokyDas,ZAIFhfOM,TRUE,rapid,Black,white,0,2385,-8,2377,2334,2025-10-15T17:56:03Z
ShlokyDas,tYQFvFfl,TRUE,rapid,White,white,1,2381,4,2385,2229,2025-10-15T17:37:44Z
ShlokyDas,1flMRHxn,TRUE,rapid,White,white,1,2376,5,2381,2275,2025-10-15T17:17:11Z
ShlokyDas,KsxdjA7J,TRUE,rapid,Black,black,1,2369,7,2376,2340,2025-10-15T11:02:53Z
ShlokyDas,bx98rZ6H,TRUE,rapid,White,black,0,2374,-5,2369,2482,2025-10-15T10:46:54Z
ShlokyDas,SCBOtIkC,TRUE,rapid,Black,white,0,2379,-5,2374,2490,2025-10-15T10:24:20Z
ShlokyDas,woPLqB90,TRUE,rapid,White,white,1,2369,10,2379,2454,2025-10-15T10:10:10Z
ShlokyDas,JpTdQArO,TRUE,rapid,Black,white,0,2381,-12,2369,2210,2025-10-15T09:50:54Z
ShlokyDas,KVyqi2fw,TRUE,rapid,White,white,1,2375,6,2381,2268,2025-10-15T09:35:13Z
ShlokyDas,t19w5KFu,TRUE,rapid,Black,white,0,2385,-10,2375,2320,2025-10-15T09:24:23Z
ShlokyDas,S9MWXB2y,TRUE,rapid,Black,white,0,2393,-8,2385,2406,2025-10-15T09:07:18Z
ShlokyDas,OK5noPoc,TRUE,rapid,Black,white,0,2402,-9,2393,2405,2025-10-14T12:50:00Z
ShlokyDas,ybeDhyyY,TRUE,rapid,White,black,0,2412,-10,2402,2372,2025-10-14T12:27:05Z
tavishsingh,JoLtkFCA,TRUE,bullet,Black,white,0,2276,-4,2272,2449,2025-10-15T11:12:59Z
tavishsingh,aluBGluo,TRUE,bullet,White,white,1,2275,1,2276,1579,2025-10-15T11:12:02Z
tavishsingh,r83o3q92,TRUE,bullet,Black,black,1,2273,2,2275,2041,2025-10-15T11:10:29Z
tavishsingh,y8YwDylp,TRUE,bullet,Black,white,0,2279,-6,2273,2279,2025-10-15T11:08:56Z
tavishsingh,RZ0PzOHd,TRUE,bullet,Black,black,1,2272,7,2279,2349,2025-10-15T11:07:46Z
tavishsingh,BLmgSxPE,TRUE,bullet,White,white,1,2269,3,2272,2066,2025-10-15T11:07:03Z
tavishsingh,w6ZkPzp1,TRUE,bullet,White,white,1,2267,2,2269,1994,2025-10-15T11:05:47Z
tavishsingh,A2P28XVN,TRUE,bullet,Black,black,1,2264,3,2267,2072,2025-10-15T11:05:33Z
tavishsingh,2YB8P96f,TRUE,bullet,White,white,1,2255,9,2264,2476,2025-10-15T11:03:52Z
tavishsingh,4HkLarBG,TRUE,bullet,Black,black,1,2254,1,2255,1849,2025-10-15T11:02:20Z
tavishsingh,k7WFADgD,TRUE,bullet,White,black,0,2260,-6,2254,2214,2025-10-15T11:00:32Z
tavishsingh,vcMAGHqW,TRUE,bullet,Black,black,1,2254,6,2260,2273,2025-10-15T10:28:12Z
tavishsingh,Ies6Z5uj,TRUE,bullet,Black,black,1,2253,1,2254,1907,2025-10-14T14:54:21Z
tavishsingh,3DtYyqWc,TRUE,bullet,White,black,0,2262,-9,2253,2018,2025-10-14T14:51:56Z
tavishsingh,cH1iY7J8,TRUE,bullet,Black,white,0,2272,-10,2262,1893,2025-10-14T14:50:28Z
chess-art-us,ApOYeOfB,TRUE,bullet,White,black,0,3190,-9,3181,3012,2025-10-14T20:20:10Z
chess-art-us,xfqeuhvo,TRUE,bullet,White,white,1,3188,2,3190,2900,2025-10-13T17:48:26Z
chess-art-us,HT5jTWCi,TRUE,bullet,Black,black,1,3186,2,3188,2902,2025-10-13T17:47:06Z
chess-art-us,PIMuhifl,TRUE,bullet,White,black,0,3196,-10,3186,2892,2025-10-13T17:45:43Z
chess-art-us,DX3kWkNH,TRUE,bullet,Black,black,1,3194,2,3196,2894,2025-10-13T17:44:58Z
chess-art-us,4ySv2Hnm,TRUE,bullet,White,white,1,3192,2,3194,2896,2025-10-13T17:42:55Z
chess-art-us,GZp8PULq,TRUE,bullet,Black,black,1,3190,2,3192,2897,2025-10-13T17:41:39Z
chess-art-us,DVYJU1yI,TRUE,bullet,White,white,1,3188,2,3190,2899,2025-10-13T17:39:47Z
chess-art-us,L2Md33uD,TRUE,bullet,Black,black,1,3186,2,3188,2901,2025-10-13T17:38:24Z
chess-art-us,rM3k8dFC,TRUE,bullet,White,white,1,3184,2,3186,2903,2025-10-13T17:37:28Z
chess-art-us,AzonwxIm,TRUE,bullet,Black,black,1,3182,2,3184,2905,2025-10-13T17:36:33Z
chess-art-us,Fwj1m7fy,TRUE,bullet,White,white,1,3180,2,3182,2907,2025-10-13T17:36:11Z
chess-art-us,bsQDbWbv,TRUE,bullet,Black,black,1,3178,2,3180,2909,2025-10-13T17:35:06Z
chess-art-us,hJNninst,TRUE,bullet,White,NA,0.5,3182,-4,3178,2905,2025-10-13T17:33:39Z
chess-art-us,ahSZxXqJ,TRUE,bullet,Black,black,1,3180,2,3182,2907,2025-10-13T17:32:16Z
Timofey03112010,zONNe7Cx,TRUE,bullet,Black,black,1,1993,12,2005,1994,2025-10-11T18:48:54Z
Timofey03112010,ZHZPCr05,TRUE,bullet,Black,black,1,1980,13,1993,2001,2025-10-11T18:46:43Z
Timofey03112010,sgLF2ZOZ,TRUE,bullet,White,black,0,1993,-13,1980,1976,2025-10-11T18:44:12Z
Timofey03112010,SSrMrlDL,TRUE,bullet,Black,white,0,1998,-5,1993,2248,2025-10-11T18:43:04Z
Timofey03112010,qq83TDiT,TRUE,bullet,Black,black,1,1975,23,1998,2293,2025-10-11T18:41:39Z
Timofey03112010,Fq1ZigOk,TRUE,bullet,Black,NA,0.5,1976,-1,1975,1956,2025-10-02T17:49:15Z
Timofey03112010,JUWGumZX,TRUE,bullet,White,white,1,1964,12,1976,1965,2025-10-02T17:47:20Z
Timofey03112010,iJjbkTJI,TRUE,blitz,Black,white,0,1847,-21,1826,1347,2025-10-01T17:27:45Z
Timofey03112010,H1B3nrLZ,TRUE,blitz,White,white,1,1844,3,1847,1539,2025-10-01T17:19:08Z
Timofey03112010,GiLFpPjU,TRUE,bullet,White,white,1,1950,14,1964,1981,2025-09-30T17:19:10Z
Timofey03112010,62Y5rzWN,TRUE,blitz,White,black,0,1854,-10,1844,1879,2025-09-28T10:42:17Z
Timofey03112010,ekyuJ1qZ,TRUE,blitz,Black,black,1,1843,11,1854,1842,2025-09-28T10:38:38Z
Timofey03112010,1GNGZjBo,TRUE,blitz,White,white,1,1830,13,1843,1829,2025-09-28T10:23:59Z
Timofey03112010,KIQ4fzwf,TRUE,blitz,Black,white,0,1844,-14,1830,1823,2025-09-28T10:18:23Z
Timofey03112010,tLp6KrmY,TRUE,blitz,White,white,1,1831,13,1844,1829,2025-09-28T10:14:30Z
PelagicPorpoise,fPGc0oKn,TRUE,blitz,Black,black,1,1535,15,1550,1546,2024-01-22T06:10:09Z
PelagicPorpoise,nnBl1KcN,TRUE,blitz,White,black,0,1550,-15,1535,1550,2024-01-22T06:03:49Z
PelagicPorpoise,y3JsxT4G,TRUE,bullet,Black,black,1,1692,8,1700,1692,2024-01-21T08:49:54Z
PelagicPorpoise,BTud1gqc,TRUE,bullet,White,black,0,1699,-7,1692,1743,2024-01-21T08:47:33Z
PelagicPorpoise,JiLHe8Z3,TRUE,bullet,Black,black,1,1690,9,1699,1698,2024-01-21T08:45:09Z
PelagicPorpoise,G3QTRTgY,TRUE,bullet,Black,black,1,1682,8,1690,1666,2024-01-21T08:44:33Z
PelagicPorpoise,f65DVkSP,TRUE,bullet,White,black,0,1691,-9,1682,1683,2024-01-21T08:42:41Z
PelagicPorpoise,ARV2RxPp,TRUE,bullet,White,white,1,1683,8,1691,1651,2024-01-21T08:41:30Z
PelagicPorpoise,z1J2fL47,TRUE,bullet,White,white,1,1674,9,1683,1661,2024-01-21T08:39:14Z
PelagicPorpoise,qs94fGZp,TRUE,bullet,Black,black,1,1664,10,1674,1672,2024-01-21T08:37:51Z
PelagicPorpoise,uS1myTe5,TRUE,bullet,Black,black,1,1655,9,1664,1665,2024-01-21T08:35:20Z
PelagicPorpoise,waW2wmzI,TRUE,bullet,Black,white,0,1664,-9,1655,1661,2024-01-21T08:33:03Z
PelagicPorpoise,iZJH55VE,TRUE,bullet,White,white,1,1655,9,1664,1642,2024-01-21T08:30:39Z
PelagicPorpoise,D2lowMbs,TRUE,bullet,White,white,1,1643,12,1655,1680,2024-01-21T08:28:31Z
PelagicPorpoise,RCQkf6rG,TRUE,bullet,Black,black,1,1632,11,1643,1647,2024-01-21T08:26:07Z
elconceto,w4W5vKYo,TRUE,blitz,White,white,1,2856,2,2858,2602,2025-10-15T05:04:44Z
elconceto,Ag923Mj4,TRUE,blitz,White,white,1,2854,2,2856,2593,2025-10-15T05:00:00Z
elconceto,jnUTBcMP,TRUE,blitz,Black,white,0,2862,-8,2854,2731,2025-10-15T04:55:32Z
elconceto,JkRgmh4W,TRUE,blitz,White,white,1,2858,4,2862,2735,2025-10-15T04:48:55Z
elconceto,OcKRtFby,TRUE,bullet,White,white,1,3024,6,3030,2943,2025-10-14T19:52:04Z
elconceto,Es0k731x,TRUE,blitz,White,white,1,2855,3,2858,2653,2025-10-14T18:28:09Z
elconceto,ATYZ01XI,TRUE,blitz,Black,black,1,2852,3,2855,2656,2025-10-14T18:26:00Z
elconceto,EsSZWpZF,TRUE,blitz,Black,black,1,2850,2,2852,2572,2025-10-14T17:48:43Z
elconceto,gh2Ak2GI,TRUE,blitz,White,NA,0.5,2854,-4,2850,2568,2025-10-14T17:44:43Z
elconceto,zfZWMiSA,TRUE,blitz,Black,black,1,2852,2,2854,2612,2025-10-14T15:05:59Z
elconceto,WrBJRyq4,TRUE,bullet,White,white,1,3020,4,3024,2863,2025-10-14T15:04:48Z
elconceto,Dvg6VFA5,TRUE,blitz,Black,white,0,2857,-5,2852,2914,2025-10-14T14:59:05Z
elconceto,70fA7YJP,TRUE,blitz,White,black,0,2862,-5,2857,2909,2025-10-14T14:55:00Z
elconceto,c0ii6B2t,TRUE,blitz,Black,white,0,2867,-5,2862,2904,2025-10-14T14:50:18Z
elconceto,gyCX1jLg,TRUE,blitz,Black,black,1,2865,2,2867,2613,2025-10-13T17:30:06Z
nahsrav,xgSnhC7A,TRUE,bullet,White,black,0,2579,-17,2562,2454,2025-10-12T10:28:28Z
nahsrav,GLvzp9Kv,TRUE,bullet,White,white,1,2559,20,2579,2757,2025-10-09T07:16:45Z
nahsrav,sjPQNJBi,TRUE,bullet,Black,white,0,2566,-7,2559,2754,2025-10-09T07:15:20Z
nahsrav,ueUgQDjC,TRUE,bullet,White,black,0,2573,-7,2566,2751,2025-10-09T07:13:54Z
nahsrav,YKUzKfIz,TRUE,bullet,White,black,0,2581,-8,2573,2723,2025-10-08T07:48:57Z
nahsrav,6XLlzrsZ,TRUE,bullet,White,black,0,2591,-10,2581,2715,2025-10-08T07:41:38Z
nahsrav,9nFee3km,TRUE,bullet,Black,white,0,2601,-10,2591,2706,2025-10-08T07:40:05Z
nahsrav,FyaEH6Fi,TRUE,bullet,Black,black,1,2579,22,2601,2772,2025-10-02T10:59:21Z
nahsrav,PFqxFhms,TRUE,blitz,Black,white,0,2398,-17,2381,2559,2025-10-02T10:34:06Z
nahsrav,4pyp1NOY,TRUE,bullet,Black,white,0,2594,-15,2579,2576,2025-10-01T14:25:58Z
nahsrav,ftMhPcFS,TRUE,bullet,White,white,1,2579,15,2594,2579,2025-10-01T14:22:47Z
nahsrav,KUicKEq7,TRUE,blitz,White,white,1,2365,33,2398,2382,2025-09-30T08:40:12Z
nahsrav,2oVSmy18,TRUE,blitz,Black,black,1,2332,33,2365,2316,2025-09-30T08:29:30Z
nahsrav,RdQ5B7Vd,TRUE,bullet,Black,white,0,2595,-16,2579,1500,2025-09-28T14:28:02Z
nahsrav,SP7LCCn2,TRUE,bullet,White,white,1,2582,13,2595,2575,2025-09-14T14:10:42Z
ESTEBANCERNA2013,HlA9bMzQ,TRUE,bullet,White,black,0,1729,-33,1696,1706,2025-10-16T00:02:53Z
ESTEBANCERNA2013,ZAAPQkTJ,TRUE,bullet,Black,white,0,1763,-34,1729,1757,2025-10-15T23:57:52Z
ESTEBANCERNA2013,jME20jSV,TRUE,bullet,White,black,0,1779,-16,1763,1982,2025-09-21T00:44:45Z
ESTEBANCERNA2013,GPwUwOGj,TRUE,bullet,Black,white,0,1793,-14,1779,2029,2025-09-18T22:08:01Z
ESTEBANCERNA2013,AZ1PN0sO,TRUE,bullet,White,white,1,1722,71,1793,2155,2025-09-18T22:07:00Z
ESTEBANCERNA2013,LVtYrlLi,TRUE,bullet,Black,white,0,1738,-16,1722,1979,2025-09-18T22:05:28Z
ESTEBANCERNA2013,qhHnU4An,TRUE,bullet,White,white,1,1686,52,1738,1758,2025-09-18T22:03:40Z
ESTEBANCERNA2013,ZOYVhA4O,TRUE,bullet,White,white,1,1630,56,1686,1686,2025-09-18T22:02:08Z
ESTEBANCERNA2013,ubZtInND,TRUE,bullet,Black,black,1,1599,31,1630,1628,2025-03-16T20:27:11Z
ESTEBANCERNA2013,Rzb1jE5R,TRUE,bullet,Black,black,1,1570,29,1599,1561,2025-03-07T20:28:20Z
ESTEBANCERNA2013,T4xotbdS,TRUE,bullet,White,black,0,1600,-30,1570,1602,2025-02-26T22:58:32Z
ESTEBANCERNA2013,6QfN2o89,TRUE,classical,White,black,0,1745,-209,1536,1725,2025-02-17T22:21:57Z
ESTEBANCERNA2013,NrWXaOZq,TRUE,classical,Black,black,1,1500,245,1745,1500,2025-02-17T22:03:20Z
ESTEBANCERNA2013,HgS9xgR1,TRUE,bullet,White,white,1,1569,31,1600,1569,2025-02-07T22:12:26Z
ESTEBANCERNA2013,i2rzMBeo,TRUE,bullet,Black,white,0,1604,-35,1569,1594,2025-02-07T22:09:59Z
FeegLood,5ZycnNOX,TRUE,blitz,Black,white,0,2864,-12,2852,2422,2025-10-09T19:29:23Z
FeegLood,QRnYREGo,TRUE,blitz,White,white,1,2863,1,2864,2501,2025-10-09T19:24:46Z
FeegLood,i305DnYf,TRUE,blitz,Black,black,1,2862,1,2863,2298,2025-10-09T19:21:56Z
FeegLood,pmmCLgzA,TRUE,blitz,White,white,1,2862,0,2862,2294,2025-10-09T19:16:49Z
FeegLood,dJaaT0tA,TRUE,blitz,Black,black,1,2861,1,2862,2250,2025-10-09T19:15:54Z
FeegLood,hkMTNsUG,TRUE,blitz,White,white,1,2861,0,2861,1954,2025-10-09T19:14:30Z
FeegLood,q83pQBOb,TRUE,blitz,Black,black,1,2861,0,2861,2308,2025-10-09T19:11:22Z
FeegLood,Mkoiokgb,TRUE,blitz,Black,black,1,2860,1,2861,2309,2025-10-09T19:07:17Z
FeegLood,ygnleUes,TRUE,blitz,White,white,1,2860,0,2860,1702,2025-10-09T19:05:24Z
FeegLood,NYXAIUH0,TRUE,blitz,Black,black,1,2860,0,2860,1903,2025-10-09T19:03:10Z
FeegLood,UiOhg1QR,TRUE,blitz,White,white,1,2858,2,2860,2503,2025-10-09T18:58:07Z
FeegLood,gIdyeXRW,TRUE,blitz,White,white,1,2858,0,2858,2401,2025-10-07T18:18:15Z
FeegLood,QTKVRnO4,TRUE,blitz,Black,white,0,2870,-12,2858,2390,2025-10-07T18:11:44Z
FeegLood,rdaPi2Jh,TRUE,blitz,White,black,0,2880,-10,2870,2612,2025-09-20T21:56:35Z
FeegLood,zntOmvtF,TRUE,blitz,Black,black,1,2877,3,2880,2678,2025-09-20T21:55:28Z
Nosporchess,JkfIq0By,TRUE,bullet,White,black,0,2640,-6,2634,2599,2025-10-15T17:53:23Z
Nosporchess,0q6oNlsV,TRUE,bullet,White,white,1,2635,5,2640,2600,2025-10-15T17:52:41Z
Nosporchess,afmObmZL,TRUE,bullet,White,white,1,2630,5,2635,2596,2025-10-15T17:50:36Z
Nosporchess,BKhcski8,TRUE,bullet,Black,black,1,2625,5,2630,2579,2025-10-15T17:48:24Z
Nosporchess,rW3jpYtg,TRUE,bullet,Black,black,1,2618,7,2625,2699,2025-10-15T17:46:02Z
Nosporchess,LtaMfcUb,TRUE,bullet,White,black,0,2625,-7,2618,2570,2025-10-15T17:43:18Z
Nosporchess,XleMwXGL,TRUE,bullet,Black,black,1,2621,4,2625,2454,2025-10-15T17:40:49Z
Nosporchess,siLFjW69,TRUE,classical,White,black,0,2289,-10,2279,2288,2025-10-14T18:11:26Z
Nosporchess,e2r12q8x,TRUE,blitz,White,white,1,2403,4,2407,2283,2025-10-14T08:33:52Z
Nosporchess,SiaKKXrh,TRUE,blitz,Black,white,0,2408,-5,2403,2433,2025-10-14T08:25:02Z
Nosporchess,5SOwueCG,TRUE,classical,Black,black,1,2280,9,2289,2246,2025-10-13T21:21:40Z
Nosporchess,dFfTljVS,TRUE,blitz,White,white,1,2404,4,2408,2312,2025-10-13T07:50:34Z
Nosporchess,3VG8ZV7C,TRUE,blitz,Black,white,0,2410,-6,2404,2390,2025-10-13T07:38:01Z
Nosporchess,Qq2qW329,TRUE,blitz,Black,white,0,2415,-5,2410,2462,2025-10-13T07:29:54Z
Nosporchess,USsoD62E,TRUE,bullet,White,NA,0.5,2622,-1,2621,2556,2025-10-12T20:54:44Z
grogers,bnN4r2Ix,TRUE,blitz,White,black,0,1636,-6,1630,1656,2025-10-14T17:56:52Z
grogers,kyjURguV,TRUE,blitz,Black,black,1,1630,6,1636,1644,2025-10-14T17:50:26Z
grogers,uft5Xfqj,TRUE,blitz,White,white,1,1623,7,1630,1649,2025-10-13T21:12:00Z
grogers,EoK0vbUE,TRUE,blitz,Black,white,0,1629,-6,1623,1653,2025-10-13T21:08:22Z
grogers,HStxkthk,TRUE,blitz,Black,black,1,1622,7,1629,1666,2025-10-13T20:58:44Z
grogers,gQjjeYpK,TRUE,blitz,White,black,0,1629,-7,1622,1590,2025-10-13T20:56:58Z
grogers,QMMcSDVZ,TRUE,blitz,White,white,1,1624,5,1629,1541,2025-10-13T20:51:00Z
grogers,WSrs0ntz,TRUE,blitz,White,black,0,1630,-6,1624,1626,2025-10-13T20:44:33Z
grogers,ZrklCpfK,TRUE,blitz,Black,white,0,1635,-5,1630,1690,2025-10-13T20:37:47Z
grogers,ryPvBHw5,TRUE,blitz,White,black,0,1640,-5,1635,1669,2025-10-13T20:33:47Z
grogers,Zxznyl0A,TRUE,blitz,Black,white,0,1646,-6,1640,1644,2025-10-13T19:10:58Z
grogers,LDwB3gVP,TRUE,blitz,Black,white,0,1651,-5,1646,1653,2025-10-13T16:42:03Z
grogers,GvUiOxoQ,TRUE,blitz,White,white,1,1646,5,1651,1638,2025-10-13T16:34:20Z
grogers,yAIXacTQ,TRUE,blitz,Black,NA,0.5,1646,0,1646,1632,2025-10-13T16:10:20Z
grogers,WJYC7QVt,TRUE,blitz,White,black,0,1652,-6,1646,1654,2025-10-13T16:04:46Z
Sniper_King_55_58_2,oMaaNS9n,TRUE,bullet,White,white,1,2134,44,2178,2105,2025-10-10T10:04:29Z
Sniper_King_55_58_2,ZlO45cVV,TRUE,bullet,Black,black,1,2081,53,2134,2064,2025-10-10T10:01:11Z
Sniper_King_55_58_2,DLAzQFKy,TRUE,bullet,White,white,1,2014,67,2081,2017,2025-10-10T09:58:52Z
Sniper_King_55_58_2,wJq9wOlJ,TRUE,bullet,Black,black,1,1945,69,2014,1893,2025-10-10T09:53:43Z
Sniper_King_55_58_2,Gq2JcHaw,TRUE,bullet,White,white,1,1851,94,1945,1822,2025-10-04T04:06:38Z
Sniper_King_55_58_2,Ob3ZWCoV,TRUE,blitz,Black,black,1,1818,142,1960,1897,2025-10-03T09:35:28Z
Sniper_King_55_58_2,ZZZres63,TRUE,blitz,White,white,1,1624,194,1818,1681,2025-10-03T06:02:19Z
Sniper_King_55_58_2,WGzgdcr0,TRUE,blitz,White,white,1,1500,124,1624,1255,2025-10-03T06:00:24Z
Sniper_King_55_58_2,WC6Wq3Yt,TRUE,bullet,White,white,1,1706,145,1851,1707,2025-10-01T10:21:46Z
Sniper_King_55_58_2,SIelpUuz,TRUE,bullet,Black,black,1,1500,206,1706,1448,2025-09-30T17:40:35Z
LOVE_IS_IMPORTANT,BuJI1GAe,TRUE,bullet,White,black,0,2179,-6,2173,2163,2025-10-12T01:17:43Z
LOVE_IS_IMPORTANT,8WKiDFD9,TRUE,bullet,White,black,0,2188,-9,2179,2007,2025-10-11T22:11:23Z
LOVE_IS_IMPORTANT,MrTflxnt,TRUE,bullet,Black,black,1,2185,3,2188,2010,2025-10-11T22:10:53Z
LOVE_IS_IMPORTANT,GdhvUk64,TRUE,bullet,White,white,1,2182,3,2185,2014,2025-10-11T22:09:50Z
LOVE_IS_IMPORTANT,3rzXFtzI,TRUE,bullet,Black,black,1,2178,4,2182,2017,2025-10-11T22:08:56Z
LOVE_IS_IMPORTANT,rC8zi5vw,TRUE,bullet,White,black,0,2187,-9,2178,2008,2025-10-11T22:07:53Z
LOVE_IS_IMPORTANT,HZ7xjv8j,TRUE,bullet,Black,black,1,2184,3,2187,2012,2025-10-11T22:07:05Z
LOVE_IS_IMPORTANT,F6S3e617,TRUE,bullet,Black,black,1,2177,7,2184,2154,2025-10-11T22:05:38Z
LOVE_IS_IMPORTANT,1t0xKFuL,TRUE,bullet,White,white,1,2171,6,2177,2159,2025-10-11T22:04:31Z
LOVE_IS_IMPORTANT,qxSUkAN7,TRUE,bullet,Black,white,0,2178,-7,2171,2153,2025-10-11T22:02:52Z
LOVE_IS_IMPORTANT,07mscw5D,TRUE,bullet,White,white,1,2173,5,2178,2057,2025-10-10T21:59:00Z
LOVE_IS_IMPORTANT,0swpQCQq,TRUE,bullet,Black,black,1,2172,1,2173,1751,2025-10-10T21:56:36Z
LOVE_IS_IMPORTANT,wElb6tAz,TRUE,bullet,White,white,1,2168,4,2172,1991,2025-10-10T21:54:48Z
LOVE_IS_IMPORTANT,pfYTCfEI,TRUE,bullet,Black,black,1,2167,1,2168,1788,2025-10-10T21:53:46Z
LOVE_IS_IMPORTANT,CjbNcYxB,TRUE,bullet,Black,black,1,2165,2,2167,1841,2025-10-10T21:51:38Z
okriak,Zp5Si0HW,TRUE,blitz,White,white,1,2707,5,2712,2625,2025-10-14T13:11:20Z
okriak,M1BWyYhP,TRUE,blitz,Black,black,1,2705,2,2707,2486,2025-10-12T16:44:18Z
okriak,HRrzVhzd,TRUE,blitz,Black,black,1,2701,4,2705,2560,2025-10-12T16:39:39Z
okriak,naJ4HJ1r,TRUE,blitz,White,black,0,2706,-5,2701,2758,2025-10-12T16:38:07Z
okriak,IxCjjy3a,TRUE,blitz,Black,white,0,2714,-8,2706,2568,2025-10-12T16:31:32Z
okriak,LoxWpGdv,TRUE,blitz,White,white,1,2711,3,2714,2532,2025-10-12T16:22:40Z
okriak,fn49zEeF,TRUE,blitz,White,white,1,2707,4,2711,2606,2025-10-12T16:17:04Z
okriak,bSfj0yUV,TRUE,blitz,Black,black,1,2699,5,2704,2602,2025-10-09T12:56:22Z
okriak,DpA5x2e2,TRUE,blitz,White,black,0,2704,-5,2699,2757,2025-10-09T12:52:01Z
okriak,1CKQjdR7,TRUE,blitz,Black,white,0,2713,-9,2704,2501,2025-10-09T12:48:28Z
okriak,SraNyAb8,TRUE,blitz,White,black,0,2718,-5,2713,2726,2025-10-09T12:44:11Z
okriak,asSR55YO,TRUE,blitz,White,black,0,2724,-6,2718,2733,2025-10-09T12:39:53Z
okriak,H9e4f1vz,TRUE,blitz,Black,black,1,2719,5,2724,2652,2025-10-08T19:52:35Z
okriak,VdFxBEP2,TRUE,blitz,White,black,0,2726,-7,2719,2639,2025-10-08T19:46:12Z
okriak,3TnSaXWg,TRUE,blitz,Black,black,1,2722,4,2726,2643,2025-10-08T19:40:51Z
yasumichi,wJor44Ab,TRUE,rapid,White,white,1,2648,16,2664,2468,2025-10-15T11:53:50Z
yasumichi,ituCsRyj,TRUE,bullet,Black,white,0,2633,-6,2627,2638,2025-10-14T17:32:08Z
yasumichi,2gAa3Z0p,TRUE,bullet,White,white,1,2624,9,2633,2817,2025-10-14T17:19:07Z
yasumichi,paPnH1wb,TRUE,bullet,Black,white,0,2627,-3,2624,2814,2025-10-14T17:18:00Z
yasumichi,ce6ymqtm,TRUE,bullet,White,black,0,2630,-3,2627,2811,2025-10-14T17:17:07Z
yasumichi,cBIUFBcR,TRUE,bullet,Black,white,0,2633,-3,2630,2807,2025-10-14T17:16:21Z
yasumichi,2k1JswPT,TRUE,bullet,White,black,0,2636,-3,2633,2804,2025-10-14T17:15:07Z
yasumichi,ibyRS1gs,TRUE,bullet,Black,white,0,2640,-4,2636,2801,2025-10-14T17:13:40Z
yasumichi,WmghYuFr,TRUE,bullet,White,white,1,2631,9,2640,2809,2025-10-14T17:12:53Z
yasumichi,70XHehJT,TRUE,bullet,Black,white,0,2634,-3,2631,2806,2025-10-14T17:11:41Z
yasumichi,1iy4AXva,TRUE,bullet,White,black,0,2640,-6,2634,2671,2025-10-14T17:08:33Z
yasumichi,VVwAC8o3,TRUE,bullet,Black,white,0,2645,-5,2640,2666,2025-10-14T17:07:42Z
yasumichi,MoLe9tTo,TRUE,bullet,Black,black,1,2638,7,2645,2706,2025-10-14T17:02:33Z
yasumichi,FfMgAU8Z,TRUE,bullet,Black,black,1,2630,8,2638,2771,2025-10-14T17:01:50Z
yasumichi,d0eTqKp0,TRUE,bullet,White,white,1,2622,8,2630,2779,2025-10-14T17:01:15Z
delta_horsey,pw41Y1Dg,TRUE,bullet,Black,black,1,3239,4,3243,2947,2025-10-16T02:56:14Z
delta_horsey,82bo2aIs,TRUE,bullet,Black,black,1,3231,8,3239,3152,2025-10-16T02:48:13Z
delta_horsey,mVGwZkdl,TRUE,bullet,White,white,1,3221,10,3231,3157,2025-10-16T02:47:14Z
delta_horsey,F58HXhcY,TRUE,bullet,Black,black,1,3210,11,3221,3162,2025-10-16T02:44:43Z
delta_horsey,pvJ7tyFI,TRUE,bullet,White,white,1,3199,11,3210,3167,2025-10-16T02:43:28Z
delta_horsey,n3XmOu94,TRUE,bullet,Black,white,0,3214,-15,3199,3160,2025-10-16T02:41:37Z
delta_horsey,8BzRdRta,TRUE,bullet,White,white,1,3202,12,3214,3165,2025-10-16T02:40:31Z
delta_horsey,kDVTQhFo,TRUE,bullet,White,white,1,3187,15,3202,3200,2025-10-16T02:36:25Z
delta_horsey,AWjJaFw1,TRUE,bullet,Black,black,1,3171,16,3187,3206,2025-10-16T02:34:38Z
delta_horsey,zNCVIkgO,TRUE,bullet,White,white,1,3166,5,3171,2860,2025-10-16T02:32:45Z
delta_horsey,E9B7dHah,TRUE,blitz,White,NA,0.5,2969,-8,2961,2722,2025-10-16T02:25:49Z
delta_horsey,btSEHsf9,TRUE,blitz,Black,NA,0.5,2974,-5,2969,2822,2025-10-16T02:17:14Z
delta_horsey,hUQwsdWV,TRUE,blitz,Black,black,1,2969,5,2974,2719,2025-10-16T02:10:36Z
delta_horsey,nJ0qdeoO,TRUE,blitz,White,white,1,2963,6,2969,2722,2025-10-16T02:05:06Z
delta_horsey,Ai46WyVh,TRUE,blitz,Black,black,1,2957,6,2963,2725,2025-10-16T02:01:26Z
iwanttomakedraw,ThpcsXGR,TRUE,blitz,White,white,1,2888,3,2891,2736,2025-10-14T19:36:39Z
iwanttomakedraw,co4GUTCu,TRUE,blitz,Black,black,1,2885,3,2888,2665,2025-10-11T14:23:14Z
iwanttomakedraw,0uctpIJe,TRUE,blitz,Black,black,1,2879,6,2885,2921,2025-10-10T17:26:00Z
iwanttomakedraw,ETZQsMFs,TRUE,blitz,White,white,1,2872,7,2879,2927,2025-10-10T17:20:44Z
iwanttomakedraw,nrPFWgrt,TRUE,blitz,Black,NA,0.5,2871,1,2872,2928,2025-10-10T17:16:10Z
iwanttomakedraw,uXtyue39,TRUE,blitz,White,white,1,2868,3,2871,2693,2025-10-10T11:17:57Z
iwanttomakedraw,2m4TYhMx,TRUE,blitz,White,white,1,2866,2,2868,2610,2025-10-10T11:10:04Z
iwanttomakedraw,zUzQId83,TRUE,blitz,Black,black,1,2863,3,2866,2671,2025-10-10T11:01:45Z
iwanttomakedraw,KaklyQwq,TRUE,blitz,White,white,1,2859,4,2863,2741,2025-10-10T10:53:56Z
iwanttomakedraw,LOxS6Hqi,TRUE,blitz,White,white,1,2857,2,2859,2649,2025-10-09T22:09:24Z
iwanttomakedraw,WRh3uoaG,TRUE,blitz,Black,black,1,2854,3,2857,2652,2025-10-09T22:04:52Z
iwanttomakedraw,f8Nlc3L7,TRUE,blitz,Black,NA,0.5,2857,-3,2854,2664,2025-10-09T21:57:47Z
iwanttomakedraw,6YQ7oe4L,TRUE,blitz,White,NA,0.5,2860,-3,2857,2673,2025-10-09T21:47:54Z
iwanttomakedraw,pkisMI7O,TRUE,blitz,White,black,0,2867,-7,2860,2798,2025-10-09T21:42:10Z
iwanttomakedraw,aK7HnRsw,TRUE,blitz,Black,white,0,2874,-7,2867,2764,2025-10-09T21:38:03Z
TheWeganka,ZQ9VWVH0,TRUE,blitz,White,white,1,2466,4,2470,2357,2025-10-15T14:43:13Z
TheWeganka,n2S4hitC,TRUE,blitz,Black,black,1,2462,4,2466,2361,2025-10-15T14:32:45Z
TheWeganka,EKyCtiDo,TRUE,blitz,White,white,1,2458,4,2462,2332,2025-10-15T10:25:19Z
TheWeganka,YMYGNTRe,TRUE,blitz,White,black,0,2464,-6,2458,2451,2025-10-15T10:21:27Z
TheWeganka,bslMn6NO,TRUE,blitz,Black,black,1,2459,5,2464,2394,2025-10-15T10:13:19Z
TheWeganka,hTQa9VeZ,TRUE,blitz,White,white,1,2454,5,2459,2395,2025-10-14T09:41:14Z
TheWeganka,3l4nCdIB,TRUE,blitz,White,black,0,2461,-7,2454,2433,2025-10-14T09:37:52Z
TheWeganka,Tq3LWaZL,TRUE,blitz,Black,black,1,2452,9,2461,2572,2025-10-14T09:30:55Z
TheWeganka,8ODeFbT1,TRUE,bullet,White,black,0,2785,-11,2774,2445,2025-10-12T21:03:04Z
TheWeganka,yZdiLPlo,TRUE,bullet,Black,black,1,2783,2,2785,2446,2025-10-12T21:02:27Z
TheWeganka,70bQkLgp,TRUE,blitz,Black,white,0,2457,-5,2452,2525,2025-10-11T15:01:22Z
TheWeganka,Tq6GKsne,TRUE,blitz,Black,white,0,2465,-8,2457,2337,2025-10-10T19:07:05Z
TheWeganka,4c9Msg3l,TRUE,blitz,White,white,1,2462,3,2465,2256,2025-10-10T19:01:34Z
TheWeganka,sBhOcEJJ,TRUE,blitz,Black,black,1,2457,5,2462,2390,2025-10-10T18:55:14Z
TheWeganka,lYgrJv4S,TRUE,blitz,White,black,0,2462,-5,2457,2540,2025-10-10T12:20:43Z
avcs,bDx6jlaJ,TRUE,classical,Black,white,0,2449,-9,2440,2399,2025-10-15T15:40:37Z
avcs,606BxMu7,TRUE,classical,Black,NA,0.5,2449,0,2449,2478,2025-10-14T05:10:42Z
avcs,n7f7fi91,TRUE,classical,White,NA,0.5,2453,-4,2449,2257,2025-10-13T13:16:35Z
avcs,vGw8z2JX,TRUE,classical,White,white,1,2448,5,2453,2264,2025-10-10T12:29:03Z
avcs,SSWLmMBL,TRUE,classical,White,white,1,2443,5,2448,2287,2025-10-09T10:38:04Z
avcs,QSth93m5,TRUE,classical,Black,black,1,2437,6,2443,2274,2025-10-08T08:10:42Z
avcs,9RKknif1,TRUE,classical,White,white,1,2432,5,2437,2289,2025-10-06T15:14:59Z
avcs,FGN7PnTY,TRUE,classical,Black,black,1,2426,6,2432,2298,2025-10-06T15:07:42Z
avcs,GKKkZ6Lf,TRUE,blitz,White,black,0,2525,-14,2511,2547,2025-10-06T03:15:46Z
avcs,gXRqs4AF,TRUE,blitz,Black,white,0,2539,-14,2525,2590,2025-10-06T03:08:06Z
avcs,nfwDM7di,TRUE,rapid,Black,NA,0.5,2562,-10,2552,2341,2025-10-05T14:06:11Z
avcs,P6cXs95o,TRUE,rapid,White,black,0,2586,-24,2562,2455,2025-10-04T15:49:30Z
avcs,xRLgxClq,TRUE,classical,White,white,1,2420,6,2426,2262,2025-10-04T15:17:33Z
avcs,XBcVicXM,TRUE,classical,Black,white,0,2431,-11,2420,2355,2025-10-03T12:18:21Z
avcs,K2QHDJJT,TRUE,classical,Black,black,1,2425,6,2431,2326,2025-10-02T12:17:49Z
Moussardraser,8PfUnWDa,TRUE,blitz,White,black,0,2411,-10,2401,2335,2025-10-15T23:15:24Z
Moussardraser,zyHWU2L2,TRUE,blitz,Black,black,1,2403,8,2411,2391,2025-10-15T23:12:39Z
Moussardraser,c15ySAQm,TRUE,blitz,White,white,1,2397,6,2403,2307,2025-10-15T23:07:00Z
Moussardraser,PsBqzPY8,TRUE,blitz,Black,white,0,2404,-7,2397,2456,2025-10-15T22:58:45Z
Moussardraser,4doQYTbP,TRUE,blitz,White,black,0,2412,-8,2404,2425,2025-10-15T22:42:36Z
Moussardraser,zPGvyvfw,TRUE,blitz,White,white,1,2403,9,2412,2399,2025-10-15T22:34:02Z
Moussardraser,983ErpIX,TRUE,rapid,White,white,1,2478,5,2483,2453,2025-10-15T19:47:45Z
Moussardraser,H18sPNjZ,TRUE,rapid,Black,white,0,2485,-7,2478,2402,2025-10-15T16:44:14Z
Moussardraser,zT3pKZzA,TRUE,rapid,White,black,0,2492,-7,2485,2373,2025-10-15T15:15:35Z
Moussardraser,eugN9vTv,TRUE,classical,Black,white,0,2360,-7,2353,2410,2025-10-15T13:28:50Z
Moussardraser,gTRMrGg5,TRUE,rapid,Black,black,1,2488,4,2492,2345,2025-10-15T12:11:38Z
Moussardraser,pANsNmcZ,TRUE,rapid,Black,black,1,2484,4,2488,2430,2025-10-15T10:35:27Z
Moussardraser,0LVtuFJC,TRUE,rapid,White,black,0,2490,-6,2484,2456,2025-10-14T21:21:24Z
Moussardraser,tbFTwwvQ,TRUE,rapid,Black,black,1,2486,4,2490,2370,2025-10-14T17:30:22Z
Moussardraser,edLJBJK7,TRUE,rapid,White,white,1,2481,5,2486,2407,2025-10-14T17:08:40Z
TiberianDawn,EcMtYbr8,TRUE,blitz,White,white,1,2332,5,2337,2266,2025-10-15T19:35:49Z
TiberianDawn,J1GW62EK,TRUE,blitz,Black,black,1,2327,5,2332,2271,2025-10-15T19:28:54Z
TiberianDawn,pEmaL0EU,TRUE,classical,White,white,1,2332,7,2339,2262,2025-10-15T14:33:02Z
TiberianDawn,oAUCMLAB,TRUE,blitz,Black,black,1,2321,6,2327,2326,2025-10-15T11:24:08Z
TiberianDawn,2AhRLEKb,TRUE,blitz,Black,white,0,2328,-7,2321,2276,2025-10-15T11:00:58Z
TiberianDawn,CkAxYFW5,TRUE,blitz,White,white,1,2324,4,2328,2222,2025-10-15T07:35:42Z
TiberianDawn,2hOXDeMS,TRUE,blitz,White,black,0,2329,-5,2324,2374,2025-10-15T07:21:11Z
TiberianDawn,19YjHtmm,TRUE,blitz,Black,black,1,2325,4,2329,2168,2025-10-15T06:59:44Z
TiberianDawn,eclBFmLD,TRUE,blitz,Black,white,0,2334,-9,2325,2180,2025-10-15T06:33:00Z
TiberianDawn,QKV6XfFC,TRUE,blitz,White,white,1,2329,5,2334,2284,2025-10-14T19:30:38Z
TiberianDawn,Fzg2qCZY,TRUE,blitz,White,white,1,2325,4,2329,2205,2025-10-14T19:21:50Z
TiberianDawn,TYD5xKfQ,TRUE,blitz,Black,white,0,2333,-8,2325,2176,2025-10-14T19:13:15Z
TiberianDawn,SLaLBx2A,TRUE,blitz,White,black,0,2336,-3,2333,2465,2025-10-14T19:04:24Z
TiberianDawn,TB5szGsa,TRUE,blitz,Black,white,0,2342,-6,2336,2336,2025-10-14T18:55:14Z
TiberianDawn,Y88Z29y2,TRUE,blitz,White,white,1,2336,6,2342,2390,2025-10-14T18:44:43Z
cariotides,mlHGMOwQ,TRUE,classical,Black,black,1,1814,5,1819,1761,2025-10-15T21:28:27Z
cariotides,nwPJlXSQ,TRUE,classical,White,black,0,1823,-9,1814,1554,2025-10-15T20:50:46Z
cariotides,N7bl3ngj,TRUE,classical,White,white,1,1822,1,1823,1477,2025-10-15T20:38:07Z
cariotides,dj7L1NwN,TRUE,classical,Black,white,0,1829,-7,1822,1740,2025-10-15T19:51:46Z
cariotides,rStX9S4t,TRUE,classical,Black,black,1,1827,2,1829,1531,2025-10-15T17:07:27Z
cariotides,svLct5uR,TRUE,classical,White,white,1,1825,2,1827,1601,2025-10-15T16:23:05Z
cariotides,CrRcTFYy,TRUE,classical,Black,white,0,1835,-10,1825,1374,2025-10-15T15:57:07Z
cariotides,QBP1sYBD,TRUE,classical,White,white,1,1834,1,1835,1379,2025-10-15T15:29:32Z
cariotides,C21EL9fs,TRUE,classical,White,white,1,1833,1,1834,1386,2025-10-15T15:12:15Z
cariotides,sF40K2wx,TRUE,classical,Black,black,1,1831,2,1833,1543,2025-10-14T17:36:18Z
cariotides,dziefD3F,TRUE,classical,Black,black,1,1829,2,1831,1597,2025-10-14T17:25:33Z
cariotides,3omFVkxp,TRUE,classical,White,white,1,1826,3,1829,1608,2025-10-14T16:50:07Z
cariotides,VOGsnXKS,TRUE,classical,Black,black,1,1825,1,1826,1377,2025-10-14T16:05:03Z
cariotides,daVdH1V2,TRUE,classical,White,white,1,1821,4,1825,1751,2025-10-14T15:23:48Z
cariotides,GVOgRVqD,TRUE,classical,Black,black,1,1817,4,1821,1644,2025-10-14T15:06:27Z
ZeroMaterialst_CRUSH,4WZH4v7M,TRUE,bullet,White,black,0,1825,-26,1799,1844,2025-10-10T16:07:01Z
ZeroMaterialst_CRUSH,8fdoaQ5o,TRUE,bullet,Black,white,0,1851,-26,1825,1909,2025-10-10T16:05:45Z
ZeroMaterialst_CRUSH,qdNRtunt,TRUE,bullet,Black,black,1,1828,23,1851,1712,2025-10-10T16:03:22Z
ZeroMaterialst_CRUSH,jkudMYAY,TRUE,bullet,White,white,1,1787,41,1828,1821,2025-10-10T16:00:14Z
ZeroMaterialst_CRUSH,pTqnxdqb,TRUE,blitz,Black,black,1,2016,18,2034,2027,2025-10-10T15:40:23Z
ZeroMaterialst_CRUSH,aFbTd9Kh,TRUE,blitz,White,white,1,1997,19,2016,2025,2025-10-10T15:32:19Z
ZeroMaterialst_CRUSH,8PxwQGdB,TRUE,blitz,Black,white,0,2020,-23,1997,1938,2025-10-10T15:25:02Z
ZeroMaterialst_CRUSH,bv1hchQh,TRUE,blitz,Black,white,0,2042,-22,2020,2013,2025-10-09T15:27:21Z
ZeroMaterialst_CRUSH,6fljUKJB,TRUE,blitz,White,black,0,2064,-22,2042,2049,2025-10-09T15:21:49Z
ZeroMaterialst_CRUSH,mMp7SJoo,TRUE,blitz,White,white,1,2039,25,2064,2081,2025-10-09T15:13:00Z
ZeroMaterialst_CRUSH,xGY3zrhk,TRUE,blitz,White,black,0,2066,-27,2039,2021,2025-10-08T16:05:43Z
ZeroMaterialst_CRUSH,Gl1EouwZ,TRUE,blitz,Black,black,1,2043,23,2066,1999,2025-10-08T15:57:08Z
ZeroMaterialst_CRUSH,yjzzv0Sb,TRUE,blitz,Black,white,0,2073,-30,2043,2051,2025-10-08T15:49:20Z
ZeroMaterialst_CRUSH,8MxgUc3m,TRUE,blitz,White,black,0,2103,-30,2073,2104,2025-10-08T15:37:45Z
ZeroMaterialst_CRUSH,wMYH6p4s,TRUE,rapid,Black,black,1,1765,98,1863,1646,2025-10-04T04:42:13Z
Yakov25,5H7XCLse,TRUE,bullet,Black,black,1,2999,1,3000,2512,2025-02-23T09:04:32Z
Yakov25,NgiYrC70,TRUE,bullet,White,white,1,2998,1,2999,2513,2025-02-23T09:03:23Z
Yakov25,USHTH25N,TRUE,bullet,Black,black,1,2998,0,2998,2513,2025-02-23T09:02:16Z
Yakov25,mpT9ZrtP,TRUE,bullet,White,white,1,2997,1,2998,2514,2025-02-23T09:01:33Z
Yakov25,PK2BP2mG,TRUE,bullet,Black,black,1,2996,1,2997,2515,2025-02-23T09:00:14Z
Yakov25,yKAOjMps,TRUE,bullet,White,white,1,2995,1,2996,2516,2025-02-23T08:59:06Z
Yakov25,dIgZgDJ6,TRUE,bullet,Black,black,1,2995,0,2995,2516,2025-02-23T08:58:01Z
Yakov25,yJRPut72,TRUE,bullet,White,white,1,2994,1,2995,2517,2025-02-23T08:57:34Z
Yakov25,TjXKkfyo,TRUE,bullet,Black,black,1,2993,1,2994,2518,2025-02-23T08:56:29Z
Yakov25,HXY3tL3r,TRUE,bullet,White,white,1,2993,0,2993,2518,2025-02-23T08:55:23Z
Yakov25,AmNfPGsc,TRUE,bullet,Black,black,1,2992,1,2993,2519,2025-02-23T08:54:12Z
Yakov25,4kTJhJWA,TRUE,bullet,White,white,1,2991,1,2992,2520,2025-02-23T08:53:09Z
Yakov25,bU46NxiE,TRUE,bullet,Black,black,1,2990,1,2991,2521,2025-02-23T08:52:07Z
Yakov25,fioMyqo1,TRUE,bullet,White,white,1,2990,0,2990,2521,2025-02-23T08:51:00Z
Yakov25,lWVmUrVf,TRUE,bullet,White,white,1,2989,1,2990,2447,2025-02-23T06:44:48Z
Martino_Edenn,5RMWBBoL,TRUE,bullet,White,white,1,2662,5,2667,2620,2025-10-16T04:45:39Z
Martino_Edenn,6tYL1o4c,TRUE,bullet,Black,white,0,2667,-5,2662,2706,2025-10-16T04:36:26Z
Martino_Edenn,Cl2W54np,TRUE,bullet,White,black,0,2673,-6,2667,2657,2025-10-16T04:18:37Z
Martino_Edenn,LxQlnXD5,TRUE,bullet,Black,white,0,2680,-7,2673,2651,2025-10-16T04:17:24Z
Martino_Edenn,zWQzrdR8,TRUE,bullet,White,white,1,2674,6,2680,2656,2025-10-16T04:15:58Z
Martino_Edenn,xkXUFOjZ,TRUE,bullet,Black,white,0,2680,-6,2674,2650,2025-10-16T04:14:41Z
Martino_Edenn,a8NCQS2L,TRUE,bullet,White,black,0,2687,-7,2680,2643,2025-10-16T04:13:15Z
Martino_Edenn,PGMAckjw,TRUE,bullet,Black,white,0,2688,-1,2687,3028,2025-10-15T17:07:48Z
Martino_Edenn,7L6FQYo4,TRUE,bullet,White,black,0,2694,-6,2688,2676,2025-10-15T17:06:17Z
Martino_Edenn,5s5bSXU7,TRUE,bullet,Black,black,1,2694,0,2694,1788,2025-10-15T17:02:56Z
Martino_Edenn,WlNwr8YS,TRUE,bullet,White,white,1,2693,1,2694,2200,2025-10-15T17:01:25Z
Martino_Edenn,OnwcDW0K,TRUE,bullet,Black,black,1,2686,7,2693,2796,2025-10-15T16:59:21Z
Martino_Edenn,8SLsaFOj,TRUE,bullet,White,white,1,2686,0,2686,1540,2025-10-15T16:57:44Z
Martino_Edenn,oBYGdT2Q,TRUE,bullet,White,white,1,2683,3,2686,2464,2025-10-15T16:55:25Z
Martino_Edenn,EFRFvIP4,TRUE,bullet,Black,NA,0.5,2688,-5,2683,2202,2025-10-15T16:52:54Z
chessmaster2006,ucLAIh6J,TRUE,blitz,White,NA,0.5,2886,2,2888,2984,2025-10-11T20:57:55Z
chessmaster2006,bhDwtN5n,TRUE,blitz,Black,black,1,2881,5,2886,2761,2025-10-11T20:56:57Z
chessmaster2006,PgFTohTr,TRUE,blitz,Black,black,1,2875,6,2881,2811,2025-10-11T20:55:33Z
chessmaster2006,ZO8SftVP,TRUE,blitz,White,black,0,2881,-6,2875,2973,2025-10-11T20:50:38Z
chessmaster2006,SwXHKNOE,TRUE,blitz,Black,black,1,2877,4,2881,2697,2025-10-11T20:49:09Z
chessmaster2006,wPa65t21,TRUE,blitz,White,white,1,2872,5,2877,2733,2025-10-11T20:48:42Z
chessmaster2006,9nqZ6jos,TRUE,blitz,Black,black,1,2864,8,2872,2886,2025-10-11T20:42:28Z
chessmaster2006,fqK9Bcu0,TRUE,blitz,White,white,1,2862,2,2864,2551,2025-10-11T20:40:10Z
chessmaster2006,yt4Vjm2I,TRUE,blitz,Black,black,1,2855,7,2862,2775,2025-10-11T20:34:19Z
chessmaster2006,veQTJOkQ,TRUE,blitz,White,white,1,2853,2,2855,2567,2025-10-11T20:31:25Z
chessmaster2006,fYUwAdDB,TRUE,blitz,White,white,1,2843,10,2853,2894,2025-10-11T20:25:11Z
chessmaster2006,5zeHgDVJ,TRUE,blitz,Black,white,0,2854,-11,2843,2769,2025-10-11T20:21:18Z
chessmaster2006,P2A3mtbU,TRUE,blitz,White,white,1,2851,3,2854,2518,2025-10-11T20:16:33Z
chessmaster2006,y7xjZNwi,TRUE,blitz,Black,black,1,2843,8,2851,2832,2025-10-11T20:14:43Z
chessmaster2006,3RBjo6hJ,TRUE,blitz,White,black,0,2854,-11,2843,2764,2025-10-11T20:09:56Z
thibault,7WEM2Hc4,TRUE,blitz,White,white,1,1778,7,1785,1793,2025-10-13T16:27:45Z
thibault,5tKlHDV5,TRUE,bullet,Black,black,1,1767,20,1787,1795,2025-09-19T12:46:45Z
thibault,gnjoI7dm,TRUE,blitz,Black,black,1,1772,6,1778,1752,2025-09-18T15:31:58Z
thibault,WVGOgB9g,TRUE,blitz,White,black,0,1777,-5,1772,1810,2025-09-16T15:06:41Z
thibault,LKxDnizx,TRUE,blitz,Black,black,1,1773,4,1777,1680,2025-09-16T12:07:00Z
thibault,3HyKTTZh,TRUE,blitz,White,white,1,1766,7,1773,1757,2025-09-15T20:25:35Z
thibault,h65MMuoQ,TRUE,blitz,White,black,0,1771,-5,1766,1830,2025-09-02T14:27:35Z
thibault,AeJVdTWi,TRUE,blitz,Black,NA,0.5,1770,1,1771,1831,2025-09-02T14:13:08Z
thibault,mnxGQ4Th,TRUE,blitz,White,black,0,1775,-5,1770,1826,2025-09-02T13:59:38Z
thibault,B2WsCi0A,TRUE,blitz,White,black,0,1781,-6,1775,1767,2025-09-02T11:45:38Z
thibault,PP7Mw9ZH,TRUE,blitz,Black,black,1,1776,5,1781,1737,2025-09-02T11:08:43Z
thibault,KJ4rRDfl,TRUE,blitz,White,black,0,1781,-5,1776,1808,2025-09-02T10:56:46Z
thibault,RhQOrC3v,TRUE,blitz,Black,black,1,1775,6,1781,1793,2025-09-02T10:41:30Z
thibault,Tvp2zy8e,TRUE,blitz,Black,black,1,1769,6,1775,1813,2025-09-02T09:54:00Z
thibault,htnPZZtN,TRUE,blitz,White,white,1,1761,8,1769,1855,2025-09-02T09:22:01Z
tamotdons,nKw4dlQU,TRUE,bullet,White,white,1,2008,10,2018,2013,2025-10-06T08:55:19Z
tamotdons,eS5YduxZ,TRUE,bullet,White,white,1,2002,6,2008,1863,2025-10-06T08:52:45Z
tamotdons,ogLMDoX3,TRUE,bullet,Black,white,0,2012,-10,2002,2005,2025-10-06T08:50:29Z
tamotdons,y7wkHafV,TRUE,bullet,White,black,0,2019,-7,2012,2146,2025-10-06T08:48:40Z
tamotdons,KhS1A1Ok,TRUE,bullet,Black,black,1,2007,12,2019,2054,2025-10-06T08:47:06Z
tamotdons,9zz3voT8,TRUE,bullet,White,white,1,2003,4,2007,1733,2025-10-06T08:44:38Z
tamotdons,DKyLcyAC,TRUE,bullet,White,black,0,2005,-2,2003,2395,2025-10-06T08:42:31Z
tamotdons,xrLmcfaO,TRUE,bullet,Black,white,0,2023,-18,2005,1778,2025-10-06T08:39:55Z
tamotdons,5UXRZjE1,TRUE,bullet,Black,black,1,2009,14,2023,2072,2025-10-06T08:38:23Z
tamotdons,onyHKbJv,TRUE,bullet,Black,black,1,2001,8,2009,1875,2025-10-06T08:37:46Z
tamotdons,WNX28Kej,TRUE,bullet,White,black,0,2013,-12,2001,2021,2025-10-06T08:36:46Z
tamotdons,Ay0WBWve,TRUE,blitz,Black,white,0,2229,-39,2190,2051,2025-10-02T19:01:09Z
tamotdons,vxTN6l3x,TRUE,blitz,Black,white,0,2277,-48,2229,1930,2025-09-30T19:16:33Z
tamotdons,JayiKXGY,TRUE,blitz,White,NA,0.5,2300,-23,2277,1915,2025-09-30T19:10:10Z
tamotdons,GyieOdSO,TRUE,blitz,White,white,1,2297,3,2300,1790,2025-09-27T04:40:50Z
Ezhik_1988,Nn48XJZH,TRUE,blitz,Black,black,1,1832,2,1834,1232,2024-05-11T21:00:32Z
Ezhik_1988,onsiQewz,TRUE,blitz,White,white,1,1831,1,1832,1249,2024-05-11T20:52:52Z
Ezhik_1988,93dapuXL,TRUE,blitz,Black,black,1,1829,2,1831,1270,2024-05-11T20:46:28Z
Ezhik_1988,DTxNqaZf,TRUE,blitz,Black,black,1,1828,1,1829,1404,2024-01-02T00:29:04Z
Ezhik_1988,RKOXravn,TRUE,blitz,White,black,0,1834,-6,1828,1841,2024-01-02T00:23:44Z
Ezhik_1988,SOEqAT2j,TRUE,blitz,Black,white,0,1840,-6,1834,1865,2024-01-02T00:20:49Z
Ezhik_1988,EZyAXRG1,TRUE,blitz,Black,black,1,1838,2,1840,1560,2023-12-30T15:45:58Z
Ezhik_1988,LW43qxAQ,TRUE,blitz,White,black,0,1842,-4,1838,1944,2023-12-30T15:41:09Z
Ezhik_1988,OGQbx6Pw,TRUE,blitz,White,white,1,1842,0,1842,910,2023-12-18T16:37:06Z
Ezhik_1988,KZEVEh67,TRUE,blitz,Black,white,0,1851,-9,1842,1680,2023-12-18T16:32:43Z
Ezhik_1988,SHvg6vVq,TRUE,blitz,Black,black,1,1846,5,1851,1811,2023-12-14T13:05:52Z
Ezhik_1988,DTuEzhr1,TRUE,blitz,White,black,0,1852,-6,1846,1847,2023-12-14T13:00:57Z
Ezhik_1988,AlRIm1G9,TRUE,blitz,Black,black,1,1846,6,1852,1817,2023-12-13T13:36:19Z
Ezhik_1988,yfqYHQTm,TRUE,blitz,Black,black,1,1846,0,1846,1229,2023-12-12T08:40:01Z
Ezhik_1988,95gfsSPy,TRUE,blitz,White,white,1,1843,3,1846,1661,2023-12-12T08:33:56Z
jjosujjosu,dEjjj9ix,TRUE,rapid,White,white,1,2375,83,2458,2415,2025-10-11T18:38:11Z
jjosujjosu,GuC4cB2f,TRUE,rapid,Black,NA,0.5,2414,-39,2375,2258,2025-10-11T18:08:15Z
jjosujjosu,dFhm5YkK,TRUE,rapid,White,white,1,2391,23,2414,1968,2025-10-11T17:31:07Z
jjosujjosu,op4ofnYu,TRUE,rapid,Black,black,1,2391,0,2391,2178,2025-10-11T17:01:08Z
jjosujjosu,GZ4fDlj0,TRUE,rapid,White,white,1,2351,40,2391,1997,2025-10-11T16:31:18Z
jjosujjosu,zAVsJR8Q,TRUE,rapid,Black,white,0,2605,-254,2351,2362,2025-10-11T16:00:24Z
jjosujjosu,GznxtWto,TRUE,bullet,White,black,0,3080,-7,3073,2962,2025-10-11T02:25:00Z
jjosujjosu,CIgCkKBU,TRUE,bullet,White,white,1,3076,4,3080,2966,2025-10-11T02:21:54Z
jjosujjosu,CmjigTFz,TRUE,bullet,Black,white,0,3084,-8,3076,2958,2025-10-11T02:19:36Z
jjosujjosu,qnuE8Qqt,TRUE,bullet,White,white,1,3080,4,3084,2962,2025-10-11T02:17:18Z
jjosujjosu,JV9yd9pk,TRUE,bullet,Black,black,1,3078,2,3080,2853,2025-10-11T02:14:07Z
jjosujjosu,IEuiTt93,TRUE,bullet,Black,black,1,3073,5,3078,2980,2025-10-11T00:58:47Z
jjosujjosu,gQPLA0e1,TRUE,bullet,White,white,1,3069,4,3073,2984,2025-10-11T00:57:00Z
jjosujjosu,XJXNbbrl,TRUE,bullet,Black,black,1,3066,3,3069,2878,2025-10-10T00:59:37Z
jjosujjosu,KpJjgjUI,TRUE,bullet,Black,black,1,3063,3,3066,2845,2025-10-10T00:39:52Z
KerimHalit,YTpqGa8N,TRUE,classical,White,white,1,2303,2,2305,1842,2025-10-10T20:10:55Z
KerimHalit,GrQPQtVa,TRUE,classical,White,white,1,2299,4,2303,1966,2025-10-07T18:50:00Z
KerimHalit,8loyNEyh,TRUE,classical,Black,black,1,2295,4,2299,1941,2025-10-04T20:07:42Z
KerimHalit,YnBrn2vF,TRUE,classical,White,white,1,2293,2,2295,1839,2025-10-03T09:31:27Z
KerimHalit,xDfxrksb,TRUE,classical,Black,black,1,2289,4,2293,1958,2025-10-03T00:03:34Z
KerimHalit,SiWf5GzX,TRUE,classical,White,white,1,2287,2,2289,1835,2025-10-02T19:27:12Z
KerimHalit,NYG8Rkzs,TRUE,rapid,Black,black,1,1883,195,2078,1961,2025-09-30T15:12:21Z
KerimHalit,4JUeMFAJ,TRUE,classical,Black,black,1,2283,4,2287,1931,2025-09-28T20:50:13Z
KerimHalit,G6tI4gBh,TRUE,classical,White,white,1,2282,1,2283,1784,2025-09-26T22:01:18Z
KerimHalit,4jZYUqlH,TRUE,classical,Black,NA,0.5,2291,-9,2282,1892,2025-09-24T16:10:50Z
KerimHalit,yBSdsYQB,TRUE,classical,White,white,1,2287,4,2291,1949,2025-09-22T10:00:25Z
KerimHalit,GFOxLXNK,TRUE,classical,Black,black,1,2285,2,2287,1806,2025-09-19T09:34:41Z
KerimHalit,TdWcoL1W,TRUE,classical,White,white,1,2279,6,2285,2047,2025-09-16T11:49:50Z
KerimHalit,wTn5zHwu,TRUE,classical,Black,black,1,2277,2,2279,1833,2025-09-15T19:09:05Z
KerimHalit,2MIDnQ1n,TRUE,classical,White,NA,0.5,2287,-10,2277,1960,2025-09-11T20:44:36Z
DrunkenMaracker,Ohk9g9FI,TRUE,blitz,Black,white,0,1874,-38,1836,1889,2025-10-10T21:08:51Z
DrunkenMaracker,Vkc4ZMx2,TRUE,blitz,White,white,1,1830,44,1874,1823,2025-10-10T21:04:07Z
DrunkenMaracker,4F8ORZkY,TRUE,bullet,Black,black,1,2104,69,2173,2062,2025-09-19T21:57:49Z
DrunkenMaracker,rNwT5NLn,TRUE,blitz,Black,white,0,1869,-39,1830,1910,2025-08-27T23:03:13Z
DrunkenMaracker,68N9Gqa0,TRUE,blitz,White,black,0,1908,-39,1869,1911,2025-06-20T22:50:28Z
DrunkenMaracker,A4FTVRUW,TRUE,bullet,White,black,0,2173,-69,2104,2190,2025-03-28T01:56:39Z
DrunkenMaracker,Nne5zF1d,TRUE,bullet,White,white,1,2076,97,2173,2156,2025-01-01T23:55:23Z
DrunkenMaracker,ngmYtud1,TRUE,blitz,White,white,1,1892,16,1908,1877,2025-01-01T11:34:00Z
DrunkenMaracker,VRkOHV0A,TRUE,blitz,White,black,0,1915,-23,1892,1862,2025-01-01T01:58:17Z
DrunkenMaracker,e5jh0Vxh,TRUE,blitz,Black,black,1,1894,21,1915,1881,2025-01-01T01:56:22Z
DrunkenMaracker,utbptHpJ,TRUE,blitz,Black,white,0,1919,-25,1894,1889,2025-01-01T01:50:49Z
DrunkenMaracker,d2T4OJCx,TRUE,blitz,Black,white,0,1943,-24,1919,1951,2025-01-01T01:45:19Z
DrunkenMaracker,SecAn2id,TRUE,blitz,White,white,1,1916,27,1943,1928,2025-01-01T01:39:56Z
DrunkenMaracker,BdokokRi,TRUE,blitz,White,white,1,1889,27,1916,1872,2025-01-01T01:36:54Z
DrunkenMaracker,OKKitG4w,TRUE,blitz,White,white,1,1871,18,1889,1846,2024-10-10T21:55:47Z
Ninja_Checkmate_123,Jrba5XXF,TRUE,bullet,White,white,1,2705,12,2717,2541,2025-10-14T11:52:17Z
Ninja_Checkmate_123,9LVvPz6P,TRUE,bullet,White,black,0,2747,-42,2705,2291,2025-10-14T11:47:15Z
Ninja_Checkmate_123,viJzE0kA,TRUE,bullet,Black,black,1,2744,3,2747,2292,2025-10-14T11:46:12Z
Ninja_Checkmate_123,XCrLOhPU,TRUE,bullet,White,white,1,2740,4,2744,2293,2025-10-14T11:45:10Z
Ninja_Checkmate_123,Exi6d8XL,TRUE,bullet,Black,black,1,2737,3,2740,2294,2025-10-14T11:44:03Z
Ninja_Checkmate_123,Ltty6NJQ,TRUE,bullet,White,white,1,2733,4,2737,2295,2025-10-14T11:43:13Z
Ninja_Checkmate_123,t7p8tDYj,TRUE,bullet,Black,black,1,2729,4,2733,2296,2025-10-14T11:42:24Z
Ninja_Checkmate_123,kD3shmQW,TRUE,bullet,White,white,1,2725,4,2729,2297,2025-10-14T11:41:32Z
Ninja_Checkmate_123,hY3lHbOh,TRUE,bullet,Black,black,1,2721,4,2725,2298,2025-10-14T11:40:36Z
Ninja_Checkmate_123,i17za9oe,TRUE,bullet,White,white,1,2716,5,2721,2299,2025-10-14T11:39:49Z
Ninja_Checkmate_123,QAH7rCVZ,TRUE,bullet,Black,white,0,2736,-20,2716,2676,2025-08-08T12:55:42Z
Ninja_Checkmate_123,XHJcacMU,TRUE,bullet,White,white,1,2720,16,2736,2681,2025-08-08T12:54:40Z
Ninja_Checkmate_123,uPS3xRLq,TRUE,bullet,Black,white,0,2742,-22,2720,2674,2025-08-08T12:53:21Z
Ninja_Checkmate_123,CLu7Enad,TRUE,bullet,White,white,1,2725,17,2742,2679,2025-08-08T12:52:23Z
Ninja_Checkmate_123,e4s6on9n,TRUE,bullet,Black,black,1,2701,24,2725,2806,2025-07-23T16:17:24Z
RomanSteblovskyi,XfOP31df,TRUE,blitz,Black,white,0,2138,-7,2131,2125,2025-10-15T22:35:35Z
RomanSteblovskyi,fd6x4ha5,TRUE,bullet,Black,white,0,2230,-1,2229,2579,2025-10-15T22:33:12Z
RomanSteblovskyi,0bjbizxG,TRUE,bullet,Black,white,0,2236,-6,2230,2211,2025-10-15T22:27:54Z
RomanSteblovskyi,ilyH39Uu,TRUE,bullet,White,white,1,2227,9,2236,2415,2025-10-15T22:26:09Z
RomanSteblovskyi,3IL5wg56,TRUE,bullet,Black,black,1,2219,8,2227,2372,2025-10-15T22:24:41Z
RomanSteblovskyi,gSGyOkoE,TRUE,blitz,Black,black,1,2132,6,2138,2049,2025-10-15T19:18:30Z
RomanSteblovskyi,6jFr23Zd,TRUE,bullet,White,black,0,2223,-4,2219,2329,2025-10-15T19:16:02Z
RomanSteblovskyi,9N99aUQ6,TRUE,bullet,Black,black,1,2218,5,2223,2219,2025-10-15T19:14:34Z
RomanSteblovskyi,ZcF2thrq,TRUE,bullet,White,black,0,2220,-2,2218,2412,2025-10-15T19:13:18Z
RomanSteblovskyi,dWszt9pW,TRUE,bullet,Black,white,0,2226,-6,2220,2212,2025-10-15T17:24:15Z
RomanSteblovskyi,e0VHcT2e,TRUE,bullet,White,black,0,2232,-6,2226,2243,2025-10-15T17:21:58Z
RomanSteblovskyi,QnFUrkb9,TRUE,bullet,White,black,0,2238,-6,2232,2233,2025-10-15T17:20:13Z
RomanSteblovskyi,XBaphshw,TRUE,bullet,White,black,0,2243,-5,2238,2252,2025-10-15T17:17:58Z
RomanSteblovskyi,0PXtqD42,TRUE,bullet,Black,white,0,2249,-6,2243,2238,2025-10-15T17:15:47Z
RomanSteblovskyi,dem9TL2v,TRUE,bullet,Black,black,1,2242,7,2249,2310,2025-10-15T17:14:40Z
VadimCernov,ei2ISuef,TRUE,blitz,White,white,1,2428,5,2433,2378,2025-10-12T19:38:02Z
VadimCernov,yTSX3Goq,TRUE,blitz,White,white,1,2428,0,2428,1846,2025-10-12T19:35:59Z
VadimCernov,1nKpyxQe,TRUE,blitz,Black,black,1,2425,3,2428,2215,2025-10-12T19:28:19Z
VadimCernov,J6VaCJVC,TRUE,blitz,White,white,1,2424,1,2425,2029,2025-10-12T19:21:49Z
VadimCernov,l0E4UeYq,TRUE,blitz,Black,white,0,2434,-10,2424,2040,2025-10-12T19:17:41Z
VadimCernov,aivmZjFI,TRUE,blitz,Black,white,0,2439,-5,2434,2497,2025-10-12T19:13:26Z
VadimCernov,L2eTbS3g,TRUE,blitz,White,white,1,2437,2,2439,2131,2025-10-12T19:11:30Z
VadimCernov,B4YdiWCd,TRUE,blitz,Black,black,1,2437,0,2437,1817,2025-10-12T19:09:16Z
VadimCernov,3ZyxCR5W,TRUE,blitz,White,white,1,2436,1,2437,2053,2025-10-12T18:59:39Z
VadimCernov,LaTbypuK,TRUE,blitz,Black,NA,0.5,2439,-3,2436,2200,2025-10-12T18:50:48Z
VadimCernov,SRn7NTvL,TRUE,blitz,White,white,1,2432,7,2439,2531,2025-10-12T18:42:03Z
VadimCernov,qC1MG5eT,TRUE,blitz,Black,black,1,2427,5,2432,2403,2025-10-12T18:36:43Z
VadimCernov,RRHFfU6u,TRUE,blitz,Black,black,1,2424,3,2427,2181,2025-10-12T18:34:42Z
VadimCernov,DPhZou1e,TRUE,blitz,White,NA,0.5,2423,1,2424,2529,2025-10-12T18:25:04Z
VadimCernov,y0FvzuCt,TRUE,blitz,Black,black,1,2422,1,2423,1918,2025-10-12T18:20:31Z
gek76,hHJUHCS2,TRUE,blitz,White,white,1,2408,2,2410,2163,2025-10-15T21:48:28Z
gek76,ZKdD7tyd,TRUE,blitz,White,white,1,2404,4,2408,2301,2025-10-15T21:00:25Z
gek76,qiZhFyXe,TRUE,blitz,Black,black,1,2403,1,2404,1944,2025-10-15T20:12:10Z
gek76,CdRvhPZZ,TRUE,blitz,White,white,1,2401,2,2403,2106,2025-10-15T20:08:16Z
gek76,teai5gQU,TRUE,blitz,White,white,1,2400,1,2401,2036,2025-10-15T20:04:02Z
gek76,qPSvxmMK,TRUE,blitz,Black,black,1,2396,4,2400,2297,2025-10-15T19:57:04Z
gek76,xAJnxi24,TRUE,blitz,Black,black,1,2394,2,2396,2103,2025-10-15T19:52:20Z
gek76,QcjsDdy6,TRUE,blitz,White,white,1,2392,2,2394,2051,2025-10-15T19:46:21Z
gek76,oLMp1hko,TRUE,blitz,Black,black,1,2392,0,2392,1688,2025-10-15T19:42:15Z
gek76,hduto7ki,TRUE,blitz,White,NA,0.5,2396,-4,2392,2111,2025-10-15T19:35:59Z
gek76,33AU66P9,TRUE,blitz,Black,white,0,2402,-6,2396,2370,2025-10-15T19:29:36Z
gek76,aKwFzSAA,TRUE,blitz,Black,black,1,2402,0,2402,1862,2025-10-15T19:23:45Z
gek76,bGv4hxGR,TRUE,blitz,White,white,1,2401,1,2402,1893,2025-10-15T19:22:24Z
gek76,e7hUwHtO,TRUE,blitz,White,white,1,2401,0,2401,1883,2025-10-15T19:20:31Z
gek76,mI4fq89g,TRUE,blitz,Black,black,1,2400,1,2401,1688,2025-10-15T19:19:39Z
Stubenfisch,KnQlUbTq,TRUE,bullet,White,black,0,2521,-7,2514,2466,2025-10-15T17:22:37Z
Stubenfisch,izP3euGU,TRUE,bullet,Black,white,0,2527,-6,2521,2517,2025-10-15T17:21:22Z
Stubenfisch,gDwKgH1s,TRUE,bullet,White,white,1,2525,2,2527,2170,2025-10-15T17:20:13Z
Stubenfisch,KA25DRK3,TRUE,bullet,Black,black,1,2519,6,2525,2564,2025-10-15T17:19:09Z
Stubenfisch,fO6zkJHq,TRUE,bullet,White,white,1,2518,1,2519,1983,2025-10-15T17:18:09Z
Stubenfisch,pVlRx8Ro,TRUE,bullet,Black,white,0,2525,-7,2518,2457,2025-10-15T17:17:56Z
Stubenfisch,Y33Vi874,TRUE,bullet,White,white,1,2524,1,2525,2010,2025-10-15T17:16:39Z
Stubenfisch,OklcvTbb,TRUE,bullet,Black,white,0,2530,-6,2524,2508,2025-10-15T17:15:21Z
Stubenfisch,ALpQe6Jb,TRUE,bullet,White,white,1,2529,1,2530,2113,2025-10-15T17:14:00Z
Stubenfisch,B8mEtd2J,TRUE,bullet,Black,white,0,2536,-7,2529,2481,2025-10-15T17:12:45Z
Stubenfisch,MruUrt9a,TRUE,bullet,White,black,0,2546,-10,2536,2252,2025-10-15T17:11:41Z
Stubenfisch,T7sQVWY7,TRUE,bullet,White,white,1,2543,3,2546,2302,2025-10-15T17:10:20Z
Stubenfisch,rR8SqUkW,TRUE,bullet,Black,white,0,2553,-10,2543,2201,2025-10-15T17:08:57Z
Stubenfisch,R4Grq9Xc,TRUE,bullet,White,white,1,2549,4,2553,2451,2025-10-15T17:07:52Z
Stubenfisch,gvLRmehd,TRUE,bullet,Black,black,1,2547,2,2549,2301,2025-10-15T17:06:44Z
byebob,SwPHdQsc,TRUE,classical,White,NA,0.5,2518,0,2518,2504,2025-10-15T01:19:49Z
byebob,BxowoiXk,TRUE,rapid,White,white,1,2703,10,2713,2650,2025-10-14T14:40:10Z
byebob,IbjMTVj5,TRUE,rapid,White,NA,0.5,2705,-2,2703,2637,2025-10-14T02:52:04Z
byebob,OE2ET1BW,TRUE,bullet,White,black,0,2403,-1,2402,2772,2025-10-13T00:46:20Z
byebob,8OBGMvHP,TRUE,bullet,Black,black,1,2394,9,2403,2550,2025-10-12T23:35:09Z
byebob,144vJCk7,TRUE,bullet,White,white,1,2389,5,2394,2344,2025-10-12T23:33:34Z
byebob,gvBlGTAp,TRUE,bullet,Black,white,0,2395,-6,2389,2439,2025-10-12T23:30:36Z
byebob,S7hR8MFr,TRUE,bullet,White,white,1,2389,6,2395,2337,2025-10-12T23:27:50Z
byebob,pheDbavD,TRUE,bullet,Black,white,0,2395,-6,2389,2411,2025-10-12T19:25:06Z
byebob,HvQi8jeX,TRUE,rapid,Black,black,1,2695,10,2705,2644,2025-10-12T17:15:50Z
byebob,74e4EwNw,TRUE,rapid,White,NA,0.5,2697,-2,2695,2641,2025-10-12T17:00:53Z
byebob,2pbG5CKA,TRUE,bullet,Black,white,0,2401,-6,2395,2459,2025-10-11T18:00:52Z
byebob,UG3s3QBA,TRUE,bullet,White,black,0,2406,-5,2401,2454,2025-10-11T17:57:44Z
byebob,2qnLwVbM,TRUE,classical,Black,NA,0.5,2520,-2,2518,2473,2025-10-11T17:01:02Z
byebob,9cxMXhDC,TRUE,rapid,Black,black,1,2690,7,2697,2507,2025-10-10T22:04:36Z
vmalinovsky2009,WJ4fZWKv,TRUE,blitz,Black,black,1,2121,7,2128,2105,2025-10-14T15:14:32Z
vmalinovsky2009,HiEoIghg,TRUE,bullet,Black,black,1,2456,6,2462,2407,2025-10-14T15:12:25Z
vmalinovsky2009,36OmNBDR,TRUE,bullet,Black,black,1,2450,6,2456,2441,2025-10-14T14:24:48Z
vmalinovsky2009,H1ZLJvGi,TRUE,blitz,White,black,0,2133,-12,2121,1730,2025-10-10T17:47:08Z
vmalinovsky2009,rxBdYQZe,TRUE,blitz,Black,white,0,2143,-10,2133,1943,2025-10-10T17:43:45Z
vmalinovsky2009,falSwAzc,TRUE,blitz,White,white,1,2135,8,2143,2206,2025-10-10T17:37:13Z
vmalinovsky2009,CGLLTOdG,TRUE,blitz,White,white,1,2135,0,2135,1456,2025-10-10T17:35:54Z
vmalinovsky2009,sIODaLIF,TRUE,blitz,Black,white,0,2144,-9,2135,2034,2025-10-10T17:29:02Z
vmalinovsky2009,SSIMi9fh,TRUE,blitz,White,white,1,2143,1,2144,1400,2025-10-10T17:27:18Z
vmalinovsky2009,fl5M2xK9,TRUE,blitz,Black,black,1,2135,8,2143,2208,2025-10-10T17:22:07Z
vmalinovsky2009,m3hZCK7i,TRUE,blitz,White,black,0,2144,-9,2135,2060,2025-10-10T17:15:17Z
vmalinovsky2009,nqrPFsr1,TRUE,blitz,Black,black,1,2133,11,2144,2282,2025-10-10T17:08:20Z
vmalinovsky2009,dgEV3SGe,TRUE,bullet,White,black,0,2456,-6,2450,2471,2025-10-10T14:22:17Z
vmalinovsky2009,VD6zwAQ8,TRUE,bullet,White,black,0,2461,-5,2456,2498,2025-10-10T14:20:07Z
vmalinovsky2009,RneZZmlg,TRUE,bullet,Black,white,0,2468,-7,2461,2344,2025-10-10T14:18:13Z
THEDEADLYDESTROYER10,SW3cWy5L,TRUE,classical,Black,black,1,2327,5,2332,2154,2025-10-16T04:25:23Z
THEDEADLYDESTROYER10,jXMbGa6j,TRUE,classical,White,white,1,2320,7,2327,2227,2025-10-15T11:46:24Z
THEDEADLYDESTROYER10,jVHcbEbj,TRUE,classical,White,white,1,2314,6,2320,2182,2025-10-15T10:54:24Z
THEDEADLYDESTROYER10,tVMDqhub,TRUE,classical,Black,black,1,2306,8,2314,2275,2025-10-14T11:37:33Z
THEDEADLYDESTROYER10,cJmsUism,TRUE,classical,White,white,1,2299,7,2306,2228,2025-10-13T11:23:08Z
THEDEADLYDESTROYER10,u9Q9FYMO,TRUE,classical,Black,NA,0.5,2301,-2,2299,2209,2025-10-12T11:20:34Z
THEDEADLYDESTROYER10,EfGylOcg,TRUE,classical,Black,black,1,2296,5,2301,2109,2025-10-12T10:53:45Z
THEDEADLYDESTROYER10,55LITyOV,TRUE,classical,White,white,1,2289,7,2296,2203,2025-10-11T10:39:25Z
THEDEADLYDESTROYER10,XKc4VJeS,TRUE,classical,Black,black,1,2280,9,2289,2254,2025-10-11T09:51:51Z
THEDEADLYDESTROYER10,xxIV9h81,TRUE,classical,White,white,1,2273,7,2280,2151,2025-10-11T07:31:09Z
THEDEADLYDESTROYER10,POjOjHer,TRUE,classical,Black,NA,0.5,2278,-5,2273,2085,2025-10-11T06:40:53Z
THEDEADLYDESTROYER10,Ru7NJfzP,TRUE,classical,White,white,1,2270,8,2278,2174,2025-10-11T06:16:44Z
THEDEADLYDESTROYER10,hiQgk40N,TRUE,classical,White,white,1,2256,14,2270,2374,2025-10-11T05:37:18Z
THEDEADLYDESTROYER10,969JF9YI,TRUE,classical,Black,white,0,2267,-11,2256,2239,2025-10-11T05:20:01Z
THEDEADLYDESTROYER10,Jjhdto4r,TRUE,classical,Black,white,0,2282,-15,2267,2154,2025-10-10T11:58:39Z
Isaev_Anton_Val,YMr0Lsaz,TRUE,blitz,Black,NA,0.5,2402,-8,2394,1695,2025-10-14T14:26:09Z
Isaev_Anton_Val,PxNcYyrd,TRUE,blitz,White,white,1,2399,3,2402,2123,2025-10-14T14:23:03Z
Isaev_Anton_Val,ZoYkPcC0,TRUE,blitz,Black,black,1,2393,6,2399,2331,2025-10-14T14:19:10Z
Isaev_Anton_Val,CqbOjgzB,TRUE,blitz,White,NA,0.5,2398,-5,2393,2131,2025-10-14T14:15:48Z
Isaev_Anton_Val,C2J83Y0v,TRUE,blitz,White,white,1,2396,2,2398,2069,2025-10-14T14:10:38Z
Isaev_Anton_Val,MTbwQBtn,TRUE,blitz,Black,black,1,2396,0,2396,1336,2025-10-14T14:04:42Z
Isaev_Anton_Val,U6M9a3OY,TRUE,blitz,Black,black,1,2389,7,2396,2342,2025-10-14T14:00:03Z
Isaev_Anton_Val,dToFFhjy,TRUE,bullet,White,black,0,2613,-13,2600,2107,2025-10-13T14:09:30Z
Isaev_Anton_Val,3W8GIHPp,TRUE,bullet,Black,black,1,2607,6,2613,2539,2025-10-13T13:34:57Z
Isaev_Anton_Val,TkpOBU57,TRUE,bullet,White,white,1,2603,4,2607,2444,2025-10-13T12:58:30Z
Isaev_Anton_Val,BBqddOQV,TRUE,blitz,Black,NA,0.5,2393,-4,2389,2177,2025-10-07T14:24:03Z
Isaev_Anton_Val,0V6vveMh,TRUE,blitz,White,NA,0.5,2394,-1,2393,2358,2025-10-07T14:18:22Z
Isaev_Anton_Val,mPMCEqwA,TRUE,blitz,Black,black,1,2389,5,2394,2227,2025-10-07T14:10:20Z
Isaev_Anton_Val,vqh1eC1N,TRUE,blitz,White,white,1,2387,2,2389,2017,2025-10-07T14:06:42Z
Isaev_Anton_Val,z3HFAV9m,TRUE,blitz,Black,NA,0.5,2388,-1,2387,2347,2025-10-07T14:00:13Z
Nobita2345678,EVWOi4Zk,TRUE,blitz,Black,white,0,2256,-5,2251,2308,2025-10-16T02:59:22Z
Nobita2345678,mcgC0tyJ,TRUE,blitz,White,black,0,2261,-5,2256,2302,2025-10-16T02:50:20Z
Nobita2345678,C9lDt5M6,TRUE,rapid,White,white,1,2418,8,2426,2430,2025-10-15T16:29:19Z
Nobita2345678,8n23DgMe,TRUE,rapid,White,NA,0.5,2415,3,2418,2601,2025-10-15T10:57:45Z
Nobita2345678,57qEdkIe,TRUE,blitz,Black,white,0,2264,-3,2261,2462,2025-10-15T07:35:27Z
Nobita2345678,BqXaw22O,TRUE,blitz,Black,black,1,2258,6,2264,2266,2025-10-15T07:28:11Z
Nobita2345678,hhrTZSMF,TRUE,rapid,Black,NA,0.5,2412,3,2415,2526,2025-10-14T16:11:37Z
Nobita2345678,7SGju57H,TRUE,blitz,White,black,0,2262,-4,2258,2336,2025-10-14T11:27:11Z
Nobita2345678,bmRTqKnc,TRUE,rapid,White,NA,0.5,2412,0,2412,2426,2025-10-14T06:04:39Z
Nobita2345678,UY7OPdzz,TRUE,blitz,Black,white,0,2268,-6,2262,2275,2025-10-14T05:14:21Z
Nobita2345678,YocOxX0Q,TRUE,blitz,White,white,1,2261,7,2268,2336,2025-10-14T05:11:47Z
Nobita2345678,JgLtqJdk,TRUE,blitz,Black,NA,0.5,2259,2,2261,2382,2025-10-12T01:40:34Z
Nobita2345678,iLFhDndY,TRUE,blitz,White,black,0,2263,-4,2259,2328,2025-10-11T01:39:01Z
Nobita2345678,pKplYbQw,TRUE,blitz,White,black,0,2268,-5,2263,2346,2025-10-11T01:26:21Z
Nobita2345678,989AxwmX,TRUE,blitz,Black,NA,0.5,2268,0,2268,2278,2025-10-10T16:00:23Z
Zkid,WUsvBfEP,TRUE,blitz,Black,black,1,2872,6,2878,2743,2025-10-16T03:35:08Z
Zkid,iSZ0E8l7,TRUE,blitz,White,white,1,2868,4,2872,2662,2025-10-16T03:31:11Z
Zkid,lJdDWOmd,TRUE,blitz,Black,black,1,2862,6,2868,2765,2025-10-12T01:28:42Z
Zkid,3WYsWWUB,TRUE,blitz,White,white,1,2859,3,2862,2563,2025-10-11T18:02:33Z
Zkid,jlCsKGoS,TRUE,blitz,Black,black,1,2853,6,2859,2747,2025-10-11T17:59:02Z
Zkid,3XCccOEa,TRUE,blitz,White,white,1,2849,4,2853,2602,2025-10-11T17:01:04Z
Zkid,oZ8lPN7V,TRUE,blitz,Black,black,1,2843,6,2849,2697,2025-10-11T16:54:24Z
Zkid,NcWRDFGG,TRUE,blitz,White,white,1,2840,3,2843,2591,2025-10-11T16:29:49Z
Zkid,uS1GMybP,TRUE,blitz,White,white,1,2837,3,2840,2535,2025-10-11T00:12:57Z
Zkid,ZqtwhekY,TRUE,blitz,Black,black,1,2830,7,2837,2718,2025-10-11T00:08:07Z
Zkid,GmGXjy4y,TRUE,blitz,Black,black,1,2818,12,2830,2882,2025-10-10T22:13:39Z
Zkid,dGzvc8gH,TRUE,blitz,Black,white,0,2834,-16,2818,2647,2025-10-10T22:03:12Z
Zkid,FkQMhQrB,TRUE,blitz,White,black,0,2850,-16,2834,2636,2025-10-10T17:07:46Z
Zkid,KgwzZPqO,TRUE,blitz,Black,white,0,2857,-7,2850,2759,2025-07-25T23:38:00Z
Zkid,wNeUmkVO,TRUE,blitz,White,black,0,2864,-7,2857,2730,2025-07-25T23:36:44Z
IAMIN-CLASS-7-C,6KgLkIRP,TRUE,bullet,Black,white,0,1636,-10,1626,1577,2025-10-11T09:56:11Z
IAMIN-CLASS-7-C,m6oS72gB,TRUE,bullet,White,white,1,1628,8,1636,1587,2025-10-11T09:54:03Z
IAMIN-CLASS-7-C,Wxt23suo,TRUE,bullet,White,white,1,1619,9,1628,1619,2025-10-11T09:51:35Z
IAMIN-CLASS-7-C,3amiaYUp,TRUE,bullet,Black,white,0,1629,-10,1619,1622,2025-10-10T18:41:18Z
IAMIN-CLASS-7-C,PIxWwuES,TRUE,bullet,White,white,1,1619,10,1629,1606,2025-10-10T18:39:48Z
IAMIN-CLASS-7-C,U2dGIECy,TRUE,bullet,Black,NA,0.5,1620,-1,1619,1599,2025-10-10T18:37:35Z
IAMIN-CLASS-7-C,ykBsrel1,TRUE,bullet,White,white,1,1611,9,1620,1592,2025-10-03T16:48:06Z
IAMIN-CLASS-7-C,LvuVjpT8,TRUE,bullet,Black,white,0,1618,-7,1611,1625,2025-09-18T14:30:15Z
IAMIN-CLASS-7-C,TKBT6whS,TRUE,bullet,White,white,1,1611,7,1618,1589,2025-09-18T12:14:10Z
IAMIN-CLASS-7-C,lNKziqGi,TRUE,bullet,Black,white,0,1619,-8,1611,1593,2025-09-18T12:12:48Z
IAMIN-CLASS-7-C,YgIByGvm,TRUE,bullet,Black,black,1,1613,6,1619,1544,2025-09-18T12:10:57Z
IAMIN-CLASS-7-C,KHDTbt9j,TRUE,bullet,White,NA,0.5,1614,-1,1613,1570,2025-09-18T12:08:30Z
IAMIN-CLASS-7-C,xn2otS46,TRUE,bullet,Black,black,1,1606,8,1614,1604,2025-09-18T12:06:26Z
IAMIN-CLASS-7-C,ZtyFetg0,TRUE,bullet,White,white,1,1597,9,1606,1640,2025-09-18T12:04:14Z
IAMIN-CLASS-7-C,8zhePvLH,TRUE,bullet,Black,white,0,1603,-6,1597,1675,2025-09-18T12:03:31Z
Tiest,C4hTlUry,TRUE,blitz,Black,black,1,1381,16,1397,1231,2023-06-07T10:05:28Z
Tiest,b13qAmGB,TRUE,blitz,Black,black,1,1362,19,1381,1252,2023-06-07T09:45:00Z
Tiest,kwF6lYvf,TRUE,rapid,Black,white,0,1632,-18,1614,1625,2022-11-07T13:14:08Z
Tiest,4fPpLTDp,TRUE,rapid,White,white,1,1613,19,1632,1626,2022-11-07T13:10:17Z
Tiest,TMGDLW5o,TRUE,rapid,Black,black,1,1590,23,1613,1628,2022-11-07T13:07:21Z
Tiest,jvNCEPBg,TRUE,blitz,White,white,1,1342,20,1362,1471,2022-10-19T15:50:53Z
Tiest,WNJiMJpV,TRUE,blitz,Black,white,0,1359,-17,1342,1326,2022-10-19T15:41:54Z
Tiest,6U6SpYT0,TRUE,blitz,White,black,0,1381,-22,1359,1250,2022-10-19T15:32:40Z
Tiest,lYbOzJGY,TRUE,rapid,White,white,1,1576,14,1590,1612,2022-09-07T09:16:17Z
Tiest,HNu2ogbk,TRUE,rapid,Black,black,1,1575,1,1576,1085,2022-09-04T17:29:43Z
Tiest,LfqCNnf0,TRUE,blitz,Black,black,1,1381,0,1381,701,2022-09-02T11:54:32Z
Tiest,U3sCUMiu,TRUE,rapid,White,black,0,1595,-20,1575,1322,2022-09-01T09:45:36Z
Tiest,pBhhvkiH,TRUE,rapid,Black,NA,0.5,1600,-5,1595,1430,2022-09-01T09:31:38Z
Tiest,xvWUVyV5,TRUE,rapid,White,white,1,1599,1,1600,1065,2022-09-01T09:24:44Z
Tiest,krnZdI2y,TRUE,rapid,Black,white,0,1610,-11,1599,1665,2022-09-01T09:16:53Z
EsiriToneh,62TQoVTS,TRUE,bullet,Black,black,1,1710,3,1713,1528,2025-10-15T19:33:54Z
EsiriToneh,uZjc8N4U,TRUE,bullet,White,black,0,1715,-5,1710,1731,2025-10-15T19:30:20Z
EsiriToneh,eiyQAZDH,TRUE,bullet,White,black,0,1720,-5,1715,1755,2025-10-11T10:13:57Z
EsiriToneh,5d8mqKsJ,TRUE,bullet,Black,black,1,1713,7,1720,1794,2025-10-11T10:11:43Z
EsiriToneh,G7AUzp3q,TRUE,bullet,White,black,0,1720,-7,1713,1678,2025-10-11T10:09:16Z
EsiriToneh,h7CBr8aj,TRUE,bullet,White,black,0,1725,-5,1720,1757,2025-10-11T10:02:47Z
EsiriToneh,lNapnP1W,TRUE,bullet,Black,white,0,1729,-4,1725,1799,2025-10-11T09:12:17Z
EsiriToneh,ClO5iluj,TRUE,bullet,Black,black,1,1727,2,1729,1498,2025-10-11T09:10:01Z
EsiriToneh,OvI09LWL,TRUE,bullet,White,black,0,1733,-6,1727,1720,2025-10-09T10:53:36Z
EsiriToneh,Q86rIrGh,TRUE,bullet,White,black,0,1739,-6,1733,1721,2025-10-09T08:22:39Z
EsiriToneh,htH3VLP7,TRUE,bullet,Black,black,1,1732,7,1739,1772,2025-10-08T13:38:41Z
EsiriToneh,V6mwujrY,TRUE,bullet,Black,white,0,1738,-6,1732,1744,2025-10-07T07:16:52Z
EsiriToneh,5ANp2gr7,TRUE,bullet,Black,white,0,1744,-6,1738,1721,2025-10-06T23:03:32Z
EsiriToneh,xDZOoeBH,TRUE,bullet,White,white,1,1738,6,1744,1749,2025-10-05T22:10:49Z
EsiriToneh,iEJxIX4V,TRUE,bullet,Black,white,0,1744,-6,1738,1742,2025-10-05T22:08:21Z
Chess4BetterLife,PA2gfjyn,TRUE,blitz,White,black,0,1832,-6,1826,1912,2025-10-15T22:18:59Z
Chess4BetterLife,0XmH7xTP,TRUE,blitz,White,black,0,1840,-8,1832,1846,2025-10-15T22:08:30Z
Chess4BetterLife,5DxngiCJ,TRUE,blitz,Black,white,0,1849,-9,1840,1800,2025-10-15T22:00:33Z
Chess4BetterLife,XqDT5zsL,TRUE,blitz,Black,black,1,1842,7,1849,1795,2025-10-15T21:51:52Z
Chess4BetterLife,ZW4anGcH,TRUE,blitz,White,white,1,1833,9,1842,1825,2025-10-15T21:41:24Z
Chess4BetterLife,HomfCjfi,TRUE,blitz,White,black,0,1842,-9,1833,1851,2025-10-15T21:32:38Z
Chess4BetterLife,Z1CWWF51,TRUE,blitz,Black,black,1,1834,8,1842,1793,2025-10-15T21:28:57Z
Chess4BetterLife,meYPkVkw,TRUE,blitz,White,black,0,1844,-10,1834,1829,2025-10-15T21:19:16Z
Chess4BetterLife,luFvu2X4,TRUE,blitz,Black,black,1,1834,10,1844,1836,2025-10-15T21:16:12Z
Chess4BetterLife,FnPbYM0Z,TRUE,blitz,White,black,0,1844,-10,1834,1821,2025-10-15T21:07:16Z
Chess4BetterLife,w4wEzpwt,TRUE,blitz,Black,white,0,1854,-10,1844,1872,2025-10-11T22:41:43Z
Chess4BetterLife,dgT82pkH,TRUE,blitz,White,black,0,1864,-10,1854,1866,2025-10-11T22:34:04Z
Chess4BetterLife,GhasuXm7,TRUE,blitz,Black,black,1,1853,11,1864,1872,2025-10-11T22:24:37Z
Chess4BetterLife,oZ0Vh8Rq,TRUE,blitz,White,black,0,1862,-9,1853,1927,2025-10-11T22:15:03Z
Chess4BetterLife,O4sztez8,TRUE,blitz,Black,black,1,1851,11,1862,1852,2025-10-11T22:08:57Z
Anonimous-1981,UKgvZaZM,TRUE,rapid,Black,white,0,2654,-14,2640,2554,2025-10-10T12:58:29Z
Anonimous-1981,njK7uxEs,TRUE,rapid,White,black,0,2664,-10,2654,2645,2025-09-23T01:52:11Z
Anonimous-1981,LigYopux,TRUE,rapid,Black,white,0,2676,-12,2664,2483,2025-09-15T11:35:57Z
Anonimous-1981,0G6H7nZf,TRUE,rapid,White,white,1,2670,6,2676,2576,2025-09-15T11:09:52Z
Anonimous-1981,0oPgua2g,TRUE,rapid,White,black,0,2677,-7,2670,2733,2025-09-15T02:36:50Z
Anonimous-1981,WpUGewDh,TRUE,bullet,Black,white,0,2890,-8,2882,2886,2025-09-14T13:20:07Z
Anonimous-1981,I4s0p81N,TRUE,rapid,White,black,0,2689,-12,2677,2546,2025-09-14T09:13:17Z
Anonimous-1981,UnrUIGXO,TRUE,rapid,White,white,1,2681,8,2689,2627,2025-09-14T08:28:48Z
Anonimous-1981,PaSOkjJK,TRUE,rapid,White,white,1,2677,4,2681,2488,2025-09-14T08:17:16Z
Anonimous-1981,aQFLuDft,TRUE,rapid,Black,black,1,2668,9,2677,2645,2025-09-14T03:20:02Z
Anonimous-1981,C6QtU9PF,TRUE,rapid,White,white,1,2661,7,2668,2559,2025-09-14T02:36:26Z
Anonimous-1981,gQNwAcNW,TRUE,rapid,Black,black,1,2654,7,2661,2555,2025-09-14T02:01:46Z
Anonimous-1981,Yo9E1OmJ,TRUE,rapid,Black,NA,0.5,2656,-2,2654,2606,2025-09-13T14:48:44Z
Anonimous-1981,mGOHs0cH,TRUE,rapid,White,NA,0.5,2655,1,2656,2659,2025-09-13T14:29:49Z
Anonimous-1981,x04LJhQA,TRUE,rapid,White,white,1,2641,14,2655,2772,2025-09-13T09:50:43Z
watermelonlavida,xI8ZS4wa,TRUE,rapid,Black,black,1,2562,1,2563,2011,2025-10-15T10:44:35Z
watermelonlavida,PSDR2FMK,TRUE,rapid,White,NA,0.5,2573,-11,2562,2069,2025-10-15T10:18:06Z
watermelonlavida,ZiZ5Nydd,TRUE,rapid,White,white,1,2572,1,2573,1956,2025-10-14T11:27:04Z
watermelonlavida,oLzmjrHm,TRUE,rapid,Black,black,1,2565,7,2572,2413,2025-10-14T11:12:45Z
watermelonlavida,SLQpZfkc,TRUE,rapid,Black,black,1,2562,3,2565,2178,2025-10-13T12:12:10Z
watermelonlavida,w5gJg9QF,TRUE,rapid,White,white,1,2561,1,2562,2018,2025-10-13T11:47:24Z
watermelonlavida,HfRHwFgR,TRUE,rapid,Black,black,1,2560,1,2561,1989,2025-10-12T11:32:04Z
watermelonlavida,dtoXF10k,TRUE,rapid,White,white,1,2556,4,2560,2268,2025-10-12T11:02:21Z
watermelonlavida,PtdK6yUI,TRUE,rapid,White,white,1,2547,9,2556,2444,2025-10-09T14:40:00Z
watermelonlavida,TXGstVHs,TRUE,rapid,White,white,1,2546,1,2547,2065,2025-10-08T13:27:10Z
watermelonlavida,0jzO3DeI,TRUE,rapid,Black,black,1,2542,4,2546,2210,2025-10-08T13:04:49Z
watermelonlavida,Je9d1xSr,TRUE,rapid,Black,black,1,2540,2,2542,2081,2025-10-07T11:51:29Z
watermelonlavida,YU5d7I2G,TRUE,rapid,White,white,1,2539,1,2540,2082,2025-10-07T11:27:44Z
watermelonlavida,5mSU9mM1,TRUE,rapid,Black,black,1,2537,2,2539,2033,2025-10-06T10:22:22Z
watermelonlavida,OA6gfy34,TRUE,rapid,White,white,1,2536,1,2537,2025,2025-10-05T12:19:17Z
Autumn2Ashes,gMVgMFVy,TRUE,rapid,Black,white,0,1500,-192,1308,1574,2025-05-12T16:48:05Z
Autumn2Ashes,UCeFihcs,TRUE,blitz,Black,white,0,1166,-68,1098,1285,2023-09-18T23:58:27Z
Autumn2Ashes,c04wpoHh,TRUE,blitz,Black,black,1,1098,68,1166,911,2023-08-26T16:30:55Z
Autumn2Ashes,Fnkj1cAe,TRUE,classical,Black,black,1,1500,255,1755,1521,2023-06-10T00:21:46Z
Autumn2Ashes,wZ3RVHBo,TRUE,blitz,White,black,0,1228,-130,1098,1296,2023-03-19T13:16:44Z
Autumn2Ashes,mwhzqQPJ,TRUE,blitz,Black,white,0,1500,-272,1228,1450,2022-04-30T02:05:47Z
Wilhem_krazowsky,ccEkI6hy,TRUE,blitz,Black,black,1,1357,27,1384,1120,2024-05-23T18:58:45Z
Wilhem_krazowsky,Ngz6tzKY,TRUE,blitz,Black,white,0,1418,-61,1357,1469,2024-05-09T18:40:00Z
Wilhem_krazowsky,qRWxFt4S,TRUE,blitz,White,NA,0.5,1359,59,1418,1638,2024-05-09T18:30:34Z
Wilhem_krazowsky,LAemzJWz,TRUE,blitz,Black,white,0,1360,-1,1359,2323,2024-05-09T18:24:38Z
Wilhem_krazowsky,vDbusuoc,TRUE,blitz,White,white,1,1157,203,1360,1804,2024-05-09T18:18:07Z
Wilhem_krazowsky,cdR3sOfu,TRUE,blitz,White,black,0,1157,0,1157,2245,2024-05-09T18:11:02Z
Wilhem_krazowsky,22k2QDop,TRUE,blitz,Black,white,0,1159,-2,1157,2026,2024-05-09T18:02:12Z
Wilhem_krazowsky,DYKCaObO,TRUE,bullet,White,white,1,1642,7,1649,1466,2024-05-08T07:12:57Z
Wilhem_krazowsky,GWzvTAIA,TRUE,bullet,Black,white,0,1649,-7,1642,1842,2024-05-08T07:10:54Z
Wilhem_krazowsky,uJ1kW7BD,TRUE,bullet,Black,black,1,1647,2,1649,1148,2024-05-08T07:09:31Z
Wilhem_krazowsky,U5nRgeYk,TRUE,bullet,White,black,0,1656,-9,1647,1784,2024-05-08T07:07:24Z
Wilhem_krazowsky,xD9kT181,TRUE,bullet,White,white,1,1644,12,1656,1590,2024-05-08T07:04:46Z
Wilhem_krazowsky,subKdYWz,TRUE,bullet,Black,white,0,1654,-10,1644,1770,2024-05-08T07:02:19Z
Wilhem_krazowsky,tPtzffY4,TRUE,bullet,Black,black,1,1629,25,1654,1912,2024-05-06T19:37:58Z
Wilhem_krazowsky,bBmGRQ1E,TRUE,bullet,White,white,1,1603,26,1629,1848,2024-05-06T19:37:08Z
DeadAndForgotten,VPBb7gwX,TRUE,bullet,Black,black,1,1801,9,1810,2007,2025-08-02T19:14:25Z
DeadAndForgotten,Ie7CTAtD,TRUE,bullet,Black,black,1,1794,7,1801,1878,2025-08-02T19:12:08Z
DeadAndForgotten,6Pi71Dqe,TRUE,bullet,White,white,1,1789,5,1794,1705,2025-08-02T19:09:55Z
DeadAndForgotten,PeJa76Ml,TRUE,bullet,Black,white,0,1791,-2,1789,2060,2025-08-02T19:08:15Z
DeadAndForgotten,9TOaPipW,TRUE,bullet,White,black,0,1792,-1,1791,2192,2025-08-02T19:06:17Z
DeadAndForgotten,aWT6CJzn,TRUE,bullet,Black,white,0,1796,-4,1792,1938,2025-08-02T19:05:05Z
DeadAndForgotten,2a7YAMHQ,TRUE,bullet,White,black,0,1799,-3,1796,1953,2025-08-02T19:02:43Z
DeadAndForgotten,stoREzAA,TRUE,bullet,Black,white,0,1807,-8,1799,1679,2025-08-02T19:01:16Z
DeadAndForgotten,5r4jayn8,TRUE,bullet,White,black,0,1809,-2,1807,2101,2025-08-02T18:59:05Z
DeadAndForgotten,P6UkNZJ2,TRUE,bullet,Black,white,0,1810,-1,1809,2152,2025-08-02T18:57:15Z
DeadAndForgotten,SEEbXzlp,TRUE,bullet,White,white,1,1805,5,1810,1763,2025-08-02T18:56:25Z
DeadAndForgotten,gyMrrX3l,TRUE,bullet,Black,white,0,1809,-4,1805,1945,2025-08-02T18:55:13Z
DeadAndForgotten,AdjmJrqE,TRUE,bullet,White,black,0,1809,0,1809,2471,2025-08-02T18:52:52Z
DeadAndForgotten,02sOevTZ,TRUE,bullet,Black,white,0,1813,-4,1809,1939,2025-08-02T18:50:43Z
DeadAndForgotten,058XQ5FT,TRUE,bullet,White,black,0,1813,0,1813,2337,2025-08-02T18:49:09Z
ViperxXxVenom,ouP7PFlW,TRUE,bullet,White,white,1,2098,7,2105,2086,2025-09-21T15:48:00Z
ViperxXxVenom,6JF1cnCc,TRUE,bullet,Black,black,1,2093,5,2098,2041,2025-09-21T15:45:22Z
ViperxXxVenom,lQpAdeNx,TRUE,bullet,White,white,1,2087,6,2093,2076,2025-09-17T00:26:03Z
ViperxXxVenom,CW2ZdsjX,TRUE,bullet,Black,black,1,2083,4,2087,1924,2025-09-17T00:24:44Z
ViperxXxVenom,bYI7m7yN,TRUE,bullet,White,black,0,2087,-4,2083,2258,2025-09-17T00:23:41Z
ViperxXxVenom,4YIvebNC,TRUE,bullet,White,white,1,2083,4,2087,1942,2025-09-17T00:21:10Z
ViperxXxVenom,JiisLzvp,TRUE,bullet,White,white,1,2081,2,2083,1783,2025-09-17T00:19:38Z
ViperxXxVenom,tOVclrjP,TRUE,bullet,Black,white,0,2088,-7,2081,2020,2025-09-17T00:18:05Z
ViperxXxVenom,05iFOWFk,TRUE,bullet,White,white,1,2081,7,2088,2136,2025-09-13T15:11:16Z
ViperxXxVenom,9AWjKola,TRUE,bullet,Black,black,1,2075,6,2081,2083,2025-09-13T15:10:20Z
ViperxXxVenom,tigTyJDK,TRUE,bullet,White,white,1,2072,3,2075,1893,2025-09-13T15:09:20Z
ViperxXxVenom,Ma8XDw6T,TRUE,bullet,White,black,0,2073,-1,2072,2459,2025-09-13T15:08:30Z
ViperxXxVenom,LOmvbuDY,TRUE,bullet,Black,black,1,2068,5,2073,1973,2025-09-13T15:07:32Z
ViperxXxVenom,kFBi3HA4,TRUE,bullet,White,black,0,2072,-4,2068,2265,2025-09-13T15:06:23Z
ViperxXxVenom,kvcu5CZi,TRUE,bullet,White,NA,0.5,2069,3,2072,2234,2025-09-13T15:05:05Z
Guary1,Eg561qAT,TRUE,blitz,White,black,0,2684,0,2684,1801,2025-10-11T02:00:00Z
Guary1,yslnK7tj,TRUE,bullet,Black,white,0,3082,-7,3075,2976,2025-10-10T17:40:53Z
Guary1,HpOP4NGp,TRUE,bullet,Black,white,0,3091,-9,3082,2912,2025-10-10T17:38:48Z
Guary1,A0vMpDU9,TRUE,blitz,Black,black,1,2655,1,2656,2270,2025-10-09T03:48:01Z
Guary1,mN7BxpzF,TRUE,blitz,White,white,1,2654,1,2655,2318,2025-10-09T03:43:01Z
Guary1,5an9pbLS,TRUE,blitz,Black,white,0,2664,-10,2654,2285,2025-10-09T02:39:44Z
Guary1,d6yVur8Y,TRUE,blitz,Black,black,1,2664,0,2664,2004,2025-10-09T02:34:18Z
Guary1,a3qWj3zU,TRUE,blitz,White,white,1,2664,0,2664,1693,2025-10-09T02:30:08Z
Guary1,vqNFoLpk,TRUE,blitz,Black,black,1,2663,1,2664,2162,2025-10-09T02:27:06Z
Guary1,iUmqjRyv,TRUE,blitz,White,white,1,2663,0,2663,1938,2025-10-09T02:23:51Z
Guary1,fRk2LhJE,TRUE,blitz,Black,black,1,2662,1,2663,2271,2025-10-09T02:19:52Z
Guary1,llACmOi9,TRUE,blitz,White,white,1,2662,0,2662,1897,2025-10-09T01:38:38Z
Guary1,b0N6V58h,TRUE,blitz,White,white,1,2660,2,2662,2331,2025-10-09T01:37:18Z
Guary1,RrNkl19M,TRUE,blitz,Black,black,1,2660,0,2660,2000,2025-10-09T01:34:13Z
Guary1,BBPNV7NE,TRUE,blitz,White,white,1,2660,0,2660,1899,2025-10-09T01:29:51Z
slamdunk86,sfQ61jhL,TRUE,bullet,Black,white,0,1500,-39,1461,2085,2024-08-03T16:34:56Z
chesspawnrookking,DSw0l67T,TRUE,rapid,Black,black,1,2481,3,2484,2264,2025-10-13T17:44:14Z
chesspawnrookking,MgLyDHNb,TRUE,rapid,Black,black,1,2476,5,2481,2358,2025-10-12T22:11:59Z
chesspawnrookking,p9xOADpS,TRUE,bullet,White,white,1,2689,3,2692,2487,2025-10-12T22:10:34Z
chesspawnrookking,83QVy46z,TRUE,rapid,Black,black,1,2472,4,2476,2293,2025-10-12T22:00:45Z
chesspawnrookking,8K2ESDVa,TRUE,blitz,White,white,1,2407,4,2411,2303,2025-10-12T21:27:37Z
chesspawnrookking,RfRYbcPz,TRUE,bullet,White,black,0,2700,-11,2689,2335,2025-10-12T21:25:05Z
chesspawnrookking,XtK6Pune,TRUE,bullet,Black,white,0,2712,-12,2700,2307,2025-10-12T21:23:14Z
chesspawnrookking,nWGGPH0t,TRUE,bullet,Black,black,1,2710,2,2712,2334,2025-10-12T21:22:00Z
chesspawnrookking,kdjwDzWx,TRUE,bullet,White,white,1,2710,0,2710,2189,2025-10-12T21:20:28Z
chesspawnrookking,FkPAsviw,TRUE,bullet,White,black,0,2718,-8,2710,2604,2025-10-12T21:19:11Z
chesspawnrookking,v5vpKFb0,TRUE,bullet,Black,black,1,2718,0,2718,2001,2025-10-12T21:17:19Z
chesspawnrookking,vM464gR2,TRUE,bullet,White,white,1,2718,0,2718,1934,2025-10-12T21:15:46Z
chesspawnrookking,5iFDMCLA,TRUE,bullet,Black,white,0,2727,-9,2718,2547,2025-10-12T21:14:34Z
chesspawnrookking,6gP7LAOq,TRUE,bullet,Black,black,1,2726,1,2727,2211,2025-10-12T21:13:16Z
chesspawnrookking,iEGAGhHK,TRUE,bullet,White,white,1,2726,0,2726,1721,2025-10-12T21:11:12Z
MakeHellTal,tDSAWAIy,TRUE,bullet,Black,black,1,2492,4,2496,2402,2025-10-15T00:55:43Z
MakeHellTal,9Mm0xmED,TRUE,bullet,White,black,0,2496,-4,2492,2599,2025-10-15T00:46:17Z
MakeHellTal,OPkUykrF,TRUE,bullet,White,NA,0.5,2495,1,2496,2556,2025-10-14T16:26:39Z
MakeHellTal,EDNPBCdY,TRUE,bullet,Black,black,1,2488,7,2495,2542,2025-10-13T20:12:22Z
MakeHellTal,qew6vU0E,TRUE,bullet,Black,black,1,2482,6,2488,2504,2025-10-13T20:09:59Z
MakeHellTal,LTjl0Pzz,TRUE,bullet,White,white,1,2476,6,2482,2543,2025-10-13T20:07:41Z
MakeHellTal,fthzGieH,TRUE,bullet,Black,black,1,2470,6,2476,2483,2025-10-13T20:06:39Z
MakeHellTal,ucvWOWyj,TRUE,bullet,Black,white,0,2473,-3,2470,2595,2025-10-13T20:06:02Z
MakeHellTal,7xrDsEw5,TRUE,bullet,White,black,0,2478,-5,2473,2533,2025-10-13T20:03:58Z
MakeHellTal,FGCuEK1m,TRUE,bullet,Black,black,1,2470,8,2478,2596,2025-10-13T17:43:18Z
MakeHellTal,r08UJK5O,TRUE,bullet,White,black,0,2476,-6,2470,2456,2025-10-12T02:07:44Z
MakeHellTal,mJ9AIFNC,TRUE,bullet,Black,white,0,2482,-6,2476,2450,2025-10-12T02:06:17Z
MakeHellTal,h43HKvrX,TRUE,bullet,White,white,1,2477,5,2482,2455,2025-10-12T02:05:08Z
MakeHellTal,W26siOkD,TRUE,bullet,Black,NA,0.5,2477,0,2477,2455,2025-10-12T02:03:56Z
MakeHellTal,J16Ticzb,TRUE,bullet,White,white,1,2472,5,2477,2460,2025-10-12T02:02:41Z
HesiTweenPull,1O9F0jls,TRUE,blitz,Black,white,0,2355,-9,2346,2302,2025-10-11T20:41:29Z
HesiTweenPull,54BKL2lK,TRUE,blitz,White,white,1,2347,8,2355,2337,2025-10-11T20:33:40Z
HesiTweenPull,VUedc9Hh,TRUE,blitz,White,white,1,2339,8,2347,2332,2025-10-11T20:25:50Z
HesiTweenPull,rQJKz1Xw,TRUE,blitz,Black,black,1,2331,8,2339,2323,2025-10-11T20:17:49Z
HesiTweenPull,LPvg8Ygm,TRUE,blitz,Black,NA,0.5,2333,-2,2331,2251,2025-10-11T18:42:31Z
HesiTweenPull,qIiYzPBn,TRUE,blitz,White,white,1,2327,6,2333,2239,2025-10-11T18:37:06Z
HesiTweenPull,p0AE2xyA,TRUE,bullet,Black,white,0,2622,-10,2612,2464,2025-10-10T15:21:12Z
HesiTweenPull,CQKtUg8Z,TRUE,bullet,White,NA,0.5,2621,1,2622,2667,2025-10-10T15:18:22Z
HesiTweenPull,UZupFcQK,TRUE,bullet,Black,white,0,2626,-5,2621,2738,2025-10-10T15:16:28Z
HesiTweenPull,TjeuGqHP,TRUE,bullet,White,white,1,2621,5,2626,2497,2025-10-10T15:14:22Z
HesiTweenPull,lSDIBFvo,TRUE,blitz,White,white,1,2319,8,2327,2315,2025-10-05T15:53:39Z
HesiTweenPull,YUFnuhvG,TRUE,blitz,Black,white,0,2325,-6,2319,2402,2025-10-05T15:51:10Z
HesiTweenPull,KrYPaRzH,TRUE,blitz,White,black,0,2333,-8,2325,2379,2025-10-05T15:45:03Z
HesiTweenPull,xkBqVO3M,TRUE,blitz,Black,white,0,2340,-7,2333,2364,2025-10-05T15:38:45Z
HesiTweenPull,ZrrxIeB7,TRUE,blitz,Black,white,0,2349,-9,2340,2335,2025-09-30T22:28:20Z
Salomon_V,agdrLsLp,TRUE,classical,White,white,1,2228,2,2230,1866,2025-10-15T16:33:56Z
Salomon_V,jaOfKTYU,TRUE,classical,Black,black,1,2226,2,2228,1868,2025-10-15T16:18:11Z
Salomon_V,AdkSZuTu,TRUE,classical,White,white,1,2222,4,2226,2034,2025-10-15T15:56:33Z
Salomon_V,ziVCgkOj,TRUE,classical,Black,black,1,2217,5,2222,2031,2025-10-15T15:34:30Z
Salomon_V,5coeDvMp,TRUE,classical,White,white,1,2213,4,2217,1993,2025-10-15T14:28:01Z
Salomon_V,3RlMiwGk,TRUE,classical,White,white,1,2211,2,2213,1840,2025-10-14T15:50:24Z
Salomon_V,q1mywqvG,TRUE,classical,Black,black,1,2209,2,2211,1841,2025-10-14T15:43:25Z
Salomon_V,tPnEBiyK,TRUE,classical,White,white,1,2207,2,2209,1842,2025-10-14T15:40:10Z
Salomon_V,6yjgoYTA,TRUE,classical,Black,black,1,2205,2,2207,1844,2025-10-14T15:19:17Z
Salomon_V,JlP8tYtx,TRUE,bullet,White,white,1,2738,5,2743,2709,2025-10-14T05:09:16Z
Salomon_V,Mjay7lzb,TRUE,bullet,Black,black,1,2734,4,2738,2652,2025-10-14T05:01:45Z
Salomon_V,fCO63GG0,TRUE,bullet,White,white,1,2729,5,2734,2650,2025-10-14T05:00:04Z
Salomon_V,KPku2G4N,TRUE,bullet,White,white,1,2725,4,2729,2660,2025-10-14T04:55:31Z
Salomon_V,EeQrMTz6,TRUE,bullet,Black,black,1,2720,5,2725,2665,2025-10-14T04:53:49Z
Salomon_V,F0RqME0n,TRUE,bullet,White,white,1,2715,5,2720,2670,2025-10-14T04:52:35Z
LC-Racing,L03PAxEX,TRUE,bullet,White,white,1,1747,11,1758,1741,2025-10-15T21:38:57Z
LC-Racing,wOQjBrT2,TRUE,bullet,Black,white,0,1752,-5,1747,1973,2025-10-15T21:36:22Z
LC-Racing,3RQQ8Lsf,TRUE,bullet,Black,white,0,1754,-2,1752,2193,2025-10-15T21:35:25Z
LC-Racing,ZQq1Fkxg,TRUE,classical,White,black,0,1608,-8,1600,1837,2025-10-10T22:13:25Z
LC-Racing,7y9gWpVW,TRUE,classical,Black,black,1,1589,19,1608,1582,2025-10-10T22:06:38Z
LC-Racing,hXylpshq,TRUE,classical,Black,black,1,1558,31,1589,1774,2025-10-10T22:04:18Z
LC-Racing,auZVKZh8,TRUE,bullet,White,black,0,1764,-10,1754,1768,2025-10-07T21:49:51Z
LC-Racing,7qJim2FW,TRUE,bullet,Black,black,1,1763,1,1764,1257,2025-10-07T21:48:02Z
LC-Racing,Jsiry022,TRUE,bullet,Black,NA,0.5,1761,2,1763,1816,2025-10-07T21:45:30Z
LC-Racing,HMkdx4WO,TRUE,rapid,Black,white,0,1499,-30,1469,1218,2025-10-07T21:26:46Z
LC-Racing,ObVnyUmL,TRUE,rapid,White,white,1,1491,8,1499,1251,2025-10-07T21:23:58Z
LC-Racing,PO2CSgZ2,TRUE,rapid,White,white,1,1473,18,1491,1461,2025-10-07T21:21:16Z
LC-Racing,NlVR9Zdp,TRUE,rapid,Black,white,0,1502,-29,1473,1299,2025-10-07T21:12:15Z
LC-Racing,pIviVSb2,TRUE,blitz,Black,black,1,1654,8,1662,1636,2025-10-07T19:51:03Z
LC-Racing,iFyKFT55,TRUE,blitz,White,black,0,1663,-9,1654,1652,2025-10-07T19:48:51Z
faznaz83,FoEZkROK,TRUE,classical,White,NA,0.5,2358,1,2359,2401,2025-10-15T13:00:15Z
faznaz83,ALk4OmsF,TRUE,classical,White,white,1,2352,6,2358,2127,2025-10-10T14:00:08Z
faznaz83,InftFagg,TRUE,classical,Black,black,1,2347,5,2352,2099,2025-10-05T20:03:21Z
faznaz83,6EwFsUSH,TRUE,classical,Black,black,1,2337,10,2347,2236,2025-09-27T12:02:33Z
faznaz83,0yuMPEST,TRUE,classical,Black,black,1,2331,6,2337,2160,2025-09-11T22:00:25Z
faznaz83,50qCakK1,TRUE,blitz,Black,black,1,2299,4,2303,2193,2025-09-08T17:48:36Z
faznaz83,0AezsMcJ,TRUE,blitz,White,NA,0.5,2300,-1,2299,2237,2025-09-08T17:44:34Z
faznaz83,oTumOIy9,TRUE,blitz,Black,black,1,2295,5,2300,2236,2025-09-08T17:41:06Z
faznaz83,tnPFmBne,TRUE,blitz,White,black,0,2302,-7,2295,2237,2025-09-08T17:35:37Z
faznaz83,OyE0iUnC,TRUE,blitz,White,white,1,2297,5,2302,2221,2025-09-08T14:56:39Z
faznaz83,OPZBEyDS,TRUE,blitz,White,white,1,2292,5,2297,2260,2025-09-08T14:52:14Z
faznaz83,ytz5oA80,TRUE,blitz,Black,white,0,2300,-8,2292,2154,2025-09-08T14:45:15Z
faznaz83,b3gmyDRl,TRUE,blitz,Black,black,1,2294,6,2300,2284,2025-09-08T14:40:03Z
faznaz83,G3hcHKLu,TRUE,blitz,White,white,1,2289,5,2294,2288,2025-09-08T14:36:10Z
faznaz83,KmJDyoZd,TRUE,blitz,Black,white,0,2293,-4,2289,2416,2025-09-08T14:29:30Z
PearlyJolly,9gJ3nwPD,TRUE,blitz,White,white,1,1433,44,1477,1151,2025-10-12T06:27:10Z
PearlyJolly,TqLkjSaw,TRUE,blitz,Black,black,1,1339,94,1433,1282,2025-10-12T06:24:19Z
PearlyJolly,49MnKW7P,TRUE,blitz,White,white,1,1101,238,1339,1689,2025-10-12T06:20:04Z
PearlyJolly,EJXPN85V,TRUE,blitz,Black,white,0,1137,-36,1101,1637,2025-10-12T06:13:37Z
PearlyJolly,emdowKII,TRUE,blitz,White,black,0,1211,-74,1137,1500,2025-10-12T06:05:55Z
PearlyJolly,uCozBa5I,TRUE,blitz,White,black,0,1500,-289,1211,1432,2025-07-04T09:51:31Z
Sniper_King55_58,0AeqH6Na,TRUE,rapid,White,black,0,2172,-11,2161,2033,2025-10-12T08:01:52Z
Sniper_King55_58,VD4Gxzuw,TRUE,rapid,Black,black,1,2164,8,2172,2143,2025-10-12T07:45:06Z
Sniper_King55_58,bq1Eybcf,TRUE,rapid,Black,black,1,2159,5,2164,2031,2025-10-12T07:34:52Z
Sniper_King55_58,McktOnl8,TRUE,rapid,White,white,1,2150,9,2159,2187,2025-10-11T18:23:12Z
Sniper_King55_58,xlwrmdBs,TRUE,rapid,Black,black,1,2142,8,2150,2148,2025-10-11T17:45:15Z
Sniper_King55_58,Una9C8Rs,TRUE,rapid,Black,black,1,2133,9,2142,2124,2025-10-11T09:22:13Z
Sniper_King55_58,3csp66La,TRUE,rapid,White,white,1,2129,4,2133,1961,2025-10-11T09:14:35Z
Sniper_King55_58,WYOY7CND,TRUE,classical,Black,white,0,2093,-39,2054,1685,2025-10-10T17:17:33Z
Sniper_King55_58,vITD9gp5,TRUE,blitz,Black,black,1,2105,7,2112,2076,2025-10-08T10:44:53Z
Sniper_King55_58,2kpvJ8Z8,TRUE,bullet,Black,black,1,2312,7,2319,2305,2025-10-08T10:42:19Z
Sniper_King55_58,WvMPBJID,TRUE,blitz,White,white,1,2099,6,2105,2030,2025-10-07T10:56:05Z
Sniper_King55_58,j43e8m8r,TRUE,blitz,White,NA,0.5,2097,2,2099,2184,2025-10-07T10:49:49Z
Sniper_King55_58,mBG534E0,TRUE,bullet,White,white,1,2305,7,2312,2300,2025-10-07T10:47:43Z
Sniper_King55_58,GhmncTdH,TRUE,bullet,Black,black,1,2298,7,2305,2273,2025-10-07T10:45:57Z
Sniper_King55_58,gUcfpIYQ,TRUE,bullet,White,white,1,2291,7,2298,2292,2025-10-07T10:44:34Z
b2rrr,hNP7Jld6,TRUE,blitz,White,black,0,2214,-15,2199,1886,2025-10-07T17:16:54Z
b2rrr,M7DAJCWf,TRUE,blitz,Black,black,1,2208,6,2214,2100,2025-10-07T17:10:35Z
b2rrr,sHWPDlLd,TRUE,blitz,White,white,1,2205,3,2208,1881,2025-10-07T17:05:39Z
b2rrr,ZCuSWqYC,TRUE,blitz,Black,white,0,2219,-14,2205,2024,2025-10-07T17:00:55Z
b2rrr,lPKX0jnF,TRUE,blitz,Black,black,1,2216,3,2219,1881,2025-10-07T16:57:35Z
b2rrr,Es1LCso6,TRUE,blitz,White,black,0,2230,-14,2216,2024,2025-10-07T16:55:54Z
b2rrr,y3phLK7S,TRUE,blitz,Black,black,1,2228,2,2230,1862,2025-10-07T16:49:16Z
b2rrr,p1h6Iqsh,TRUE,blitz,White,white,1,2225,3,2228,1947,2025-10-07T16:44:56Z
b2rrr,PFm3yeA9,TRUE,blitz,White,white,1,2225,0,2225,1574,2025-10-07T16:42:03Z
b2rrr,na3Y9nPV,TRUE,blitz,Black,black,1,2215,10,2225,2207,2025-10-07T16:00:01Z
b2rrr,UPlgt5mK,TRUE,bullet,White,black,0,2384,-10,2374,2394,2025-09-28T17:27:03Z
b2rrr,0tqN6B5Z,TRUE,bullet,White,black,0,2394,-10,2384,2371,2025-09-28T17:24:49Z
b2rrr,Dfg4bEj8,TRUE,bullet,White,white,1,2385,9,2394,2335,2025-09-28T17:22:54Z
b2rrr,xsHFS4e2,TRUE,bullet,Black,black,1,2376,9,2385,2340,2025-09-28T17:20:50Z
b2rrr,qcKxOZO7,TRUE,bullet,White,black,0,2386,-10,2376,2403,2025-09-28T17:19:11Z
metan0ia,PpnlIXA5,TRUE,blitz,White,black,0,2789,-6,2783,2780,2025-10-16T04:28:48Z
metan0ia,7HBueOnd,TRUE,blitz,White,white,1,2785,4,2789,2605,2025-10-16T01:43:36Z
metan0ia,dbPvu93n,TRUE,blitz,Black,white,0,2792,-7,2785,2759,2025-10-16T01:36:51Z
metan0ia,KkFrPRXf,TRUE,blitz,White,NA,0.5,2793,-1,2792,2750,2025-10-16T01:30:57Z
metan0ia,5G2zN9Cb,TRUE,blitz,Black,white,0,2801,-8,2793,2743,2025-10-16T01:26:04Z
metan0ia,GStFrjaY,TRUE,rapid,White,white,1,2706,8,2714,2536,2025-10-11T04:20:33Z
metan0ia,Quo3sT6C,TRUE,rapid,Black,black,1,2699,7,2706,2540,2025-10-11T04:07:46Z
metan0ia,FeeZAErA,TRUE,rapid,Black,black,1,2691,8,2699,2541,2025-10-10T05:16:46Z
metan0ia,J2oc3i7S,TRUE,rapid,White,white,1,2682,9,2691,2544,2025-10-10T04:46:50Z
metan0ia,IFfXGpNZ,TRUE,blitz,White,white,1,2797,4,2801,2666,2025-10-10T02:30:29Z
metan0ia,50sZXGMB,TRUE,blitz,Black,NA,0.5,2799,-2,2797,2628,2025-10-10T02:22:39Z
metan0ia,70JUWXVx,TRUE,blitz,Black,black,1,2796,3,2799,2638,2025-10-10T02:16:09Z
metan0ia,UVLzTlUj,TRUE,blitz,Black,black,1,2792,4,2796,2629,2025-10-10T02:10:13Z
metan0ia,I4i0tKC9,TRUE,blitz,White,black,0,2801,-9,2792,2616,2025-10-08T16:57:30Z
metan0ia,l2qqC9Ji,TRUE,rapid,White,white,1,2677,5,2682,2437,2025-10-05T04:11:30Z
Mathealira,yr3SNfx6,TRUE,blitz,Black,white,0,1781,-7,1774,1691,2025-10-15T18:42:42Z
Mathealira,vnn8D3ca,TRUE,blitz,White,white,1,1778,3,1781,1613,2025-10-15T18:38:57Z
Mathealira,VWEL397W,TRUE,blitz,White,black,0,1783,-5,1778,1816,2025-10-15T18:32:46Z
Mathealira,Z6EWy2ZL,TRUE,bullet,Black,white,0,1739,-2,1737,1998,2025-10-15T18:25:31Z
Mathealira,XY2egC0O,TRUE,bullet,White,black,0,1746,-7,1739,1688,2025-10-15T18:22:58Z
Mathealira,Agdbz3Ki,TRUE,bullet,Black,white,0,1750,-4,1746,1890,2025-10-15T18:19:38Z
Mathealira,aorpxMz8,TRUE,bullet,White,white,1,1745,5,1750,1644,2025-10-15T18:19:01Z
Mathealira,dIxRV2R1,TRUE,blitz,Black,white,0,1788,-5,1783,1862,2025-10-15T12:29:27Z
Mathealira,tyHskFJO,TRUE,blitz,White,black,0,1792,-4,1788,1922,2025-10-15T12:22:57Z
Mathealira,FsTfjnJm,TRUE,blitz,Black,black,1,1784,8,1792,1858,2025-10-15T12:19:19Z
Mathealira,zbykDRD0,TRUE,blitz,White,white,1,1778,6,1784,1808,2025-10-15T12:13:24Z
Mathealira,Yp4qT28P,TRUE,blitz,White,white,1,1771,7,1778,1795,2025-10-15T12:06:36Z
Mathealira,t7bdLncZ,TRUE,blitz,Black,white,0,1777,-6,1771,1802,2025-10-13T00:41:50Z
Mathealira,9vyF0ZnD,TRUE,blitz,White,black,0,1782,-5,1777,1780,2025-10-13T00:37:46Z
Mathealira,oNTQzpww,TRUE,blitz,White,white,1,1776,6,1782,1804,2025-10-13T00:37:20Z
Psamhie,dxsZjx3F,TRUE,bullet,White,black,0,1883,-6,1877,1914,2025-10-15T19:30:36Z
Psamhie,jtAryT05,TRUE,bullet,Black,black,1,1876,7,1883,1902,2025-10-14T17:56:42Z
Psamhie,d4phCCrO,TRUE,bullet,White,black,0,1882,-6,1876,1910,2025-10-14T08:58:02Z
Psamhie,vQ1JQD7Z,TRUE,bullet,Black,white,0,1887,-5,1882,1905,2025-10-14T08:56:57Z
Psamhie,k1zQ0WEV,TRUE,bullet,White,black,0,1893,-6,1887,1899,2025-10-14T08:54:39Z
Psamhie,ysLs62Ez,TRUE,bullet,Black,black,1,1887,6,1893,1905,2025-10-14T08:52:28Z
Psamhie,u8ddHaBf,TRUE,bullet,White,NA,0.5,1886,1,1887,1905,2025-10-14T08:50:14Z
Psamhie,PjQrPO4t,TRUE,bullet,Black,white,0,1892,-6,1886,1900,2025-10-14T08:48:40Z
Psamhie,4NJiifnL,TRUE,bullet,White,black,0,1897,-5,1892,1927,2025-10-14T08:45:52Z
Psamhie,WtA985lb,TRUE,bullet,White,black,0,1902,-5,1897,1919,2025-10-14T08:43:32Z
Psamhie,svtqNlpr,TRUE,bullet,Black,black,1,1896,6,1902,1932,2025-10-14T08:41:12Z
Psamhie,qIQXEHh7,TRUE,bullet,Black,black,1,1891,5,1896,1866,2025-10-14T08:38:54Z
Psamhie,ETLLdbgm,TRUE,bullet,Black,NA,0.5,1890,1,1891,1910,2025-10-14T08:36:30Z
Psamhie,eaqU1JXk,TRUE,bullet,White,black,0,1897,-7,1890,1863,2025-10-14T08:33:56Z
Psamhie,GUFHzzKH,TRUE,bullet,White,black,0,1903,-6,1897,1887,2025-10-14T04:46:27Z
Xavierb05,UcrnItxR,TRUE,bullet,White,black,0,2483,-6,2477,2481,2025-10-15T18:08:59Z
Xavierb05,1djMeXzz,TRUE,bullet,White,black,0,2489,-6,2483,2477,2025-10-15T18:06:15Z
Xavierb05,XVkYgjTB,TRUE,bullet,Black,white,0,2495,-6,2489,2452,2025-10-15T18:04:12Z
Xavierb05,g3G5xJUs,TRUE,bullet,White,white,1,2492,3,2495,2352,2025-10-15T18:01:43Z
Xavierb05,ouwHtBuf,TRUE,bullet,Black,black,1,2488,4,2492,2314,2025-10-15T18:00:03Z
Xavierb05,gjPSRNXP,TRUE,bullet,White,black,0,2494,-6,2488,2498,2025-10-15T13:00:09Z
Xavierb05,14jFVsUT,TRUE,bullet,Black,white,0,2500,-6,2494,2497,2025-10-15T12:58:22Z
Xavierb05,x8OVKstx,TRUE,bullet,Black,black,1,2496,4,2500,2371,2025-10-15T12:56:34Z
Xavierb05,QaarVvNv,TRUE,bullet,White,white,1,2492,4,2496,2357,2025-10-15T12:54:27Z
Xavierb05,3K8fzxHe,TRUE,bullet,Black,black,1,2487,5,2492,2460,2025-10-15T12:51:53Z
Xavierb05,s7eRztyM,TRUE,bullet,Black,white,0,2494,-7,2487,2432,2025-10-15T12:51:16Z
Xavierb05,dyYs8LAR,TRUE,bullet,White,black,0,2502,-8,2494,2358,2025-10-15T12:48:22Z
Xavierb05,d3hxlXji,TRUE,bullet,White,white,1,2496,6,2502,2489,2025-10-15T12:21:27Z
Xavierb05,9RVK2tWQ,TRUE,bullet,Black,white,0,2503,-7,2496,2439,2025-10-15T10:30:53Z
Xavierb05,jCmYuJ2P,TRUE,bullet,Black,NA,0.5,2503,0,2503,2464,2025-10-15T09:40:04Z
CrouchingTiger,gQuGxmM0,TRUE,bullet,Black,white,0,2495,-7,2488,2438,2025-10-10T03:08:01Z
CrouchingTiger,M8BdVXfq,TRUE,bullet,White,NA,0.5,2496,-1,2495,2438,2025-10-10T03:05:00Z
CrouchingTiger,Npqapw3p,TRUE,bullet,White,white,1,2491,5,2496,2421,2025-10-10T03:04:02Z
CrouchingTiger,1pMm8Vfe,TRUE,bullet,Black,black,1,2484,7,2491,2548,2025-10-10T03:01:22Z
CrouchingTiger,B3Uj8hNH,TRUE,bullet,White,black,0,2489,-5,2484,2534,2025-10-08T03:52:21Z
CrouchingTiger,rOSrRSWQ,TRUE,bullet,White,white,1,2483,6,2489,2533,2025-10-08T03:47:50Z
CrouchingTiger,zn1eKw5V,TRUE,bullet,Black,white,0,2488,-5,2483,2483,2025-10-08T03:21:24Z
CrouchingTiger,4CuIASy9,TRUE,bullet,Black,black,1,2484,4,2488,2371,2025-10-08T03:18:56Z
CrouchingTiger,z7O1ZRC7,TRUE,bullet,Black,black,1,2480,4,2484,2392,2025-10-08T03:17:10Z
CrouchingTiger,ZWJgd6t9,TRUE,bullet,White,black,0,2486,-6,2480,2456,2025-10-07T03:36:54Z
CrouchingTiger,bdNG05Hk,TRUE,bullet,Black,black,1,2478,8,2486,2570,2025-10-07T03:34:43Z
CrouchingTiger,zV0Zj3cD,TRUE,bullet,White,white,1,2474,4,2478,2403,2025-10-07T03:33:19Z
CrouchingTiger,w9DaVH04,TRUE,bullet,White,white,1,2467,7,2474,2459,2025-10-07T03:31:17Z
CrouchingTiger,RjWaKrZI,TRUE,bullet,Black,black,1,2462,5,2467,2415,2025-10-07T03:29:15Z
CrouchingTiger,YoOcGW0W,TRUE,bullet,Black,white,0,2468,-6,2462,2480,2025-10-06T19:41:25Z
GurevskoiDV,PJKZDc7c,TRUE,blitz,White,white,1,2402,4,2406,2274,2025-10-15T03:40:40Z
GurevskoiDV,x874agQD,TRUE,blitz,Black,black,1,2395,7,2402,2457,2025-10-15T03:34:05Z
GurevskoiDV,JmOLzzjr,TRUE,blitz,Black,black,1,2388,7,2395,2474,2025-10-15T03:27:30Z
GurevskoiDV,qq5ul8qA,TRUE,blitz,Black,black,1,2383,5,2388,2364,2025-10-15T03:24:20Z
GurevskoiDV,3OUwCzTx,TRUE,blitz,White,black,0,2389,-6,2383,2350,2025-10-15T03:18:18Z
GurevskoiDV,lflwCfZd,TRUE,blitz,Black,white,0,2397,-8,2389,2234,2025-10-15T03:14:21Z
GurevskoiDV,NWMyZygF,TRUE,blitz,White,black,0,2405,-8,2397,2313,2025-10-15T03:08:51Z
GurevskoiDV,Djp4FW64,TRUE,bullet,Black,black,1,2351,7,2358,2276,2025-10-14T22:46:00Z
GurevskoiDV,Rax9mrSC,TRUE,bullet,White,white,1,2342,9,2351,2307,2025-10-14T22:22:43Z
GurevskoiDV,S1Ln1vQB,TRUE,blitz,White,white,1,2400,5,2405,2360,2025-10-14T04:13:55Z
GurevskoiDV,YuID17Fl,TRUE,blitz,Black,black,1,2394,6,2400,2365,2025-10-14T04:11:38Z
GurevskoiDV,DF38YdUC,TRUE,blitz,White,white,1,2389,5,2394,2371,2025-10-14T04:07:58Z
GurevskoiDV,ksRqWRbh,TRUE,blitz,Black,black,1,2383,6,2389,2376,2025-10-14T04:06:06Z
GurevskoiDV,QRRnk6d9,TRUE,blitz,White,black,0,2389,-6,2383,2370,2025-10-14T04:00:13Z
GurevskoiDV,SD2BRXlu,TRUE,blitz,Black,NA,0.5,2390,-1,2389,2370,2025-10-14T03:53:58Z
Chucklemagne,ojGC24MX,TRUE,blitz,White,white,1,1500,532,2032,1755,2021-04-10T16:27:30Z
Chucklemagne,PV2UOg87,TRUE,bullet,White,black,0,2064,-203,1861,2011,2019-07-13T15:47:11Z
Chucklemagne,cn7hHjMv,TRUE,bullet,Black,black,1,1500,564,2064,2040,2016-06-01T19:58:33Z
RhymeViolin,1aZQ5Blg,TRUE,bullet,White,black,0,2199,-6,2193,2215,2025-10-16T00:42:51Z
RhymeViolin,cgKVQ92N,TRUE,bullet,Black,white,0,2204,-5,2199,2210,2025-10-16T00:41:26Z
RhymeViolin,8DCfEbSW,TRUE,bullet,White,white,1,2198,6,2204,2216,2025-10-16T00:39:58Z
RhymeViolin,m0Hp1o4D,TRUE,bullet,Black,white,0,2204,-6,2198,2210,2025-10-16T00:38:29Z
RhymeViolin,Uxk9GljV,TRUE,bullet,White,white,1,2198,6,2204,2216,2025-10-16T00:37:20Z
RhymeViolin,A68uMEF9,TRUE,bullet,Black,black,1,2191,7,2198,2222,2025-10-16T00:35:57Z
RhymeViolin,eC3Y6pN4,TRUE,bullet,Black,white,0,2194,-3,2191,2383,2025-10-16T00:31:36Z
RhymeViolin,T2lp4WwM,TRUE,bullet,Black,white,0,2200,-6,2194,2188,2025-10-15T17:56:27Z
RhymeViolin,MFGi6a7C,TRUE,bullet,White,black,0,2203,-3,2200,2414,2025-10-15T17:55:17Z
RhymeViolin,LWQI32KK,TRUE,bullet,White,white,1,2198,5,2203,2133,2025-10-15T17:28:14Z
RhymeViolin,NZq6fDxT,TRUE,bullet,Black,black,1,2192,6,2198,2196,2025-10-15T17:27:04Z
RhymeViolin,5wewwIyA,TRUE,bullet,White,white,1,2185,7,2192,2254,2025-10-15T17:03:07Z
RhymeViolin,vH3jLNy6,TRUE,bullet,Black,white,0,2190,-5,2185,2223,2025-10-14T18:59:31Z
RhymeViolin,N4WK1TeU,TRUE,blitz,White,black,0,1917,-9,1908,2037,2025-10-14T17:32:45Z
RhymeViolin,2kOg6z7k,TRUE,blitz,Black,white,0,1929,-12,1917,1981,2025-10-14T17:27:21Z
yuuki-asuna,DUYzy7j0,TRUE,classical,Black,black,1,2612,3,2615,2247,2025-10-15T03:22:03Z
yuuki-asuna,RTnxqbib,TRUE,classical,White,white,1,2609,3,2612,2247,2025-10-15T01:58:21Z
yuuki-asuna,Sg7sk2vi,TRUE,classical,Black,black,1,2606,3,2609,2252,2025-10-14T22:16:11Z
yuuki-asuna,ZNCIDJh4,TRUE,rapid,Black,black,1,2844,3,2847,2498,2025-10-12T08:29:40Z
yuuki-asuna,F4c5oeoe,TRUE,bullet,White,white,1,2899,1,2900,2483,2025-10-11T08:48:56Z
yuuki-asuna,Ul9KnS2B,TRUE,bullet,Black,black,1,2898,1,2899,2484,2025-10-11T08:48:29Z
yuuki-asuna,BW4Ba7h0,TRUE,bullet,White,white,1,2896,2,2898,2485,2025-10-11T08:47:09Z
yuuki-asuna,byTXiTGi,TRUE,bullet,Black,black,1,2895,1,2896,2531,2025-10-08T08:51:54Z
yuuki-asuna,cl6Z6JOi,TRUE,bullet,White,white,1,2893,2,2895,2533,2025-10-08T08:50:46Z
yuuki-asuna,UywVFia4,TRUE,bullet,Black,black,1,2891,2,2893,2534,2025-10-08T08:50:10Z
yuuki-asuna,WVRtZIRZ,TRUE,bullet,White,white,1,2889,2,2891,2535,2025-10-08T08:49:05Z
yuuki-asuna,9LNEhiy2,TRUE,bullet,White,white,1,2887,2,2889,2520,2025-10-08T08:40:20Z
yuuki-asuna,WYc4ZGQp,TRUE,bullet,Black,black,1,2885,2,2887,2521,2025-10-08T08:39:39Z
yuuki-asuna,OfZlGrnV,TRUE,classical,Black,black,1,2603,3,2606,2205,2025-10-08T07:36:12Z
yuuki-asuna,LI3x4JMC,TRUE,bullet,White,white,1,2884,1,2885,2432,2025-10-08T07:25:28Z
Siddiq1911,va5as7hf,TRUE,rapid,Black,white,0,1270,-8,1262,1769,2025-07-28T05:39:08Z
Siddiq1911,XmOYWXCZ,TRUE,blitz,Black,white,0,938,-1,937,1781,2025-07-20T15:17:37Z
Siddiq1911,CjkvueCx,TRUE,blitz,White,black,0,939,-1,938,1704,2025-07-20T15:10:15Z
Siddiq1911,T1C87LSs,TRUE,blitz,White,black,0,978,-39,939,1123,2025-06-20T15:18:33Z
Siddiq1911,2g2rv067,TRUE,rapid,White,black,0,1339,-69,1270,1340,2025-06-20T02:28:34Z
Siddiq1911,vK5uvQMT,TRUE,rapid,Black,black,1,1192,147,1339,1475,2025-06-20T02:26:42Z
Siddiq1911,LlNYU4Sr,TRUE,rapid,White,white,1,1162,30,1192,855,2025-06-20T02:17:42Z
Siddiq1911,FKI8qa5S,TRUE,blitz,Black,white,0,987,-9,978,1466,2025-05-27T06:32:54Z
Siddiq1911,C2C6MYKh,TRUE,blitz,Black,white,0,992,-5,987,1566,2025-05-23T14:41:44Z
Siddiq1911,H7OcpSRB,TRUE,blitz,White,white,1,849,143,992,1300,2025-05-23T14:41:09Z
Siddiq1911,goLKB4qw,TRUE,bullet,Black,white,0,1328,-92,1236,1426,2025-03-06T18:43:09Z
Siddiq1911,eAArNpD2,TRUE,blitz,Black,white,0,909,-60,849,952,2025-02-24T14:40:06Z
Siddiq1911,q1CvbWSO,TRUE,bullet,White,white,1,1250,78,1328,1027,2024-12-13T03:45:16Z
Siddiq1911,htqytcid,TRUE,bullet,White,white,1,843,407,1250,1073,2024-09-22T08:16:52Z
Siddiq1911,LC1dVoyo,TRUE,rapid,Black,white,0,1168,-6,1162,1697,2024-06-08T08:08:02Z
Larrythecabledude,oG4KKorL,TRUE,blitz,Black,black,1,2596,5,2601,2523,2025-10-15T11:52:47Z
Larrythecabledude,Vnir69AA,TRUE,blitz,White,white,1,2592,4,2596,2426,2025-10-15T11:49:31Z
Larrythecabledude,oeNH4uqw,TRUE,blitz,Black,white,0,2596,-4,2592,2737,2025-10-15T11:43:28Z
Larrythecabledude,CqeGuH36,TRUE,blitz,White,black,0,2603,-7,2596,2533,2025-10-10T17:05:34Z
Larrythecabledude,fwNtfPOI,TRUE,rapid,Black,black,1,2587,4,2591,2384,2025-10-10T16:00:11Z
Larrythecabledude,rUfxYBsa,TRUE,rapid,White,white,1,2583,4,2587,2445,2025-10-10T15:41:59Z
Larrythecabledude,YrDa8UJh,TRUE,rapid,White,black,0,2594,-11,2583,2403,2025-10-09T23:42:04Z
Larrythecabledude,mpMH62H7,TRUE,rapid,Black,black,1,2589,5,2594,2446,2025-10-09T23:22:10Z
Larrythecabledude,8LrLBnZ4,TRUE,rapid,Black,black,1,2581,8,2589,2597,2025-10-09T23:01:13Z
Larrythecabledude,CBbRxs9u,TRUE,blitz,Black,white,0,2609,-6,2603,2592,2025-10-09T20:58:28Z
Larrythecabledude,trao08A8,TRUE,blitz,White,black,0,2617,-8,2609,2497,2025-10-09T20:48:27Z
Larrythecabledude,re9uNR9R,TRUE,blitz,White,black,0,2623,-6,2617,2603,2025-10-09T17:46:00Z
Larrythecabledude,3JTAK1HN,TRUE,blitz,White,black,0,2629,-6,2623,2558,2025-10-09T17:34:04Z
Larrythecabledude,HKf1GoSe,TRUE,blitz,Black,white,0,2636,-7,2629,2490,2025-10-09T17:27:58Z
Larrythecabledude,CnHDbMsz,TRUE,blitz,Black,black,1,2633,3,2636,2455,2025-10-09T17:21:12Z
Bandz007,iOjNBnqI,TRUE,bullet,Black,white,0,1556,-21,1535,1780,2025-02-17T23:40:15Z
Bandz007,YyZHYwKJ,TRUE,bullet,White,black,0,1582,-26,1556,1777,2025-02-17T23:37:06Z
Bandz007,gQclcSgX,TRUE,bullet,Black,black,1,1528,54,1582,1509,2025-01-23T14:21:07Z
Bandz007,pYfhqTIz,TRUE,bullet,White,NA,0.5,1533,-5,1528,1508,2025-01-23T14:17:13Z
Bandz007,pYsdocgO,TRUE,bullet,Black,white,0,1552,-19,1533,1614,2023-12-28T22:11:55Z
Bandz007,7HicKPs1,TRUE,bullet,White,black,0,1574,-22,1552,1609,2023-12-28T22:07:19Z
Bandz007,Z7nNEJDB,TRUE,bullet,Black,white,0,1599,-25,1574,1604,2023-12-28T22:03:31Z
Bandz007,Gi4zdusx,TRUE,bullet,White,black,0,1630,-31,1599,1598,2023-12-28T22:00:33Z
Bandz007,CK1I0a5C,TRUE,bullet,Black,white,0,1667,-37,1630,1591,2023-12-28T21:55:25Z
Bandz007,Qq8iNhXO,TRUE,bullet,White,white,1,1634,33,1667,1628,2023-12-27T09:13:53Z
Bandz007,m6dpiq8n,TRUE,bullet,Black,white,0,1673,-39,1634,1653,2023-12-25T22:58:53Z
Bandz007,vhcvcjyy,TRUE,bullet,Black,white,0,1702,-29,1673,1800,2023-12-25T21:35:36Z
Bandz007,rI2xnPyE,TRUE,bullet,Black,white,0,1720,-18,1702,1772,2023-07-15T11:17:20Z
Bandz007,DYCrIz27,TRUE,bullet,White,white,1,1693,27,1720,1778,2023-07-15T11:16:30Z
Bandz007,vUX7iRFb,TRUE,bullet,Black,white,0,1711,-18,1693,1774,2023-07-15T11:15:40Z
N-Chadaev,HLX6LDmc,TRUE,blitz,Black,black,1,2792,11,2803,2751,2025-10-10T06:54:56Z
N-Chadaev,94TEkj8M,TRUE,blitz,White,white,1,2785,7,2792,2588,2025-10-10T06:48:32Z
N-Chadaev,aDxwb48s,TRUE,blitz,White,white,1,2775,10,2785,2684,2025-10-10T06:45:12Z
N-Chadaev,RSyNScxY,TRUE,blitz,Black,white,0,2793,-18,2775,2693,2025-10-10T06:40:02Z
N-Chadaev,FiyrEjCx,TRUE,blitz,Black,white,0,2805,-12,2793,2811,2025-09-14T10:54:06Z
N-Chadaev,SnaYQriL,TRUE,bullet,Black,white,0,2901,-15,2886,2986,2025-08-28T15:30:07Z
N-Chadaev,yr0gYHqf,TRUE,bullet,White,white,1,2888,13,2901,2748,2025-08-20T20:50:17Z
N-Chadaev,s6rJwanj,TRUE,blitz,Black,black,1,2800,5,2805,2575,2025-08-20T20:43:12Z
N-Chadaev,BqmUoGdw,TRUE,bullet,White,white,1,2865,23,2888,2927,2025-07-30T17:32:35Z
N-Chadaev,HkdVUaTM,TRUE,blitz,Black,black,1,2796,4,2800,2592,2025-07-02T07:58:03Z
N-Chadaev,fK5bOkGj,TRUE,blitz,White,white,1,2790,6,2796,2667,2025-06-30T17:08:55Z
N-Chadaev,nAe5RHZY,TRUE,blitz,White,black,0,2802,-12,2790,2716,2025-06-30T17:03:01Z
N-Chadaev,IKTjysMn,TRUE,blitz,Black,NA,0.5,2804,-2,2802,2715,2025-06-30T16:58:40Z
N-Chadaev,yV75O48I,TRUE,blitz,White,white,1,2796,8,2804,2719,2025-06-30T16:53:58Z
N-Chadaev,8NXyj0Yf,TRUE,blitz,Black,white,0,2809,-13,2796,2712,2025-06-30T16:47:31Z
BMWHero,ccjYuCvM,TRUE,bullet,White,white,1,3128,5,3133,2926,2025-10-14T14:29:17Z
BMWHero,MFlkDNGA,TRUE,bullet,Black,black,1,3123,5,3128,2929,2025-10-14T14:26:50Z
BMWHero,fTbioAWG,TRUE,bullet,White,white,1,3113,10,3123,3069,2025-10-14T14:23:56Z
BMWHero,M6H4YKUx,TRUE,bullet,Black,black,1,3109,4,3113,2877,2025-10-14T14:22:16Z
BMWHero,Terw0dEY,TRUE,bullet,White,black,0,3126,-17,3109,2919,2025-10-14T14:20:45Z
BMWHero,ivtyuXec,TRUE,bullet,Black,black,1,3117,9,3126,3028,2025-10-14T14:08:39Z
BMWHero,L1VVYHL9,TRUE,bullet,Black,black,1,3110,7,3117,2954,2025-10-14T14:05:56Z
BMWHero,otNMkxq6,TRUE,bullet,White,white,1,3102,8,3110,2980,2025-10-14T14:03:43Z
BMWHero,yqTx6yhu,TRUE,bullet,Black,black,1,3095,7,3102,2924,2025-10-14T14:01:50Z
BMWHero,BLtjeMCo,TRUE,bullet,Black,NA,0.5,3103,-8,3095,2839,2025-10-14T13:59:45Z
BMWHero,OOs1UhqC,TRUE,bullet,White,black,0,3123,-20,3103,2909,2025-10-14T13:56:00Z
BMWHero,KsjLhveY,TRUE,bullet,White,black,0,3142,-19,3123,2958,2025-10-03T14:25:20Z
BMWHero,0FDrMwIg,TRUE,bullet,White,white,1,3133,9,3142,3008,2025-10-03T14:22:38Z
BMWHero,TqMI5NT7,TRUE,bullet,Black,black,1,3124,9,3133,3012,2025-10-03T14:19:47Z
BMWHero,HBuIWjRZ,TRUE,bullet,Black,NA,0.5,3128,-4,3124,3010,2025-10-03T14:17:04Z
Mlchael,ds18XPqA,TRUE,bullet,Black,NA,0.5,3105,-4,3101,2869,2025-10-13T03:48:58Z
Mlchael,7TzdrpEq,TRUE,bullet,White,white,1,3102,3,3105,2872,2025-10-13T03:46:37Z
Mlchael,PalxlGuK,TRUE,bullet,Black,black,1,3100,2,3102,2874,2025-10-13T03:44:22Z
Mlchael,GZWP8nhy,TRUE,bullet,White,white,1,3097,3,3100,2877,2025-10-13T03:42:07Z
Mlchael,v5Az09IH,TRUE,bullet,Black,black,1,3091,6,3097,3122,2025-10-06T02:38:59Z
Mlchael,YKyxXfSA,TRUE,bullet,White,white,1,3084,7,3091,3128,2025-10-06T02:37:20Z
Mlchael,R6UuYJmN,TRUE,bullet,Black,white,0,3089,-5,3084,3123,2025-10-06T02:35:49Z
Mlchael,aBrBfgiL,TRUE,bullet,White,white,1,3086,3,3089,2902,2025-10-06T02:30:07Z
Mlchael,SW4EUNKx,TRUE,bullet,White,NA,0.5,3085,1,3086,3131,2025-10-03T06:32:50Z
Mlchael,lEfLEoe5,TRUE,bullet,Black,white,0,3091,-6,3085,3126,2025-10-03T06:32:11Z
Mlchael,WaocKyg7,TRUE,bullet,White,NA,0.5,3090,1,3091,3126,2025-10-03T06:31:17Z
Mlchael,6W9VdwRU,TRUE,bullet,Black,black,1,3083,7,3090,3133,2025-10-03T06:29:08Z
Mlchael,FMvWqVUP,TRUE,bullet,White,white,1,3077,6,3083,3140,2025-10-03T06:27:18Z
Mlchael,obno6kJo,TRUE,bullet,Black,white,0,3081,-4,3077,3135,2025-10-03T06:25:33Z
Mlchael,YL4Ep5LZ,TRUE,bullet,White,white,1,3075,6,3081,3143,2025-10-03T06:23:30Z
Checkmater47,TqJD7Rp3,TRUE,bullet,White,black,0,2760,-10,2750,2397,2025-10-16T03:53:37Z
Checkmater47,F5mw7of0,TRUE,bullet,Black,black,1,2759,1,2760,2398,2025-10-16T03:52:49Z
Checkmater47,yIp5Io7I,TRUE,bullet,White,white,1,2757,2,2759,2400,2025-10-16T03:51:51Z
Checkmater47,B1cnoiUa,TRUE,bullet,Black,black,1,2756,1,2757,2401,2025-10-16T03:50:41Z
Checkmater47,m6Kj9KIY,TRUE,bullet,White,white,1,2754,2,2756,2402,2025-10-16T03:50:13Z
Checkmater47,UnbHGzVz,TRUE,bullet,Black,black,1,2753,1,2754,2404,2025-10-16T03:49:21Z
Checkmater47,bwHaQY8i,TRUE,bullet,White,white,1,2752,1,2753,2405,2025-10-16T03:48:10Z
Checkmater47,UCFVA7TB,TRUE,bullet,Black,black,1,2750,2,2752,2406,2025-10-16T03:47:47Z
Checkmater47,x0eAGRLZ,TRUE,bullet,White,white,1,2749,1,2750,2408,2025-10-16T03:46:55Z
Checkmater47,jHmu2eGN,TRUE,bullet,Black,black,1,2747,2,2749,2409,2025-10-16T03:46:08Z
Checkmater47,jQIk5gMc,TRUE,bullet,White,white,1,2746,1,2747,2411,2025-10-16T03:44:52Z
Checkmater47,5TqoF2iN,TRUE,bullet,Black,black,1,2744,2,2746,2412,2025-10-16T03:43:30Z
Checkmater47,UuYxM2OV,TRUE,bullet,White,white,1,2743,1,2744,2414,2025-10-16T03:42:35Z
Checkmater47,KBKh0IYk,TRUE,bullet,Black,NA,0.5,2747,-4,2743,2409,2025-10-16T03:41:26Z
Checkmater47,QDb5xQwL,TRUE,bullet,White,white,1,2738,9,2747,2948,2025-10-15T18:16:46Z
greennight,JdRSI4vL,TRUE,blitz,Black,NA,0.5,2645,-2,2643,2514,2025-10-13T16:56:48Z
greennight,9XuFHJYY,TRUE,blitz,White,white,1,2638,7,2645,2722,2025-10-13T16:54:12Z
greennight,r2jq1kih,TRUE,blitz,Black,black,1,2635,3,2638,2434,2025-10-13T16:48:30Z
greennight,2Co0nkXP,TRUE,blitz,White,white,1,2634,1,2635,2224,2025-10-13T16:42:04Z
greennight,W3IQYCJZ,TRUE,blitz,White,black,0,2640,-6,2634,2634,2025-10-13T16:39:30Z
greennight,Dh1YuMxS,TRUE,blitz,Black,black,1,2636,4,2640,2528,2025-10-13T16:34:40Z
greennight,TYz8bMlb,TRUE,blitz,White,black,0,2643,-7,2636,2528,2025-10-13T16:31:35Z
greennight,IRIII3fB,TRUE,blitz,Black,white,0,2648,-5,2643,2734,2025-10-13T16:30:55Z
greennight,0913kZMR,TRUE,blitz,White,black,0,2656,-8,2648,2479,2025-10-13T16:29:00Z
greennight,sSDte6SJ,TRUE,blitz,Black,white,0,2660,-4,2656,2728,2025-10-13T16:27:03Z
greennight,kG51dykb,TRUE,blitz,Black,NA,0.5,2659,1,2660,2719,2025-10-13T16:25:48Z
greennight,6subIfLJ,TRUE,blitz,White,NA,0.5,2661,-2,2659,2523,2025-10-13T16:20:08Z
greennight,xYOtgpnR,TRUE,blitz,Black,black,1,2654,7,2661,2744,2025-10-13T16:18:49Z
greennight,JNuFoNc5,TRUE,blitz,Black,black,1,2652,2,2654,2412,2025-10-13T16:11:56Z
greennight,gtI6ketP,TRUE,blitz,White,NA,0.5,2650,2,2652,2753,2025-10-13T16:10:03Z
KidCh3ss,L63N28nt,TRUE,bullet,Black,white,0,1766,-6,1760,1755,2025-10-16T04:28:24Z
KidCh3ss,848IdTEn,TRUE,bullet,Black,black,1,1760,6,1766,1775,2025-10-16T04:26:06Z
KidCh3ss,Pdno18om,TRUE,bullet,White,white,1,1754,6,1760,1756,2025-10-16T04:23:56Z
KidCh3ss,aWeWxEbT,TRUE,bullet,Black,white,0,1759,-5,1754,1811,2025-10-16T04:15:49Z
KidCh3ss,5jH9Kg2d,TRUE,bullet,White,white,1,1753,6,1759,1776,2025-10-16T04:12:40Z
KidCh3ss,Bxl8Fis6,TRUE,bullet,Black,white,0,1759,-6,1753,1749,2025-10-16T03:50:49Z
KidCh3ss,utnYqTvx,TRUE,bullet,Black,white,0,1763,-4,1759,1821,2025-10-15T15:19:23Z
KidCh3ss,kLJuC6et,TRUE,bullet,White,white,1,1757,6,1763,1802,2025-10-15T14:06:13Z
KidCh3ss,V0ho8j3q,TRUE,bullet,Black,white,0,1764,-7,1757,1677,2025-10-15T06:56:01Z
KidCh3ss,1w7STkqq,TRUE,bullet,Black,white,0,1769,-5,1764,1776,2025-10-14T14:44:47Z
KidCh3ss,j8esPBz0,TRUE,bullet,White,black,0,1774,-5,1769,1850,2025-10-14T13:29:48Z
KidCh3ss,W9wchlaA,TRUE,bullet,White,white,1,1769,5,1774,1730,2025-10-14T13:27:33Z
KidCh3ss,k9BF6F4z,TRUE,bullet,Black,white,0,1776,-7,1769,1695,2025-10-14T13:10:13Z
KidCh3ss,DER53ND7,TRUE,bullet,White,white,1,1771,5,1776,1702,2025-10-14T13:07:22Z
KidCh3ss,xw8o81Yp,TRUE,bullet,White,white,1,1765,6,1771,1813,2025-10-13T16:25:40Z
Shatkirti,IKKH1UXM,TRUE,bullet,Black,black,1,2755,5,2760,2713,2025-10-15T10:52:18Z
Shatkirti,j01PKBp8,TRUE,bullet,White,white,1,2747,8,2755,2876,2025-10-15T10:21:45Z
Shatkirti,zwfK5J85,TRUE,bullet,Black,NA,0.5,2749,-2,2747,2567,2025-10-14T10:27:50Z
Shatkirti,DV6b1bDQ,TRUE,bullet,Black,black,1,2744,5,2749,2731,2025-10-13T07:30:51Z
Shatkirti,PKoXLsGS,TRUE,bullet,Black,white,0,2751,-7,2744,2670,2025-10-13T05:46:08Z
Shatkirti,B8uv1Lpz,TRUE,bullet,White,white,1,2744,7,2751,2795,2025-10-12T15:31:12Z
Shatkirti,KuucJe1g,TRUE,bullet,Black,black,1,2739,5,2744,2678,2025-10-10T09:50:29Z
Shatkirti,f4G49gOa,TRUE,bullet,White,black,0,2745,-6,2739,2716,2025-10-10T09:49:16Z
Shatkirti,pMSXUpTu,TRUE,bullet,White,white,1,2740,5,2745,2710,2025-10-10T09:47:26Z
Shatkirti,A4DUJqck,TRUE,bullet,Black,white,0,2747,-7,2740,2675,2025-10-10T09:45:26Z
Shatkirti,X95NmRNj,TRUE,bullet,Black,white,0,2750,-3,2747,2907,2025-10-10T09:43:43Z
Shatkirti,m2zxe9lb,TRUE,bullet,Black,white,0,2758,-8,2750,2608,2025-10-10T09:41:06Z
Shatkirti,7wMeK9tw,TRUE,bullet,Black,black,1,2751,7,2758,2814,2025-10-10T09:38:53Z
Shatkirti,z6fRepPH,TRUE,bullet,White,black,0,2758,-7,2751,2692,2025-10-10T09:37:37Z
Shatkirti,IhfO1t4D,TRUE,bullet,Black,white,0,2765,-7,2758,2685,2025-10-10T09:35:42Z
nikulin09,lscP97a1,TRUE,rapid,Black,black,1,2296,27,2323,2368,2025-10-12T06:35:45Z
nikulin09,CGVGq5wH,TRUE,blitz,Black,white,0,2308,-8,2300,2400,2025-10-11T09:15:14Z
nikulin09,2jkE3tni,TRUE,blitz,White,white,1,2307,1,2308,1588,2025-10-11T09:10:05Z
nikulin09,YRwxYjnA,TRUE,bullet,Black,white,0,2504,-4,2500,2748,2025-10-10T17:06:27Z
nikulin09,JN5NdJhJ,TRUE,bullet,White,black,0,2507,-3,2504,2746,2025-10-10T17:05:10Z
nikulin09,xQBQsDHs,TRUE,bullet,Black,black,1,2504,3,2507,2195,2025-10-08T03:28:56Z
nikulin09,IRLgq6VB,TRUE,classical,Black,white,0,2245,-39,2206,2137,2025-10-07T14:03:47Z
nikulin09,n8SMQrGr,TRUE,classical,Black,black,1,2241,4,2245,1763,2025-10-06T19:22:14Z
nikulin09,2trXcIH4,TRUE,classical,White,NA,0.5,2229,12,2241,2356,2025-10-06T17:33:40Z
nikulin09,wnD0KUzf,TRUE,classical,Black,white,0,2299,-70,2229,1805,2025-10-06T16:32:53Z
nikulin09,9gVZ9za9,TRUE,classical,White,white,1,2293,6,2299,1843,2025-10-06T16:26:14Z
nikulin09,4ADCaACJ,TRUE,classical,Black,black,1,2281,12,2293,1977,2025-10-05T15:48:50Z
nikulin09,SctjAGvb,TRUE,blitz,Black,black,1,2307,0,2307,1528,2025-10-05T06:55:29Z
nikulin09,3U9PcGaC,TRUE,blitz,Black,black,1,2307,0,2307,1069,2025-10-05T06:42:21Z
nikulin09,39Cgr0YD,TRUE,blitz,White,white,1,2306,1,2307,1500,2025-10-05T06:26:03Z
Carlsen_Tal-2026,tceUQHR4,TRUE,blitz,Black,white,0,2244,-6,2238,2232,2025-10-15T14:27:04Z
Carlsen_Tal-2026,FcX5LOpG,TRUE,blitz,White,white,1,2244,0,2244,1067,2025-10-15T14:20:26Z
Carlsen_Tal-2026,NKwhyGT6,TRUE,blitz,Black,white,0,2251,-7,2244,2171,2025-10-15T14:13:27Z
Carlsen_Tal-2026,7EtvD4bV,TRUE,blitz,White,white,1,2249,2,2251,2016,2025-10-15T14:06:57Z
Carlsen_Tal-2026,WqlRMI9F,TRUE,blitz,Black,black,1,2249,0,2249,1809,2025-10-15T14:00:02Z
Carlsen_Tal-2026,AG7Sc8P1,TRUE,rapid,White,black,0,2491,-6,2485,2501,2025-10-14T20:02:42Z
Carlsen_Tal-2026,3Fg1lCJg,TRUE,rapid,Black,black,1,2484,7,2491,2487,2025-10-14T19:46:30Z
Carlsen_Tal-2026,GNVJmF7i,TRUE,rapid,Black,black,1,2472,12,2484,2766,2025-10-14T19:13:51Z
Carlsen_Tal-2026,b0j2mr9B,TRUE,blitz,White,white,1,2248,1,2249,1519,2025-10-14T13:27:45Z
Carlsen_Tal-2026,xsZMFUgc,TRUE,blitz,Black,white,0,2256,-8,2248,2193,2025-10-14T13:21:02Z
Carlsen_Tal-2026,GzYIqGLK,TRUE,blitz,Black,NA,0.5,2256,0,2256,2240,2025-10-14T13:15:05Z
Carlsen_Tal-2026,Zd6eL2zp,TRUE,blitz,White,white,1,2251,5,2256,2192,2025-10-14T13:12:15Z
Carlsen_Tal-2026,LRIO56b5,TRUE,blitz,White,black,0,2258,-7,2251,2213,2025-10-14T13:05:31Z
Carlsen_Tal-2026,nAOjt316,TRUE,blitz,Black,black,1,2254,4,2258,2068,2025-10-14T13:04:13Z
Carlsen_Tal-2026,BQhDnxFM,TRUE,blitz,White,white,1,2249,5,2254,2210,2025-10-14T13:02:10Z
Speedrunner202,QYHnapNT,TRUE,blitz,Black,white,0,2871,-8,2863,2727,2025-10-15T03:10:57Z
Speedrunner202,vFWOg8wA,TRUE,blitz,White,black,0,2879,-8,2871,2731,2025-10-15T03:05:36Z
Speedrunner202,7F0EUXFM,TRUE,blitz,White,white,1,2877,2,2879,2627,2025-10-15T02:56:36Z
Speedrunner202,2cEjnfNX,TRUE,blitz,Black,black,1,2874,3,2877,2630,2025-10-15T02:50:56Z
Speedrunner202,e5HrEF99,TRUE,blitz,White,white,1,2872,2,2874,2634,2025-10-15T02:45:41Z
Speedrunner202,OosFq0tG,TRUE,blitz,Black,black,1,2869,3,2872,2637,2025-10-15T02:41:16Z
Speedrunner202,iCptKQnZ,TRUE,blitz,White,white,1,2867,2,2869,2641,2025-10-15T02:37:06Z
Speedrunner202,j1SuRNnF,TRUE,blitz,Black,black,1,2864,3,2867,2646,2025-10-15T02:31:53Z
Speedrunner202,FLiWNu1N,TRUE,blitz,White,black,0,2874,-10,2864,2630,2025-10-15T02:29:46Z
Speedrunner202,6SduHAVU,TRUE,blitz,Black,NA,0.5,2878,-4,2874,2650,2025-10-15T02:05:40Z
Speedrunner202,BaKluO85,TRUE,blitz,Black,black,1,2876,2,2878,2557,2025-10-15T01:59:30Z
Speedrunner202,Cs58UeUq,TRUE,blitz,White,white,1,2873,3,2876,2653,2025-10-15T01:51:59Z
Speedrunner202,EblSWHRq,TRUE,blitz,White,black,0,2883,-10,2873,2648,2025-10-15T01:41:17Z
Speedrunner202,24lhanR4,TRUE,blitz,Black,black,1,2880,3,2883,2651,2025-10-15T01:32:47Z
Speedrunner202,fJvA5Vfm,TRUE,blitz,White,white,1,2875,5,2880,2805,2025-10-14T21:14:38Z
BelBelTT,EDe09GnZ,TRUE,bullet,Black,black,1,3061,5,3066,2905,2025-10-13T08:50:14Z
BelBelTT,koLWQNLT,TRUE,bullet,White,white,1,3057,4,3061,2909,2025-10-13T08:47:54Z
BelBelTT,W1H7bcc4,TRUE,bullet,Black,black,1,3050,7,3057,3122,2025-10-01T22:50:13Z
BelBelTT,QH0AbQzp,TRUE,bullet,White,white,1,3043,7,3050,3129,2025-10-01T22:47:52Z
BelBelTT,9JucFiPW,TRUE,bullet,Black,white,0,3047,-4,3043,3124,2025-10-01T22:46:42Z
BelBelTT,5pyXthsQ,TRUE,bullet,White,NA,0.5,3046,1,3047,3125,2025-10-01T22:44:27Z
BelBelTT,t2CyhemT,TRUE,bullet,Black,white,0,3050,-4,3046,3121,2025-10-01T22:43:01Z
BelBelTT,5ijM6k3P,TRUE,bullet,White,black,0,3055,-5,3050,3116,2025-10-01T22:41:32Z
BelBelTT,ZvNB2mmq,TRUE,bullet,White,white,1,3047,8,3055,3237,2025-10-01T21:57:47Z
BelBelTT,723hZDvp,TRUE,bullet,Black,white,0,3049,-2,3047,3234,2025-10-01T21:55:53Z
BelBelTT,6KrbJazj,TRUE,bullet,White,white,1,3041,8,3049,3243,2025-10-01T21:54:14Z
BelBelTT,5K2Hd55q,TRUE,bullet,Black,white,0,3043,-2,3041,3240,2025-10-01T21:52:18Z
BelBelTT,JXJL4dbp,TRUE,bullet,White,black,0,3046,-3,3043,3237,2025-10-01T21:50:45Z
BelBelTT,qFZVQYu6,TRUE,bullet,Black,NA,0.5,3043,3,3046,3240,2025-10-01T21:49:27Z
BelBelTT,LCccS8qF,TRUE,bullet,White,black,0,3046,-3,3043,3237,2025-10-01T21:49:06Z
Ilikeknightmost,ov3873J6,TRUE,rapid,Black,NA,0.5,2819,-2,2817,2763,2025-10-09T18:36:47Z
Ilikeknightmost,fWPcLvao,TRUE,rapid,White,white,1,2817,2,2819,2321,2025-10-09T08:57:07Z
Ilikeknightmost,68BABoql,TRUE,rapid,Black,black,1,2815,2,2817,2325,2025-10-09T08:26:32Z
Ilikeknightmost,zZnUHf29,TRUE,rapid,White,white,1,2809,6,2815,2560,2025-10-09T08:20:14Z
Ilikeknightmost,m3HhB90x,TRUE,rapid,Black,black,1,2804,5,2809,2529,2025-10-08T18:51:10Z
Ilikeknightmost,rVdo4qKx,TRUE,rapid,White,white,1,2798,6,2804,2525,2025-10-08T07:42:11Z
Ilikeknightmost,5M5KLoaX,TRUE,rapid,Black,white,0,2808,-19,2789,2704,2025-10-04T14:57:41Z
Ilikeknightmost,76Yi2EBV,TRUE,rapid,White,NA,0.5,2817,-9,2808,2576,2025-10-04T14:42:28Z
Ilikeknightmost,tBdt1624,TRUE,rapid,Black,black,1,2809,8,2817,2593,2025-10-04T14:18:08Z
Ilikeknightmost,vnhDIPnq,TRUE,rapid,White,white,1,2801,8,2809,2596,2025-10-04T14:04:07Z
Ilikeknightmost,lGfi21Ge,TRUE,rapid,White,white,1,2795,6,2801,2507,2025-09-28T12:00:09Z
Ilikeknightmost,B3fFUhwG,TRUE,rapid,Black,black,1,2787,8,2795,2553,2025-09-28T11:47:27Z
Ilikeknightmost,UpzupAXu,TRUE,rapid,Black,black,1,2782,5,2787,2473,2025-09-28T11:06:52Z
Ilikeknightmost,DwQfGCBf,TRUE,rapid,White,NA,0.5,2793,-11,2782,2530,2025-09-28T10:42:16Z
Ilikeknightmost,HXo9nEEQ,TRUE,rapid,White,white,1,2785,8,2793,2556,2025-09-28T09:14:31Z
Oleg_Sh,G60xxZ1n,TRUE,bullet,White,white,1,2827,3,2830,2648,2025-10-15T14:30:14Z
Oleg_Sh,HRpFU7DE,TRUE,bullet,Black,black,1,2824,3,2827,2651,2025-10-15T14:29:37Z
Oleg_Sh,NBhkFZ6H,TRUE,bullet,White,white,1,2820,4,2824,2654,2025-10-15T14:28:34Z
Oleg_Sh,aPq4Rpq2,TRUE,bullet,White,black,0,2827,-7,2820,2778,2025-10-14T07:47:30Z
Oleg_Sh,LOafcxuK,TRUE,bullet,Black,black,1,2821,6,2827,2826,2025-10-12T13:41:58Z
Oleg_Sh,OvpdFUQG,TRUE,blitz,Black,white,0,2427,-9,2418,2278,2025-10-12T13:25:26Z
Oleg_Sh,i6Z2dTtM,TRUE,blitz,Black,black,1,2426,1,2427,2063,2025-10-12T13:23:52Z
Oleg_Sh,xg8we9eH,TRUE,blitz,White,white,1,2424,2,2426,2079,2025-10-12T13:21:09Z
Oleg_Sh,U3Oik72c,TRUE,blitz,Black,black,1,2424,0,2424,1601,2025-10-12T13:17:38Z
Oleg_Sh,q6rdBrYh,TRUE,blitz,White,white,1,2422,2,2424,2128,2025-10-12T13:14:51Z
Oleg_Sh,e2pHwhyJ,TRUE,blitz,White,black,0,2430,-8,2422,2371,2025-10-12T13:10:50Z
Oleg_Sh,3hA7BGE1,TRUE,blitz,Black,black,1,2430,0,2430,1792,2025-10-12T13:09:23Z
Oleg_Sh,SF8K3BfB,TRUE,blitz,White,white,1,2427,3,2430,2127,2025-10-12T13:07:23Z
Oleg_Sh,W4ohrVrI,TRUE,blitz,Black,black,1,2416,11,2427,2641,2025-10-12T13:01:17Z
Oleg_Sh,OvGjRXQI,TRUE,blitz,White,white,1,2411,5,2416,2308,2025-10-12T12:58:10Z
UntilItIsOtherwise,EEiyXajh,TRUE,rapid,Black,NA,0.5,2606,-8,2598,2286,2025-10-14T10:05:04Z
UntilItIsOtherwise,iX05Dwql,TRUE,rapid,White,white,1,2603,3,2606,2288,2025-10-14T09:35:46Z
UntilItIsOtherwise,A6VCMTHq,TRUE,bullet,Black,white,0,2929,-6,2923,2957,2025-10-13T08:03:28Z
UntilItIsOtherwise,7U7EplWY,TRUE,bullet,White,white,1,2921,8,2929,2963,2025-10-13T08:01:06Z
UntilItIsOtherwise,AGoITZzT,TRUE,bullet,Black,NA,0.5,2922,-1,2921,2895,2025-10-13T07:59:00Z
UntilItIsOtherwise,bJgG51G1,TRUE,bullet,White,white,1,2916,6,2922,2869,2025-10-13T07:57:15Z
UntilItIsOtherwise,CUQIgqi9,TRUE,rapid,White,white,1,2599,4,2603,2302,2025-10-12T08:51:27Z
UntilItIsOtherwise,b0BjU27P,TRUE,rapid,Black,NA,0.5,2607,-8,2599,2297,2025-10-12T08:18:30Z
UntilItIsOtherwise,DJqZlcfo,TRUE,bullet,Black,black,1,2913,3,2916,2710,2025-10-09T14:35:24Z
UntilItIsOtherwise,od2ylUtZ,TRUE,bullet,White,white,1,2909,4,2913,2701,2025-10-09T14:33:12Z
UntilItIsOtherwise,43x6tIEw,TRUE,bullet,Black,black,1,2906,3,2909,2729,2025-10-09T14:30:49Z
UntilItIsOtherwise,cz9ApEf6,TRUE,bullet,Black,black,1,2900,6,2906,2828,2025-10-09T14:30:27Z
UntilItIsOtherwise,yblwkvi3,TRUE,bullet,White,white,1,2894,6,2900,2833,2025-10-09T14:29:20Z
UntilItIsOtherwise,ul6vMaE5,TRUE,bullet,Black,black,1,2887,7,2894,2851,2025-10-09T14:27:55Z
UntilItIsOtherwise,nKpYR6Kv,TRUE,rapid,Black,black,1,2604,3,2607,2299,2025-10-09T13:04:27Z
vincere87,EYlsJ6Nu,TRUE,rapid,White,white,1,2329,3,2332,2176,2025-10-15T22:10:47Z
vincere87,XayiHYgz,TRUE,rapid,Black,NA,0.5,2330,-1,2329,2208,2025-10-15T21:51:20Z
vincere87,MvinYytf,TRUE,rapid,White,black,0,2336,-6,2330,2317,2025-10-15T21:14:07Z
vincere87,1KMCYhVT,TRUE,rapid,Black,white,0,2340,-4,2336,2481,2025-10-15T19:43:57Z
vincere87,aDE2eymH,TRUE,rapid,Black,black,1,2335,5,2340,2288,2025-10-15T19:24:52Z
vincere87,V5XJ4Kd1,TRUE,classical,White,black,0,2291,-5,2286,2302,2025-10-15T17:47:31Z
vincere87,I0redQ0t,TRUE,rapid,White,white,1,2329,6,2335,2370,2025-10-15T16:06:59Z
vincere87,JNCE8b6q,TRUE,rapid,Black,black,1,2324,5,2329,2294,2025-10-15T15:08:36Z
vincere87,O6mcMyiE,TRUE,rapid,Black,black,1,2319,5,2324,2263,2025-10-15T14:31:10Z
vincere87,lnJEddl6,TRUE,rapid,White,white,1,2313,6,2319,2282,2025-10-15T07:41:10Z
vincere87,gm0HktpF,TRUE,classical,White,black,0,2296,-5,2291,2361,2025-10-14T20:14:22Z
vincere87,pMUpk5C4,TRUE,rapid,White,black,0,2319,-6,2313,2326,2025-10-14T20:01:48Z
vincere87,Awa14tTF,TRUE,rapid,Black,white,0,2325,-6,2319,2313,2025-10-14T19:49:16Z
vincere87,Md9yexbN,TRUE,classical,Black,black,1,2292,4,2296,2183,2025-10-14T19:05:20Z
vincere87,67M8OpEy,TRUE,classical,White,NA,0.5,2295,-3,2292,2131,2025-10-14T18:37:17Z
chrisrapid,rND2r3Xe,TRUE,bullet,White,black,0,2236,-6,2230,2230,2025-09-28T19:54:05Z
chrisrapid,R6TeltcT,TRUE,blitz,White,black,0,2100,-9,2091,2057,2025-09-28T10:50:48Z
chrisrapid,IHLPVEcG,TRUE,bullet,Black,white,0,2241,-5,2236,2287,2025-09-24T17:52:59Z
chrisrapid,SRVa6EWR,TRUE,bullet,White,black,0,2246,-5,2241,2282,2025-09-22T17:05:46Z
chrisrapid,W02B5u1O,TRUE,bullet,Black,white,0,2252,-6,2246,2274,2025-09-22T14:54:53Z
chrisrapid,Va1IXHYA,TRUE,bullet,Black,black,1,2247,5,2252,2212,2025-09-20T18:26:33Z
chrisrapid,FlsCzSog,TRUE,bullet,White,white,1,2241,6,2247,2218,2025-09-20T18:23:53Z
chrisrapid,nx80U2yt,TRUE,bullet,Black,white,0,2247,-6,2241,2247,2025-09-20T18:22:25Z
chrisrapid,BTbjx43J,TRUE,bullet,White,NA,0.5,2247,0,2247,2226,2025-09-20T18:19:43Z
chrisrapid,MUUMkw1j,TRUE,bullet,Black,black,1,2241,6,2247,2255,2025-09-20T18:16:55Z
chrisrapid,58ypcfQo,TRUE,bullet,White,black,0,2247,-6,2241,2240,2025-09-20T18:14:35Z
chrisrapid,CkryQ8Ku,TRUE,bullet,Black,white,0,2253,-6,2247,2251,2025-09-20T16:09:48Z
chrisrapid,jEuOVtoY,TRUE,bullet,White,black,0,2260,-7,2253,2207,2025-09-20T16:07:22Z
chrisrapid,GUNh00WX,TRUE,bullet,White,white,1,2254,6,2260,2200,2025-09-20T16:05:00Z
chrisrapid,bTBQ4VuB,TRUE,bullet,Black,black,1,2251,3,2254,2112,2025-09-20T16:02:22Z
ARMJoker,ceDSzKKy,TRUE,bullet,White,white,1,3056,4,3060,2900,2025-10-15T09:49:40Z
ARMJoker,m3T9Ispr,TRUE,bullet,Black,white,0,3063,-7,3056,2998,2025-10-13T14:07:04Z
ARMJoker,RGo2oWjH,TRUE,bullet,Black,white,0,3071,-8,3063,2962,2025-10-13T12:23:32Z
ARMJoker,BHmITljR,TRUE,bullet,Black,white,0,3079,-8,3071,2937,2025-10-11T17:43:28Z
ARMJoker,tv2wNYym,TRUE,bullet,White,black,0,3082,-3,3079,3261,2025-10-10T19:50:54Z
ARMJoker,kswCAsJb,TRUE,bullet,Black,white,0,3085,-3,3082,3258,2025-10-10T19:49:20Z
ARMJoker,FumJw17r,TRUE,bullet,White,black,0,3089,-4,3085,3255,2025-10-10T19:47:04Z
ARMJoker,ZRlOTDvK,TRUE,bullet,Black,white,0,3092,-3,3089,3252,2025-10-10T19:45:09Z
ARMJoker,XdHzwBGC,TRUE,bullet,White,NA,0.5,3089,3,3092,3254,2025-10-10T19:43:29Z
ARMJoker,O3jokSRD,TRUE,bullet,Black,white,0,3093,-4,3089,3251,2025-10-10T19:42:35Z
ARMJoker,hXzwjQqr,TRUE,bullet,White,white,1,3084,9,3093,3259,2025-10-10T19:40:59Z
ARMJoker,EQAbQVjI,TRUE,bullet,Black,white,0,3087,-3,3084,3256,2025-10-10T19:39:32Z
ARMJoker,AXnHWucW,TRUE,bullet,White,black,0,3093,-6,3087,3117,2025-10-09T08:07:04Z
ARMJoker,QJnzFtm0,TRUE,bullet,Black,black,1,3088,5,3093,2994,2025-10-09T08:05:56Z
ARMJoker,ckRT9xGm,TRUE,bullet,White,NA,0.5,3090,-2,3088,2974,2025-10-09T08:03:52Z
Chess_Training_2021,VlzKs2Re,TRUE,bullet,White,white,1,2669,8,2677,2537,2025-10-14T12:00:20Z
Chess_Training_2021,cRW1tPvb,TRUE,bullet,Black,white,0,2688,-19,2669,2504,2025-10-11T12:49:15Z
Chess_Training_2021,2aDpCtVA,TRUE,bullet,White,white,1,2673,15,2688,2708,2025-10-11T12:39:22Z
Chess_Training_2021,SROr2XNm,TRUE,bullet,White,white,1,2666,7,2673,2504,2025-10-07T12:51:48Z
Chess_Training_2021,zXPwE1CD,TRUE,bullet,Black,black,1,2658,8,2666,2507,2025-10-07T12:51:08Z
Chess_Training_2021,LwQqPWlM,TRUE,bullet,White,black,0,2664,-6,2658,2750,2025-08-30T07:40:12Z
Chess_Training_2021,T81WcN7q,TRUE,bullet,Black,white,0,2670,-6,2664,2745,2025-08-30T07:39:13Z
Chess_Training_2021,Wb6XA4bU,TRUE,bullet,White,white,1,2660,10,2670,2752,2025-08-30T07:37:59Z
Chess_Training_2021,SX9ewH5G,TRUE,bullet,Black,white,0,2666,-6,2660,2748,2025-08-30T07:36:49Z
Chess_Training_2021,LykZEqev,TRUE,bullet,White,black,0,2670,-4,2666,2884,2025-08-28T13:04:55Z
Chess_Training_2021,qioNXx3o,TRUE,bullet,Black,NA,0.5,2669,1,2670,2706,2025-08-18T16:45:09Z
Chess_Training_2021,vDcl5bsL,TRUE,bullet,White,white,1,2665,4,2669,2605,2025-08-10T06:52:49Z
Chess_Training_2021,DefyAbBW,TRUE,bullet,White,black,0,2669,-4,2665,2727,2025-08-09T13:28:09Z
Chess_Training_2021,gHntrhsg,TRUE,bullet,Black,white,0,2674,-5,2669,2722,2025-08-09T13:26:58Z
Chess_Training_2021,ZxpJ60Zq,TRUE,bullet,White,white,1,2667,7,2674,2729,2025-08-09T13:25:46Z
AtalikS,elFrIfo2,TRUE,blitz,Black,black,1,2661,4,2665,2531,2025-10-15T22:12:56Z
AtalikS,LL8jYsAI,TRUE,blitz,White,white,1,2656,5,2661,2593,2025-10-15T22:01:21Z
AtalikS,yd0qBGwc,TRUE,blitz,White,white,1,2651,5,2656,2596,2025-10-15T21:50:36Z
AtalikS,MZEsXL6C,TRUE,blitz,Black,black,1,2647,4,2651,2576,2025-10-15T21:15:28Z
AtalikS,ohhMBsxZ,TRUE,blitz,Black,black,1,2642,5,2647,2591,2025-10-15T21:10:00Z
AtalikS,yCpKLLAM,TRUE,blitz,Black,black,1,2639,3,2642,2445,2025-10-15T20:50:29Z
AtalikS,OweCNaMl,TRUE,blitz,White,white,1,2634,5,2639,2565,2025-10-15T20:43:27Z
AtalikS,jDt5gn3X,TRUE,blitz,Black,black,1,2628,6,2634,2641,2025-10-15T20:38:06Z
AtalikS,9C9Tg7Pn,TRUE,blitz,White,black,0,2636,-8,2628,2491,2025-10-15T20:32:57Z
AtalikS,1kxQNvVQ,TRUE,blitz,White,white,1,2633,3,2636,2489,2025-10-15T20:27:48Z
AtalikS,oGOog766,TRUE,blitz,Black,NA,0.5,2633,0,2633,2611,2025-10-15T20:21:45Z
AtalikS,to5h6wkt,TRUE,blitz,White,black,0,2640,-7,2633,2583,2025-10-15T20:19:17Z
AtalikS,LjMTOvYi,TRUE,blitz,Black,black,1,2637,3,2640,2474,2025-10-15T20:16:21Z
AtalikS,LmN7cHNa,TRUE,blitz,White,white,1,2633,4,2637,2466,2025-10-15T20:10:17Z
AtalikS,ixKQikFL,TRUE,blitz,White,black,0,2639,-6,2633,2660,2025-10-15T20:03:59Z
dawid1398,0Yug48J4,TRUE,blitz,White,white,1,2702,6,2708,2709,2025-10-12T16:37:35Z
dawid1398,JzUSGuNa,TRUE,blitz,Black,black,1,2696,6,2702,2712,2025-10-12T13:17:42Z
dawid1398,s3T4iqIa,TRUE,blitz,White,white,1,2691,5,2696,2638,2025-10-11T21:19:52Z
dawid1398,68lUSQ16,TRUE,blitz,Black,white,0,2697,-6,2691,2707,2025-10-11T21:14:25Z
dawid1398,hFdqMXkX,TRUE,blitz,White,white,1,2694,3,2697,2493,2025-10-11T21:10:24Z
dawid1398,fURC8qfj,TRUE,blitz,White,black,0,2702,-8,2694,2521,2025-10-11T21:04:14Z
dawid1398,qb2U6w1M,TRUE,blitz,Black,NA,0.5,2703,-1,2702,2677,2025-10-10T23:18:03Z
dawid1398,N6FOiyC1,TRUE,blitz,White,white,1,2699,4,2703,2544,2025-10-10T23:13:43Z
dawid1398,SyguCJE5,TRUE,blitz,White,NA,0.5,2701,-2,2699,2625,2025-10-10T23:07:14Z
dawid1398,zSr4ZcgW,TRUE,blitz,Black,white,0,2707,-6,2701,2664,2025-10-10T23:05:06Z
dawid1398,ShZBUOTZ,TRUE,blitz,White,white,1,2702,5,2707,2670,2025-10-10T22:58:53Z
dawid1398,nQMGyXUU,TRUE,blitz,Black,white,0,2709,-7,2702,2630,2025-10-10T22:52:20Z
dawid1398,MJGo4jxC,TRUE,blitz,White,white,1,2705,4,2709,2542,2025-10-10T22:45:27Z
dawid1398,y2SRyA3P,TRUE,blitz,White,white,1,2701,4,2705,2627,2025-10-10T20:37:05Z
dawid1398,stfvmyRh,TRUE,blitz,Black,white,0,2708,-7,2701,2588,2025-10-10T11:15:58Z
ChessGenius-Intel,yK3dLafV,TRUE,rapid,White,white,1,2568,6,2574,2342,2025-10-15T03:43:15Z
ChessGenius-Intel,MPGsQDZ5,TRUE,rapid,White,white,1,2558,10,2568,2501,2025-10-14T14:43:43Z
ChessGenius-Intel,mG2M39Z1,TRUE,rapid,Black,black,1,2545,13,2558,2586,2025-10-12T01:48:44Z
ChessGenius-Intel,6M8YsRgk,TRUE,rapid,Black,black,1,2536,9,2545,2436,2025-10-11T15:35:07Z
ChessGenius-Intel,kpU5Jlz0,TRUE,rapid,White,white,1,2529,7,2536,2337,2025-10-11T11:17:17Z
ChessGenius-Intel,E0ujbRUO,TRUE,rapid,Black,white,0,2550,-21,2529,2295,2025-10-11T04:15:24Z
ChessGenius-Intel,pYb8rGn5,TRUE,rapid,Black,white,0,2565,-15,2550,2498,2025-10-11T03:55:30Z
ChessGenius-Intel,O4jzYHRc,TRUE,rapid,Black,black,1,2556,9,2565,2439,2025-10-10T16:11:50Z
ChessGenius-Intel,AnjLWBWq,TRUE,rapid,White,white,1,2548,8,2556,2374,2025-10-07T01:59:57Z
ChessGenius-Intel,5OO6bPFl,TRUE,rapid,White,white,1,2541,7,2548,2351,2025-10-02T13:58:17Z
ChessGenius-Intel,RlQwvvDZ,TRUE,rapid,Black,white,0,2556,-15,2541,2533,2025-10-02T13:04:46Z
ChessGenius-Intel,m7KwojKy,TRUE,rapid,White,white,1,2545,11,2556,2505,2025-09-20T09:22:38Z
ChessGenius-Intel,pBT2RIm0,TRUE,rapid,Black,NA,0.5,2547,-2,2545,2469,2025-09-16T04:05:38Z
ChessGenius-Intel,uAKcG2IT,TRUE,rapid,White,NA,0.5,2551,-4,2547,2410,2025-09-06T14:34:04Z
ChessGenius-Intel,SIJjdb7E,TRUE,rapid,Black,black,1,2545,6,2551,2359,2025-09-05T02:09:54Z
MikeGScarn,qq9uC85b,TRUE,blitz,Black,black,1,2813,7,2820,2609,2025-10-14T22:02:01Z
MikeGScarn,ecypFvHN,TRUE,blitz,White,black,0,2836,-23,2813,2600,2025-10-14T21:57:19Z
MikeGScarn,Q7Hihvsa,TRUE,blitz,White,white,1,2829,7,2836,2613,2025-10-13T22:23:43Z
MikeGScarn,FaYF6hms,TRUE,blitz,Black,black,1,2819,10,2829,2693,2025-10-13T22:14:45Z
MikeGScarn,7XpaxYWI,TRUE,blitz,White,white,1,2808,11,2819,2705,2025-10-13T22:06:35Z
MikeGScarn,C80hCCOO,TRUE,bullet,White,white,1,2890,5,2895,2793,2025-09-17T04:53:02Z
MikeGScarn,xxtNdzma,TRUE,bullet,Black,black,1,2882,8,2890,2918,2025-09-06T07:08:53Z
MikeGScarn,ohvTwRdT,TRUE,bullet,Black,white,0,2889,-7,2882,2866,2025-09-06T06:58:59Z
MikeGScarn,LOPnhDkT,TRUE,bullet,White,white,1,2885,4,2889,2762,2025-09-06T02:05:35Z
MikeGScarn,SB7nrPEF,TRUE,blitz,Black,black,1,2797,11,2808,2703,2025-09-05T17:04:46Z
MikeGScarn,Hq1TwBSI,TRUE,blitz,Black,white,0,2819,-22,2797,2631,2025-09-05T16:52:09Z
MikeGScarn,z6YCsd08,TRUE,bullet,White,black,0,2890,-5,2885,2970,2025-09-04T17:53:55Z
MikeGScarn,UM8DYQzW,TRUE,bullet,Black,black,1,2887,3,2890,2632,2025-09-04T14:38:49Z
MikeGScarn,jkQlAUl5,TRUE,bullet,White,white,1,2885,2,2887,2636,2025-09-04T14:37:39Z
MikeGScarn,Ixu85Mg0,TRUE,bullet,Black,white,0,2895,-10,2885,2729,2025-09-04T14:35:06Z
MW1966,S3AiXaMK,TRUE,rapid,Black,black,1,2506,1,2507,1729,2025-10-15T17:13:16Z
MW1966,jCrJsvxT,TRUE,rapid,White,white,1,2506,0,2506,1697,2025-10-15T16:17:54Z
MW1966,gh9wusR0,TRUE,rapid,White,white,1,2506,0,2506,1880,2025-10-15T16:03:40Z
MW1966,gdJHLGXR,TRUE,rapid,Black,black,1,2505,1,2506,2021,2025-10-15T15:43:39Z
MW1966,wcbFCGJT,TRUE,rapid,White,white,1,2505,0,2505,1680,2025-10-15T15:36:51Z
MW1966,v9lk9LN7,TRUE,rapid,Black,black,1,2505,0,2505,1579,2025-10-15T15:25:50Z
MW1966,xZvFIWKF,TRUE,rapid,White,white,1,2505,0,2505,1291,2025-10-15T15:22:36Z
MW1966,q072GqAP,TRUE,rapid,Black,black,1,2505,0,2505,1687,2025-10-15T15:18:19Z
MW1966,xRPoenkc,TRUE,rapid,White,white,1,2505,0,2505,1281,2025-10-15T15:11:04Z
MW1966,z4KkyZnz,TRUE,rapid,Black,black,1,2505,0,2505,1346,2025-10-15T15:03:48Z
MW1966,Rr9Qup5t,TRUE,rapid,White,NA,0.5,2506,-1,2505,2420,2025-10-13T17:50:36Z
MW1966,CyvP4np6,TRUE,rapid,Black,black,1,2504,2,2506,2265,2025-10-13T17:36:44Z
MW1966,eekydmd7,TRUE,rapid,White,black,0,2513,-9,2504,2277,2025-10-13T17:26:20Z
MW1966,lVq9xQa8,TRUE,rapid,White,white,1,2511,2,2513,2266,2025-10-13T17:19:33Z
MW1966,1EPTrTrG,TRUE,rapid,Black,black,1,2508,3,2511,2294,2025-10-13T17:12:41Z
dauANHbac,g2H9tMe3,TRUE,bullet,Black,black,1,3169,5,3174,3071,2025-10-10T14:03:19Z
dauANHbac,zDbD4OiJ,TRUE,bullet,White,white,1,3164,5,3169,3076,2025-10-10T14:00:53Z
dauANHbac,bGfFSv6R,TRUE,bullet,Black,black,1,3159,5,3164,3080,2025-10-10T13:58:17Z
dauANHbac,ebUR0uIJ,TRUE,bullet,White,white,1,3153,6,3159,3085,2025-10-10T13:55:47Z
dauANHbac,BaUjLMZC,TRUE,bullet,Black,white,0,3162,-9,3153,3078,2025-10-10T13:53:53Z
dauANHbac,RyorWRV3,TRUE,bullet,White,white,1,3156,6,3162,3082,2025-10-10T13:51:12Z
dauANHbac,IEuV5WQx,TRUE,bullet,White,white,1,3153,3,3156,2965,2025-10-10T12:23:31Z
dauANHbac,XOR0RF8l,TRUE,bullet,Black,black,1,3149,4,3153,2968,2025-10-10T12:21:06Z
dauANHbac,CcEGD6yF,TRUE,bullet,White,white,1,3145,4,3149,2971,2025-10-10T12:19:28Z
dauANHbac,36rrRilA,TRUE,bullet,Black,black,1,3141,4,3145,2975,2025-10-10T12:17:13Z
dauANHbac,SONem6nc,TRUE,bullet,White,white,1,3136,5,3141,2978,2025-10-10T12:14:51Z
dauANHbac,FsUiaE3z,TRUE,bullet,Black,black,1,3132,4,3136,2977,2025-10-10T12:11:22Z
dauANHbac,WWsq83b9,TRUE,blitz,Black,NA,0.5,2889,2,2891,2928,2025-10-07T13:49:07Z
dauANHbac,DqAMEUkc,TRUE,blitz,White,black,0,2904,-15,2889,2923,2025-10-07T13:44:01Z
dauANHbac,RGiIt1Oj,TRUE,blitz,Black,black,1,2885,19,2904,2929,2025-10-07T13:39:38Z
NeverOFzero,nA8ejNRX,TRUE,blitz,White,NA,0.5,2413,0,2413,2408,2025-09-19T17:17:42Z
NeverOFzero,wn6ijdKI,TRUE,blitz,Black,white,0,2415,-2,2413,2690,2025-09-19T17:11:04Z
NeverOFzero,1Tanbr4i,TRUE,blitz,Black,black,1,2413,2,2415,2169,2025-09-19T17:04:35Z
NeverOFzero,EO8UalUX,TRUE,blitz,White,white,1,2408,5,2413,2362,2025-09-19T16:55:56Z
NeverOFzero,j9hRLESB,TRUE,blitz,Black,white,0,2414,-6,2408,2408,2025-09-19T16:51:01Z
NeverOFzero,urfO4Idw,TRUE,blitz,White,white,1,2410,4,2414,2322,2025-09-19T16:48:01Z
NeverOFzero,KdblPwva,TRUE,blitz,Black,black,1,2406,4,2410,2258,2025-09-19T16:44:23Z
NeverOFzero,i94BzODV,TRUE,blitz,White,white,1,2405,1,2406,1953,2025-09-19T16:37:50Z
NeverOFzero,zaqwSBdi,TRUE,blitz,White,white,1,2401,4,2405,2299,2025-09-19T16:33:07Z
NeverOFzero,1fjnaCT0,TRUE,blitz,Black,white,0,2410,-9,2401,2191,2025-09-19T16:31:20Z
NeverOFzero,w6zOnbzK,TRUE,blitz,White,white,1,2410,0,2410,1861,2025-09-19T16:29:29Z
NeverOFzero,wQswp14a,TRUE,blitz,Black,black,1,2404,6,2410,2382,2025-09-19T16:24:51Z
NeverOFzero,odd45haO,TRUE,blitz,Black,black,1,2398,6,2404,2405,2025-09-19T16:18:46Z
NeverOFzero,IzXrqwbq,TRUE,blitz,Black,black,1,2395,3,2398,2269,2025-09-18T19:37:52Z
NeverOFzero,CCVgq9sx,TRUE,blitz,White,white,1,2388,7,2395,2419,2025-09-18T19:35:34Z
Chess_Grizzle_7233,VAF6sabv,TRUE,bullet,White,white,1,3197,8,3205,3054,2025-10-09T16:22:09Z
Chess_Grizzle_7233,LNAqvymE,TRUE,bullet,Black,black,1,3188,9,3197,3058,2025-10-09T16:19:31Z
Chess_Grizzle_7233,zFMBkGkH,TRUE,bullet,White,white,1,3178,10,3188,3062,2025-10-09T16:17:02Z
Chess_Grizzle_7233,F0xsufxH,TRUE,bullet,Black,white,0,3198,-20,3178,3054,2025-10-09T16:15:02Z
Chess_Grizzle_7233,YPfA5LAS,TRUE,bullet,White,white,1,3188,10,3198,3057,2025-10-09T16:13:37Z
Chess_Grizzle_7233,xP01d406,TRUE,bullet,Black,black,1,3178,10,3188,3061,2025-10-09T16:11:45Z
Chess_Grizzle_7233,N1oY956x,TRUE,bullet,White,black,0,3200,-22,3178,3053,2025-10-09T16:10:36Z
Chess_Grizzle_7233,zOqMaGx1,TRUE,bullet,Black,black,1,3189,11,3200,3057,2025-10-09T16:09:30Z
Chess_Grizzle_7233,8J6NzP1f,TRUE,bullet,White,white,1,3177,12,3189,3061,2025-10-09T16:07:47Z
Chess_Grizzle_7233,ieI9bylV,TRUE,bullet,Black,black,1,3160,17,3177,3134,2025-10-09T16:05:24Z
Chess_Grizzle_7233,yWNm6eX7,TRUE,bullet,White,black,0,3182,-22,3160,3128,2025-10-09T16:03:23Z
Chess_Grizzle_7233,fexk4426,TRUE,bullet,Black,black,1,3163,19,3182,3133,2025-10-09T16:00:49Z
Chess_Grizzle_7233,UEp89CQw,TRUE,bullet,White,white,1,3141,22,3163,3138,2025-10-09T15:58:33Z
Chess_Grizzle_7233,sMd1BEFc,TRUE,bullet,Black,black,1,3115,26,3141,3144,2025-10-09T15:56:30Z
Chess_Grizzle_7233,RSXnqjix,TRUE,bullet,White,black,0,3141,-26,3115,3138,2025-10-09T15:54:12Z
IvankovicDbk,KralmyUs,TRUE,bullet,White,white,1,2014,24,2038,2002,2025-06-19T10:56:16Z
IvankovicDbk,ZGlsMPzk,TRUE,bullet,Black,white,0,2035,-21,2014,2056,2025-04-17T19:58:20Z
IvankovicDbk,J6Q24qLB,TRUE,blitz,Black,black,1,2097,4,2101,2017,2025-04-17T19:34:15Z
IvankovicDbk,WBI0l0qn,TRUE,blitz,White,white,1,2095,2,2097,1815,2025-04-17T19:30:34Z
IvankovicDbk,Ngq1bIaO,TRUE,blitz,Black,black,1,2093,2,2095,1764,2025-04-17T19:26:31Z
IvankovicDbk,o7hKxtDH,TRUE,blitz,White,white,1,2093,0,2093,1357,2025-04-17T19:20:43Z
IvankovicDbk,RzCuvnxr,TRUE,blitz,Black,black,1,2087,6,2093,2085,2025-04-17T19:10:49Z
IvankovicDbk,xDt4gi5o,TRUE,blitz,White,white,1,2080,7,2087,2134,2025-04-17T19:01:15Z
IvankovicDbk,Pyt45Yfa,TRUE,blitz,White,black,0,2084,-4,2080,2204,2025-04-13T19:32:48Z
IvankovicDbk,IpmQkged,TRUE,blitz,Black,NA,0.5,2083,1,2084,2179,2025-04-13T19:28:25Z
IvankovicDbk,j3bOpNG9,TRUE,blitz,Black,black,1,2080,3,2083,1819,2025-04-13T19:22:59Z
IvankovicDbk,O71003g5,TRUE,blitz,Black,NA,0.5,2078,2,2080,2229,2025-04-13T19:16:48Z
IvankovicDbk,s52pa6Fz,TRUE,blitz,White,NA,0.5,2079,-1,2078,2034,2025-04-13T19:09:40Z
IvankovicDbk,qxQQWtmq,TRUE,blitz,Black,white,0,2084,-5,2079,2099,2025-04-13T19:00:04Z
IvankovicDbk,WiCGOtSx,TRUE,blitz,White,white,1,2083,1,2084,1702,2025-04-13T18:58:00Z
josedavid321,CtZn2cwh,TRUE,rapid,Black,black,1,2597,3,2600,2379,2025-10-12T22:12:28Z
josedavid321,sJ6pEsBF,TRUE,bullet,Black,black,1,2900,0,2900,2029,2025-10-12T21:54:41Z
josedavid321,f7TbXi8R,TRUE,bullet,Black,black,1,2900,0,2900,2105,2025-10-12T21:46:47Z
josedavid321,eTEu1HVk,TRUE,rapid,Black,black,1,2590,7,2597,2670,2025-10-12T21:20:59Z
josedavid321,5L8WoUwu,TRUE,rapid,White,white,1,2584,6,2590,2558,2025-10-12T21:01:28Z
josedavid321,uxLV268a,TRUE,rapid,White,white,1,2577,7,2584,2680,2025-10-11T22:25:46Z
josedavid321,PDNOJ8mP,TRUE,rapid,Black,black,1,2568,9,2577,2728,2025-10-11T22:09:29Z
josedavid321,hx2fIltg,TRUE,rapid,White,white,1,2561,7,2568,2596,2025-10-11T20:48:53Z
josedavid321,pg5P4knB,TRUE,rapid,Black,black,1,2555,6,2561,2542,2025-10-11T20:39:48Z
josedavid321,WApV0MBO,TRUE,rapid,Black,white,0,2561,-6,2555,2594,2025-10-11T20:18:51Z
josedavid321,yOHyHznV,TRUE,rapid,White,black,0,2567,-6,2561,2582,2025-10-11T20:01:15Z
josedavid321,zbwixzb4,TRUE,rapid,Black,black,1,2561,6,2567,2515,2025-10-11T00:04:37Z
josedavid321,0F8ntZtO,TRUE,rapid,Black,black,1,2554,7,2561,2557,2025-10-10T23:51:26Z
josedavid321,KSnDFe39,TRUE,rapid,Black,white,0,2561,-7,2554,2551,2025-10-10T23:46:47Z
josedavid321,Y6qeoaYD,TRUE,rapid,Black,white,0,2568,-7,2561,2571,2025-10-10T15:16:05Z
hypercamel,jLv7QMtq,TRUE,blitz,Black,black,1,1761,59,1820,1674,2025-08-25T17:57:53Z
hypercamel,4ZziI6d3,TRUE,blitz,Black,black,1,1734,27,1761,1409,2025-08-25T17:47:39Z
hypercamel,HLsh9Kyv,TRUE,blitz,White,black,0,1830,-96,1734,1884,2025-08-25T17:42:58Z
hypercamel,CJDBZxJ5,TRUE,blitz,White,white,1,1642,188,1830,1691,2025-08-25T17:31:49Z
hypercamel,mdFKc3ak,TRUE,blitz,Black,black,1,1500,142,1642,1307,2025-04-02T15:32:39Z
SmellTheGas,hUpRK1Fg,TRUE,bullet,White,black,0,2295,-4,2291,2349,2025-10-15T19:38:26Z
SmellTheGas,UgIySWR8,TRUE,bullet,Black,black,1,2289,6,2295,2312,2025-10-15T12:56:34Z
SmellTheGas,1YoxQkSg,TRUE,bullet,White,NA,0.5,2289,0,2289,2296,2025-10-15T12:54:11Z
SmellTheGas,S752UfoR,TRUE,bullet,White,white,1,2282,7,2289,2348,2025-10-15T12:52:22Z
SmellTheGas,HQD1nOMU,TRUE,bullet,Black,black,1,2276,6,2282,2299,2025-10-15T12:50:18Z
SmellTheGas,6zAJKhH5,TRUE,bullet,White,white,1,2270,6,2276,2271,2025-10-15T12:48:08Z
SmellTheGas,BIcX9ihR,TRUE,bullet,Black,black,1,2262,8,2270,2403,2025-10-15T10:59:08Z
SmellTheGas,N306PB60,TRUE,bullet,White,black,0,2268,-6,2262,2291,2025-10-15T10:37:41Z
SmellTheGas,LYZEZR2o,TRUE,bullet,Black,black,1,2261,7,2268,2328,2025-10-15T09:32:58Z
SmellTheGas,wRtN4xOM,TRUE,bullet,Black,white,0,2264,-3,2261,2408,2025-10-15T09:30:53Z
SmellTheGas,bzg35eZd,TRUE,bullet,White,black,0,2270,-6,2264,2284,2025-10-15T09:29:57Z
SmellTheGas,WjcnDy3e,TRUE,blitz,White,black,0,2114,-4,2110,2244,2025-10-14T18:19:32Z
SmellTheGas,LNMXJwvx,TRUE,bullet,Black,white,0,2276,-6,2270,2277,2025-10-14T16:06:56Z
SmellTheGas,OEPbJu8F,TRUE,bullet,Black,white,0,2279,-3,2276,2421,2025-10-14T16:04:50Z
SmellTheGas,wmwQDzPe,TRUE,bullet,White,black,0,2285,-6,2279,2287,2025-10-14T15:43:39Z
Horus_88,ZIoRUIki,TRUE,blitz,Black,NA,0.5,2182,0,2182,2161,2025-10-16T04:39:11Z
Horus_88,r3mwNrLU,TRUE,blitz,White,black,0,2188,-6,2182,2155,2025-10-16T04:32:59Z
Horus_88,MfdNl8mV,TRUE,blitz,Black,black,1,2183,5,2188,2160,2025-10-16T04:28:54Z
Horus_88,cmnoGlbi,TRUE,blitz,White,white,1,2177,6,2183,2165,2025-10-16T04:22:30Z
Horus_88,XNLSlp1o,TRUE,blitz,Black,black,1,2172,5,2177,2171,2025-10-16T04:17:56Z
Horus_88,IvGVn5Ba,TRUE,blitz,White,white,1,2166,6,2172,2177,2025-10-16T04:16:02Z
Horus_88,uPVaSBEn,TRUE,blitz,Black,white,0,2174,-8,2166,2036,2025-10-16T04:14:42Z
Horus_88,wWr6JgTV,TRUE,blitz,White,NA,0.5,2174,0,2174,2165,2025-10-16T04:08:20Z
Horus_88,d78sm5Oc,TRUE,blitz,Black,black,1,2169,5,2174,2116,2025-10-15T05:30:56Z
Horus_88,eiEf1S3H,TRUE,blitz,White,black,0,2176,-7,2169,2109,2025-10-15T05:27:05Z
Horus_88,fNYjac5e,TRUE,blitz,Black,white,0,2181,-5,2176,2203,2025-10-15T05:23:32Z
Horus_88,NoBPhwMJ,TRUE,blitz,White,NA,0.5,2181,0,2181,2154,2025-10-15T05:10:04Z
Horus_88,VPaJs6nS,TRUE,blitz,White,black,0,2189,-8,2181,2051,2025-10-15T05:07:57Z
Horus_88,c4oz0VWd,TRUE,blitz,Black,black,1,2184,5,2189,2128,2025-10-15T04:50:31Z
Horus_88,qEJEbz4d,TRUE,blitz,White,black,0,2190,-6,2184,2182,2025-10-15T04:46:53Z
adriano10,b6sKWVBG,TRUE,bullet,Black,black,1,2597,5,2602,2556,2025-04-26T12:51:20Z
adriano10,84G660uT,TRUE,bullet,White,white,1,2592,5,2597,2569,2025-04-26T12:49:00Z
adriano10,6fC4CWd4,TRUE,bullet,Black,black,1,2588,4,2592,2449,2025-04-26T12:46:50Z
adriano10,HGNe0qRT,TRUE,bullet,White,white,1,2585,3,2588,2375,2025-04-26T12:44:21Z
adriano10,9l2il9be,TRUE,bullet,White,white,1,2583,2,2585,2312,2025-04-26T12:43:16Z
adriano10,MiRlyHXG,TRUE,bullet,Black,black,1,2581,2,2583,2350,2025-04-26T12:40:57Z
adriano10,8DF8dUhX,TRUE,bullet,White,white,1,2579,2,2581,2326,2025-04-26T11:54:04Z
adriano10,2tq0zZD8,TRUE,bullet,Black,white,0,2585,-6,2579,2536,2025-04-26T11:51:40Z
adriano10,Lw8I59y5,TRUE,bullet,White,white,1,2580,5,2585,2537,2025-04-26T11:50:14Z
adriano10,XC8f8rjK,TRUE,bullet,Black,white,0,2587,-7,2580,2512,2025-04-26T11:39:17Z
adriano10,GFkKgv4l,TRUE,bullet,Black,NA,0.5,2588,-1,2587,2505,2025-04-26T11:36:39Z
adriano10,QmqODFkG,TRUE,bullet,White,white,1,2585,3,2588,2417,2025-04-26T11:33:41Z
adriano10,3aL05URG,TRUE,bullet,White,white,1,2583,2,2585,2314,2025-04-26T11:32:46Z
adriano10,DI1kP8Xj,TRUE,bullet,Black,black,1,2578,5,2583,2513,2025-04-26T11:30:41Z
adriano10,q2Ci8LLL,TRUE,bullet,Black,black,1,2573,5,2578,2539,2025-04-26T11:28:41Z
King_of_Cyprus,E5sO14Az,TRUE,blitz,White,black,0,2349,-7,2342,2331,2025-10-06T13:03:11Z
King_of_Cyprus,rsa3xpC3,TRUE,blitz,White,black,0,2355,-6,2349,2349,2025-10-05T19:52:22Z
King_of_Cyprus,b3SoiHke,TRUE,blitz,White,black,0,2362,-7,2355,2347,2025-10-05T19:47:05Z
King_of_Cyprus,UHCd4oix,TRUE,blitz,Black,white,0,2366,-4,2362,2487,2025-10-02T16:57:23Z
King_of_Cyprus,dyP4y1je,TRUE,blitz,Black,white,0,2370,-4,2366,2432,2025-09-30T19:17:11Z
King_of_Cyprus,uUgqgg9B,TRUE,blitz,Black,black,1,2366,4,2370,2248,2025-09-30T19:13:03Z
King_of_Cyprus,X6tkSgB9,TRUE,blitz,White,black,0,2373,-7,2366,2306,2025-09-30T19:09:08Z
King_of_Cyprus,Oh3GHJ5I,TRUE,blitz,Black,white,0,2379,-6,2373,2357,2025-09-30T19:02:59Z
King_of_Cyprus,CkK8ebdL,TRUE,blitz,White,black,0,2386,-7,2379,2338,2025-09-30T18:58:55Z
King_of_Cyprus,hV6Jkylw,TRUE,blitz,White,black,0,2393,-7,2386,2314,2025-09-30T18:53:22Z
King_of_Cyprus,RyHLONuo,TRUE,blitz,Black,black,1,2387,6,2393,2346,2025-09-30T18:48:49Z
King_of_Cyprus,tiszrNOr,TRUE,blitz,Black,white,0,2393,-6,2387,2410,2025-09-30T13:32:14Z
King_of_Cyprus,D4YnBIPd,TRUE,blitz,White,black,0,2398,-5,2393,2452,2025-09-29T13:31:59Z
King_of_Cyprus,gCpOYnmT,TRUE,blitz,Black,black,1,2392,6,2398,2429,2025-09-29T13:25:33Z
King_of_Cyprus,WM84hipC,TRUE,blitz,Black,black,1,2387,5,2392,2339,2025-09-29T13:19:10Z
Al_Shima,2yNtkjsj,TRUE,bullet,White,black,0,2709,-6,2703,2702,2025-10-12T22:55:52Z
Al_Shima,sPpBiHGn,TRUE,bullet,Black,NA,0.5,2709,0,2709,2702,2025-10-12T22:53:47Z
Al_Shima,jr7vQsNC,TRUE,bullet,White,NA,0.5,2709,0,2709,2702,2025-10-12T22:52:12Z
Al_Shima,y0dDIrn7,TRUE,bullet,Black,white,0,2715,-6,2709,2695,2025-10-12T22:49:58Z
Al_Shima,5dO89hPL,TRUE,bullet,White,black,0,2721,-6,2715,2689,2025-10-12T22:47:46Z
Al_Shima,aEhwI8HV,TRUE,bullet,Black,white,0,2727,-6,2721,2683,2025-10-12T22:45:34Z
Al_Shima,zsgBblNm,TRUE,bullet,White,NA,0.5,2728,-1,2727,2682,2025-10-12T22:43:17Z
Al_Shima,A4xm6ti1,TRUE,bullet,Black,NA,0.5,2729,-1,2728,2681,2025-10-12T22:41:20Z
Al_Shima,f6jdNtJ0,TRUE,bullet,White,white,1,2724,5,2729,2686,2025-10-12T22:39:19Z
Al_Shima,m53n3jGU,TRUE,bullet,Black,white,0,2730,-6,2724,2680,2025-10-12T22:38:22Z
Al_Shima,K9zITRtR,TRUE,bullet,White,black,0,2737,-7,2730,2673,2025-10-12T22:36:16Z
Al_Shima,xXxA1qJY,TRUE,bullet,Black,white,0,2744,-7,2737,2666,2025-10-12T22:34:29Z
Al_Shima,3EFyMATP,TRUE,bullet,White,white,1,2739,5,2744,2670,2025-10-12T22:32:22Z
Al_Shima,U6ZcqMj4,TRUE,bullet,Black,white,0,2744,-5,2739,2797,2025-10-12T22:30:22Z
Al_Shima,k9N5qqHW,TRUE,bullet,White,black,0,2749,-5,2744,2792,2025-10-12T22:28:19Z
Dr_BlindPew,h5hRpPHE,TRUE,blitz,Black,white,0,2806,-8,2798,2689,2025-10-10T09:39:07Z
Dr_BlindPew,4xyNP2fa,TRUE,blitz,White,black,0,2813,-7,2806,2711,2025-10-10T09:33:05Z
Dr_BlindPew,aFVFZYpK,TRUE,blitz,Black,black,1,2810,3,2813,2610,2025-10-10T09:29:34Z
Dr_BlindPew,4NFDUeFF,TRUE,blitz,Black,black,1,2807,3,2810,2640,2025-10-10T09:26:24Z
Dr_BlindPew,8rwsz72F,TRUE,blitz,White,NA,0.5,2810,-3,2807,2619,2025-10-10T09:20:22Z
Dr_BlindPew,nkiRb8ps,TRUE,blitz,White,black,0,2818,-8,2810,2696,2025-10-10T09:11:39Z
Dr_BlindPew,AO9m1sE9,TRUE,blitz,Black,white,0,2826,-8,2818,2690,2025-10-08T08:05:36Z
Dr_BlindPew,P7tZrDDH,TRUE,blitz,Black,NA,0.5,2829,-3,2826,2648,2025-10-08T08:00:18Z
Dr_BlindPew,aGpPF1Z9,TRUE,blitz,White,white,1,2825,4,2829,2700,2025-10-08T07:49:56Z
Dr_BlindPew,4QVOj6R7,TRUE,blitz,Black,black,1,2821,4,2825,2699,2025-10-08T07:42:59Z
Dr_BlindPew,TTu5LtiQ,TRUE,blitz,White,white,1,2818,3,2821,2625,2025-10-08T07:38:51Z
Dr_BlindPew,z35nK3CE,TRUE,blitz,Black,NA,0.5,2820,-2,2818,2705,2025-10-08T07:38:12Z
Dr_BlindPew,ShuAY4NW,TRUE,blitz,Black,black,1,2816,4,2820,2709,2025-10-08T07:30:21Z
Dr_BlindPew,viEIzbyi,TRUE,blitz,Black,black,1,2813,3,2816,2637,2025-10-08T07:20:51Z
Dr_BlindPew,0vI24pzp,TRUE,blitz,White,black,0,2821,-8,2813,2656,2025-10-08T07:13:23Z
AmolMav,NsHzwo3m,TRUE,classical,Black,NA,0.5,2351,-4,2347,2235,2025-10-16T03:49:22Z
AmolMav,1MEv2EtL,TRUE,blitz,White,black,0,2048,-5,2043,2082,2025-10-16T02:20:39Z
AmolMav,HTunIK7G,TRUE,blitz,White,white,1,2043,5,2048,2026,2025-10-15T22:25:55Z
AmolMav,HhISYcFI,TRUE,blitz,Black,black,1,2037,6,2043,2027,2025-10-15T21:41:21Z
AmolMav,507phG5E,TRUE,classical,White,black,0,2362,-11,2351,2320,2025-10-15T20:38:06Z
AmolMav,LNK7Ha0Y,TRUE,blitz,Black,black,1,2031,6,2037,2064,2025-10-15T18:18:30Z
AmolMav,OcWNllki,TRUE,blitz,Black,black,1,2025,6,2031,2028,2025-10-15T18:14:28Z
AmolMav,AdN00t9T,TRUE,blitz,Black,white,0,2031,-6,2025,2056,2025-10-15T18:09:22Z
AmolMav,6fd8QR3w,TRUE,blitz,White,black,0,2036,-5,2031,2026,2025-10-15T18:04:28Z
AmolMav,CnJ4TFLE,TRUE,blitz,White,black,0,2041,-5,2036,2123,2025-10-15T18:00:14Z
AmolMav,pjZOdJVv,TRUE,blitz,White,white,1,2035,6,2041,2038,2025-10-15T04:00:30Z
AmolMav,WaR5FPCK,TRUE,classical,Black,black,1,2358,4,2362,2056,2025-10-14T20:43:13Z
AmolMav,U4NdNvPH,TRUE,classical,White,black,0,2373,-15,2358,2254,2025-10-14T20:07:47Z
AmolMav,uVGWpzEK,TRUE,blitz,Black,black,1,2029,6,2035,2070,2025-10-14T19:24:13Z
AmolMav,6cnDPKyW,TRUE,blitz,Black,white,0,2035,-6,2029,2016,2025-10-14T19:16:25Z
Mellow_Monster,Lt3BsJ6S,TRUE,bullet,White,black,0,3064,-9,3055,2813,2025-10-16T00:20:25Z
Mellow_Monster,O1vQ65k2,TRUE,bullet,Black,black,1,3062,2,3064,2815,2025-10-16T00:18:18Z
Mellow_Monster,11ULnrYF,TRUE,bullet,White,white,1,3060,2,3062,2818,2025-10-16T00:17:43Z
Mellow_Monster,5l3CCUwp,TRUE,bullet,Black,black,1,3057,3,3060,2820,2025-10-16T00:15:43Z
Mellow_Monster,rDQ4sNi9,TRUE,bullet,White,white,1,3052,5,3057,3023,2025-10-16T00:09:33Z
Mellow_Monster,hmFNNaoJ,TRUE,bullet,Black,white,0,3058,-6,3052,3016,2025-10-16T00:07:01Z
Mellow_Monster,1KIaisFI,TRUE,bullet,White,black,0,3065,-7,3058,3010,2025-10-16T00:04:45Z
Mellow_Monster,ZZ6Lx0uY,TRUE,bullet,Black,white,0,3072,-7,3065,3003,2025-10-16T00:02:35Z
Mellow_Monster,OIVdS2f2,TRUE,bullet,Black,white,0,3079,-7,3072,2967,2025-10-15T22:26:59Z
Mellow_Monster,tT0m6wKv,TRUE,bullet,White,white,1,3075,4,3079,2972,2025-10-15T22:25:54Z
Mellow_Monster,znwz8vFS,TRUE,bullet,Black,black,1,3071,4,3075,2978,2025-10-15T22:24:11Z
Mellow_Monster,kWIlmjgo,TRUE,bullet,White,NA,0.5,3072,-1,3071,2976,2025-10-15T22:21:43Z
Mellow_Monster,jgEc7n31,TRUE,bullet,Black,white,0,3080,-8,3072,2965,2025-10-15T22:19:52Z
Mellow_Monster,vHGl3ghS,TRUE,bullet,White,white,1,3075,5,3080,2971,2025-10-15T22:17:14Z
Mellow_Monster,LNX1TPVt,TRUE,bullet,Black,black,1,3072,3,3075,2917,2025-10-15T22:14:37Z
NEXXEF,tQJiOGqg,TRUE,bullet,White,white,1,2518,9,2527,2704,2025-10-15T11:20:54Z
NEXXEF,PKtN0PIc,TRUE,bullet,Black,white,0,2522,-4,2518,2614,2025-10-15T11:19:19Z
NEXXEF,AGHV6CdO,TRUE,bullet,White,black,0,2525,-3,2522,2711,2025-10-15T11:17:39Z
NEXXEF,l81Triaz,TRUE,bullet,Black,white,0,2531,-6,2525,2536,2025-10-15T11:15:48Z
NEXXEF,kSVhYlgk,TRUE,bullet,White,white,1,2525,6,2531,2554,2025-10-15T11:08:55Z
NEXXEF,Vg6fFhi2,TRUE,bullet,White,black,0,2528,-3,2525,2719,2025-10-15T11:07:00Z
NEXXEF,5Mf5wsNK,TRUE,bullet,Black,black,1,2520,8,2528,2620,2025-10-15T11:06:07Z
NEXXEF,4So7IEEm,TRUE,bullet,Black,white,0,2524,-4,2520,2657,2025-10-15T11:04:54Z
NEXXEF,Mtr39nZi,TRUE,bullet,White,white,1,2518,6,2524,2546,2025-10-15T11:02:14Z
NEXXEF,y4MNkT9m,TRUE,bullet,White,black,0,2522,-4,2518,2603,2025-10-15T11:00:21Z
NEXXEF,ogH3sQ2P,TRUE,bullet,Black,NA,0.5,2520,2,2522,2683,2025-10-15T10:58:07Z
NEXXEF,z6xSeWoz,TRUE,bullet,White,black,0,2524,-4,2520,2569,2025-10-15T10:55:44Z
NEXXEF,ZfcxGv4B,TRUE,bullet,Black,white,0,2530,-6,2524,2559,2025-10-15T10:53:15Z
NEXXEF,Qf4zXfdh,TRUE,bullet,White,black,0,2535,-5,2530,2550,2025-10-15T10:51:56Z
NEXXEF,LwvI81HU,TRUE,bullet,Black,black,1,2529,6,2535,2578,2025-10-15T10:49:37Z
Nikodem23,e6pgaJum,TRUE,rapid,White,black,0,1566,-11,1555,1558,2025-08-14T14:22:44Z
Nikodem23,85y4A7aI,TRUE,rapid,White,white,1,1554,12,1566,1560,2025-08-14T14:20:17Z
Nikodem23,1CkBfMIj,TRUE,rapid,White,black,0,1559,-5,1554,1727,2025-07-22T16:40:20Z
Nikodem23,2Eh5pAvU,TRUE,rapid,Black,black,1,1549,10,1559,1598,2025-07-22T11:28:56Z
Nikodem23,tQHYraLR,TRUE,rapid,Black,black,1,1541,8,1549,1533,2025-07-22T11:18:41Z
Nikodem23,0b2sRovu,TRUE,rapid,White,white,1,1531,10,1541,1547,2025-07-22T11:11:38Z
Nikodem23,5laWVzQx,TRUE,rapid,White,black,0,1540,-9,1531,1566,2025-07-22T11:00:21Z
Nikodem23,KTYUUAcX,TRUE,rapid,Black,black,1,1532,8,1540,1524,2025-07-22T10:50:31Z
Nikodem23,mzXwiSKK,TRUE,rapid,Black,black,1,1523,9,1532,1509,2025-07-22T10:40:22Z
Nikodem23,vsYuwcSl,TRUE,rapid,White,black,0,1531,-8,1523,1575,2025-07-20T07:15:14Z
Nikodem23,DrPaFM0B,TRUE,rapid,Black,white,0,1539,-8,1531,1610,2025-07-20T07:10:22Z
Nikodem23,i4Fk0Lw9,TRUE,rapid,White,black,0,1547,-8,1539,1581,2025-07-20T07:04:32Z
Nikodem23,4v5bma3M,TRUE,rapid,White,white,1,1539,8,1547,1482,2025-07-16T17:52:28Z
Nikodem23,5MtDzs5Y,TRUE,rapid,Black,white,0,1548,-9,1539,1597,2025-07-16T17:42:44Z
Nikodem23,hkA04B6q,TRUE,rapid,White,black,0,1556,-8,1548,1604,2025-07-16T07:59:40Z
doughnut42,03gAVUVO,TRUE,bullet,White,white,1,3024,1,3025,2541,2025-10-16T00:21:26Z
doughnut42,unbhr37W,TRUE,bullet,Black,black,1,3024,0,3024,2541,2025-10-16T00:20:22Z
doughnut42,yrBXVOkh,TRUE,bullet,White,white,1,3023,1,3024,2542,2025-10-16T00:19:35Z
doughnut42,1J6opRSX,TRUE,bullet,Black,black,1,3022,1,3023,2543,2025-10-16T00:19:08Z
doughnut42,z1ptCeoq,TRUE,bullet,White,white,1,3022,0,3022,2543,2025-10-16T00:17:52Z
doughnut42,YcqwhouX,TRUE,bullet,Black,black,1,3019,3,3022,2767,2025-10-16T00:15:38Z
doughnut42,g7CPGahs,TRUE,bullet,Black,black,1,3018,1,3019,2637,2025-10-16T00:14:22Z
doughnut42,b4CY2tbY,TRUE,bullet,White,white,1,3017,1,3018,2639,2025-10-16T00:13:13Z
doughnut42,TqLpTuqp,TRUE,bullet,Black,white,0,3027,-10,3017,2628,2025-10-16T00:11:50Z
doughnut42,FOyKRUz9,TRUE,bullet,White,white,1,3026,1,3027,2629,2025-10-16T00:10:32Z
doughnut42,g98tI8g7,TRUE,bullet,Black,black,1,3025,1,3026,2630,2025-10-16T00:09:41Z
doughnut42,MBOpJKHr,TRUE,bullet,White,white,1,3024,1,3025,2631,2025-10-16T00:08:45Z
doughnut42,vQUcepu0,TRUE,bullet,Black,black,1,3023,1,3024,2632,2025-10-16T00:07:23Z
doughnut42,hvhNOdWu,TRUE,bullet,White,white,1,3022,1,3023,2634,2025-10-16T00:06:51Z
doughnut42,Z4YXUGLa,TRUE,bullet,Black,black,1,3021,1,3022,2635,2025-10-16T00:05:38Z
StUdIeB,qYqeteQZ,TRUE,blitz,Black,white,0,2062,-10,2052,1815,2025-10-12T19:24:35Z
StUdIeB,K250O2KO,TRUE,blitz,Black,black,1,2054,8,2062,2175,2025-10-12T19:21:12Z
StUdIeB,7py9ycZS,TRUE,blitz,White,white,1,2048,6,2054,2077,2025-10-12T19:17:17Z
StUdIeB,1MIKBC9A,TRUE,blitz,White,white,1,2044,4,2048,1913,2025-10-12T19:13:51Z
StUdIeB,UvXoRjuZ,TRUE,blitz,Black,black,1,2043,1,2044,1617,2025-10-12T18:55:41Z
StUdIeB,zOzHjQco,TRUE,blitz,White,black,0,2052,-9,2043,1847,2025-10-12T18:53:04Z
StUdIeB,FlpOPfPl,TRUE,blitz,Black,white,0,2058,-6,2052,2021,2025-10-09T18:10:50Z
StUdIeB,LqxkDF2i,TRUE,blitz,White,black,0,2064,-6,2058,2086,2025-10-09T18:07:41Z
StUdIeB,CsBlN5Hm,TRUE,blitz,White,white,1,2060,4,2064,1913,2025-10-09T18:03:46Z
StUdIeB,PWUCTrqT,TRUE,blitz,Black,white,0,2066,-6,2060,2080,2025-10-09T18:01:09Z
StUdIeB,tdhsAa1u,TRUE,bullet,White,black,0,2306,-6,2300,2325,2025-10-08T09:16:33Z
StUdIeB,WHcxttNZ,TRUE,blitz,White,white,1,2059,7,2066,2100,2025-10-08T09:10:37Z
StUdIeB,7Buy9Uph,TRUE,blitz,Black,white,0,2065,-6,2059,2078,2025-10-08T08:58:03Z
StUdIeB,28S9Hd4i,TRUE,blitz,White,white,1,2059,6,2065,2050,2025-10-08T08:51:35Z
StUdIeB,6Vx0Gwup,TRUE,blitz,Black,white,0,2065,-6,2059,2052,2025-10-08T08:32:18Z
chessexplained,REIp48zi,TRUE,blitz,Black,NA,0.5,2529,0,2529,2515,2025-10-12T19:39:17Z
chessexplained,3xFxO7ew,TRUE,blitz,White,white,1,2527,2,2529,2257,2025-10-12T19:37:27Z
chessexplained,KcsJa7BU,TRUE,blitz,Black,white,0,2537,-10,2527,2208,2025-10-12T19:33:54Z
chessexplained,qgtJpE3T,TRUE,blitz,Black,black,1,2536,1,2537,2053,2025-10-12T19:31:10Z
chessexplained,ftqUkz5j,TRUE,blitz,White,NA,0.5,2532,4,2536,2808,2025-10-12T19:27:04Z
chessexplained,qiyie2pU,TRUE,blitz,White,white,1,2531,1,2532,2134,2025-10-12T19:21:14Z
chessexplained,oVcMRBT8,TRUE,blitz,Black,black,1,2531,0,2531,2029,2025-10-12T19:14:04Z
chessexplained,dSdqZwHb,TRUE,blitz,White,white,1,2527,4,2531,2414,2025-10-12T19:06:34Z
chessexplained,lcZnz6Kc,TRUE,blitz,White,white,1,2526,1,2527,1843,2025-10-12T19:05:48Z
chessexplained,lL9vMowX,TRUE,blitz,Black,white,0,2528,-2,2526,2817,2025-10-12T19:00:18Z
chessexplained,tHpHzyH2,TRUE,blitz,White,white,1,2523,5,2528,2473,2025-10-12T18:50:48Z
chessexplained,SRn7NTvL,TRUE,blitz,Black,white,0,2531,-8,2523,2432,2025-10-12T18:42:03Z
chessexplained,IQDabJDE,TRUE,blitz,White,white,1,2527,4,2531,2363,2025-10-12T18:34:42Z
chessexplained,DPhZou1e,TRUE,blitz,Black,NA,0.5,2529,-2,2527,2423,2025-10-12T18:25:04Z
chessexplained,dq9ku5kd,TRUE,blitz,Black,black,1,2528,1,2529,2180,2025-10-12T18:21:17Z
Lahan_2014,cdiC6DR7,TRUE,classical,White,white,1,1666,20,1686,1630,2025-10-15T23:01:45Z
Lahan_2014,2pfaFmEr,TRUE,classical,White,white,1,1640,26,1666,1689,2025-10-14T22:35:51Z
Lahan_2014,zt51D0nn,TRUE,rapid,Black,white,0,1508,-11,1497,1197,2025-10-14T02:09:19Z
Lahan_2014,RAZX6VgD,TRUE,rapid,White,white,1,1505,3,1508,1264,2025-10-14T02:08:31Z
Lahan_2014,PrAOVFzX,TRUE,rapid,Black,black,1,1500,5,1505,1500,2025-10-14T02:06:50Z
Lahan_2014,KpCe3kqZ,TRUE,classical,Black,black,1,1623,17,1640,1507,2025-10-13T19:57:29Z
Lahan_2014,y9Hcmegc,TRUE,rapid,White,white,1,1491,9,1500,1483,2025-10-13T19:33:06Z
Lahan_2014,dRGE3qIB,TRUE,classical,White,white,1,1604,19,1623,1506,2025-10-12T18:21:28Z
Lahan_2014,MoFdUj0O,TRUE,classical,Black,black,1,1578,26,1604,1551,2025-10-12T15:02:38Z
Lahan_2014,wCB6Rp7i,TRUE,classical,White,white,1,1545,33,1578,1575,2025-10-11T22:51:31Z
Lahan_2014,IbaJD3oN,TRUE,classical,Black,black,1,1518,27,1545,1455,2025-10-11T21:57:17Z
Lahan_2014,i78VN8Hu,TRUE,rapid,White,black,0,1501,-10,1491,1453,2025-10-10T01:52:07Z
Lahan_2014,9TQU8pZs,TRUE,rapid,Black,white,0,1512,-11,1501,1417,2025-10-10T00:53:55Z
Lahan_2014,XCH6vPD5,TRUE,rapid,Black,white,0,1518,-6,1512,1639,2025-10-10T00:45:01Z
Lahan_2014,g4SWp7BQ,TRUE,classical,White,white,1,1499,19,1518,1500,2025-10-09T03:29:55Z
FlyingLemon,LYJ6wuMp,TRUE,rapid,Black,white,0,2305,-6,2299,2303,2025-10-15T20:35:54Z
FlyingLemon,yiUpsROC,TRUE,rapid,White,black,0,2311,-6,2305,2282,2025-10-15T20:06:14Z
FlyingLemon,2xsDBbfq,TRUE,rapid,Black,black,1,2304,7,2311,2406,2025-10-15T01:45:55Z
FlyingLemon,VHalsEBh,TRUE,rapid,White,black,0,2312,-8,2304,2170,2025-10-15T01:08:14Z
FlyingLemon,IhKKD0H0,TRUE,rapid,Black,black,1,2309,3,2312,2152,2025-10-15T00:57:45Z
FlyingLemon,NXoGE464,TRUE,classical,Black,black,1,2293,4,2297,2119,2025-10-12T20:42:01Z
FlyingLemon,BnU8P5QV,TRUE,classical,White,black,0,2300,-7,2293,2312,2025-10-12T19:04:42Z
FlyingLemon,zdGUazEU,TRUE,rapid,White,black,0,2317,-8,2309,2153,2025-10-12T18:47:06Z
FlyingLemon,WcHbfRnS,TRUE,rapid,White,black,0,2321,-4,2317,2419,2025-10-12T18:42:12Z
FlyingLemon,xawEjeDg,TRUE,classical,White,white,1,2294,6,2300,2225,2025-10-12T15:36:41Z
FlyingLemon,OmA3RdKt,TRUE,classical,Black,white,0,2304,-10,2294,2206,2025-10-12T14:58:20Z
FlyingLemon,arBYGo5p,TRUE,classical,Black,black,1,2304,0,2304,1643,2025-10-10T17:23:18Z
FlyingLemon,tZLf8nXR,TRUE,classical,White,white,1,2302,2,2304,1865,2025-10-10T17:03:31Z
FlyingLemon,TWAqA2b4,TRUE,classical,White,white,1,2300,2,2302,1998,2025-10-10T16:47:49Z
FlyingLemon,JFRy3lot,TRUE,classical,Black,black,1,2299,1,2300,1751,2025-10-10T16:37:38Z
german11,I0AkDuHH,TRUE,blitz,White,black,0,1346,0,1346,1944,2025-10-15T21:41:51Z
german11,Jos7AA04,TRUE,blitz,Black,white,0,1346,0,1346,1935,2025-10-15T21:36:24Z
german11,QbQucmTJ,TRUE,blitz,White,black,0,1351,-5,1346,1424,2025-10-15T21:30:36Z
german11,gQP9L9cb,TRUE,blitz,Black,black,1,1343,8,1351,1498,2025-10-15T21:30:10Z
german11,Ufln1NeU,TRUE,blitz,White,black,0,1343,0,1343,2113,2025-10-15T21:27:58Z
german11,121lCsrR,TRUE,blitz,Black,white,0,1343,0,1343,2314,2025-10-15T21:23:24Z
german11,CXZsOlAg,TRUE,blitz,White,white,1,1342,1,1343,968,2025-10-15T21:19:17Z
german11,c5aSesoy,TRUE,blitz,Black,white,0,1350,-8,1342,1186,2025-10-15T21:17:07Z
german11,NJXRkfyZ,TRUE,blitz,Black,white,0,1356,-6,1350,1364,2025-10-15T21:14:45Z
german11,YKielRiW,TRUE,blitz,White,black,0,1362,-6,1356,1293,2025-10-15T21:10:09Z
german11,qpsWBDvS,TRUE,blitz,Black,white,0,1366,-4,1362,1503,2025-10-15T21:08:22Z
german11,zTaCIXnu,TRUE,blitz,White,black,0,1371,-5,1366,1436,2025-10-15T21:02:34Z
german11,yxdacZQc,TRUE,blitz,Black,white,0,1373,-2,1371,1563,2025-10-15T20:54:04Z
german11,f2BYPvnD,TRUE,blitz,White,black,0,1376,-3,1373,1571,2025-10-15T20:48:15Z
german11,zvZGJS1O,TRUE,blitz,White,black,0,1378,-2,1376,1632,2025-10-15T20:38:44Z
Silkthewanderer,jgYTrsJo,TRUE,rapid,White,white,1,2228,5,2233,1920,2025-10-13T20:03:17Z
Silkthewanderer,SgRcpyJM,TRUE,rapid,Black,NA,0.5,2239,-11,2228,1913,2025-10-13T19:11:38Z
Silkthewanderer,qoLyg22T,TRUE,classical,Black,white,0,2271,-15,2256,1812,2025-10-11T19:38:17Z
Silkthewanderer,48U9PnK6,TRUE,classical,White,white,1,2269,2,2271,1898,2025-10-11T19:15:09Z
Silkthewanderer,fuoSfeux,TRUE,classical,Black,black,1,2267,2,2269,1899,2025-10-11T18:48:59Z
Silkthewanderer,QEExJYda,TRUE,classical,White,white,1,2266,1,2267,1782,2025-10-11T18:28:06Z
Silkthewanderer,kzsEsMYx,TRUE,classical,White,white,1,2266,0,2266,1239,2025-10-11T18:21:45Z
Silkthewanderer,3nP7xbhu,TRUE,classical,Black,white,0,2278,-12,2266,2111,2025-10-11T18:14:26Z
Silkthewanderer,EjgMEdYQ,TRUE,classical,White,white,1,2276,2,2278,1938,2025-10-11T18:02:20Z
Silkthewanderer,UW4UylkV,TRUE,classical,Black,black,1,2275,1,2276,1681,2025-10-11T17:24:46Z
Silkthewanderer,GoBeB5Ws,TRUE,classical,White,black,0,2285,-10,2275,2286,2025-10-11T17:02:50Z
Silkthewanderer,2GDBxyZs,TRUE,classical,Black,black,1,2277,8,2285,2225,2025-10-10T06:01:26Z
Silkthewanderer,XkUxgiFO,TRUE,rapid,White,white,1,2238,1,2239,1476,2025-10-08T20:39:42Z
Silkthewanderer,UftjlzEg,TRUE,rapid,Black,black,1,2238,0,2238,1477,2025-10-08T20:05:48Z
Silkthewanderer,5Chnzzca,TRUE,classical,White,white,1,2274,3,2277,1981,2025-10-07T14:00:59Z
NightOFzero,NB6qQRIB,TRUE,rapid,White,white,1,2601,7,2608,2393,2025-10-14T14:05:40Z
NightOFzero,jzM1WumL,TRUE,rapid,White,white,1,2590,11,2601,2506,2025-10-14T13:56:34Z
NightOFzero,qiFuuzkc,TRUE,rapid,Black,white,0,2607,-17,2590,2561,2025-10-14T13:35:54Z
NightOFzero,zIgb28yA,TRUE,bullet,Black,black,1,2998,3,3001,2819,2025-10-12T16:20:58Z
NightOFzero,nsoQG7B5,TRUE,bullet,White,white,1,2994,4,2998,2822,2025-10-12T16:19:40Z
NightOFzero,aMUNYUaK,TRUE,bullet,Black,black,1,2991,3,2994,2863,2025-10-12T16:18:50Z
NightOFzero,BpzjPuT3,TRUE,bullet,White,white,1,2987,4,2991,2867,2025-10-12T16:17:39Z
NightOFzero,2PXiv7tH,TRUE,bullet,Black,NA,0.5,2989,-2,2987,2865,2025-10-12T16:16:07Z
NightOFzero,jRVBqT91,TRUE,bullet,White,white,1,2984,5,2989,2901,2025-10-12T16:15:34Z
NightOFzero,fwIvgLA4,TRUE,bullet,Black,NA,0.5,2986,-2,2984,2899,2025-10-12T16:13:15Z
NightOFzero,C7CjZxM7,TRUE,bullet,White,white,1,2981,5,2986,2904,2025-10-12T16:11:24Z
NightOFzero,rp0aw3hP,TRUE,bullet,Black,black,1,2976,5,2981,2908,2025-10-12T16:10:35Z
NightOFzero,7uIxZi0D,TRUE,bullet,White,white,1,2972,4,2976,2913,2025-10-12T16:08:22Z
NightOFzero,9zILLyyp,TRUE,bullet,Black,white,0,2978,-6,2972,2906,2025-10-12T16:06:45Z
NightOFzero,t4sd8uWa,TRUE,bullet,White,NA,0.5,2980,-2,2978,2883,2025-10-12T16:00:19Z
memeliciouss,qgbaf3tv,TRUE,bullet,White,black,0,1263,-17,1246,1262,2025-10-08T04:50:08Z
memeliciouss,ldwztKar,TRUE,bullet,White,black,0,1265,-2,1263,1696,2025-10-04T08:57:52Z
memeliciouss,CY4Sw1Yp,TRUE,bullet,Black,white,0,1280,-15,1265,1270,2025-09-15T14:54:05Z
memeliciouss,dvRCMC5S,TRUE,bullet,White,white,1,1269,11,1280,1185,2025-09-15T14:38:28Z
memeliciouss,VmxqgYqw,TRUE,bullet,Black,black,1,1251,18,1269,1276,2025-09-15T13:48:33Z
memeliciouss,sRC0y3Bi,TRUE,bullet,White,white,1,1239,12,1251,1251,2025-09-12T07:30:12Z
memeliciouss,1Kyhqg7z,TRUE,bullet,White,white,1,1228,11,1239,1120,2025-09-11T05:16:51Z
memeliciouss,Z6QhvIep,TRUE,bullet,White,white,1,1213,15,1228,1174,2025-09-09T14:17:23Z
memeliciouss,aW76Cu1l,TRUE,bullet,White,white,1,1208,5,1213,861,2025-09-09T14:14:13Z
memeliciouss,GOAhdnbl,TRUE,bullet,Black,white,0,1225,-17,1208,1248,2025-09-08T18:52:08Z
memeliciouss,A8ydEVNS,TRUE,bullet,Black,white,0,1233,-8,1225,1473,2025-09-08T17:54:20Z
memeliciouss,a0AD4SPS,TRUE,bullet,Black,black,1,1220,13,1233,1096,2025-09-08T17:49:45Z
memeliciouss,mzdiQqYG,TRUE,bullet,White,white,1,1201,19,1220,1157,2025-09-08T15:22:06Z
memeliciouss,0eOSNZlA,TRUE,bullet,Black,white,0,1228,-27,1201,1150,2025-09-08T15:19:51Z
memeliciouss,mIvbVhrV,TRUE,bullet,White,white,1,1208,20,1228,1155,2025-09-08T15:17:35Z
Dr_Pulersteinits,VM5Dfxn3,TRUE,rapid,Black,black,1,1500,350,1850,1628,2025-10-08T10:36:28Z
Dr_Pulersteinits,2nkUGtXz,TRUE,bullet,Black,black,1,2120,1,2121,1396,2025-10-08T10:23:11Z
Dr_Pulersteinits,PbEjs0u2,TRUE,bullet,White,white,1,2119,1,2120,1397,2025-10-08T10:20:11Z
Dr_Pulersteinits,FC8HNllc,TRUE,bullet,Black,black,1,2118,1,2119,1397,2025-10-08T10:18:01Z
Dr_Pulersteinits,MARTzLHr,TRUE,bullet,White,white,1,2117,1,2118,1397,2025-10-08T10:14:33Z
Dr_Pulersteinits,T9ldC8dP,TRUE,bullet,Black,black,1,2116,1,2117,1398,2025-10-08T10:11:35Z
Dr_Pulersteinits,dgGzfnPo,TRUE,bullet,White,white,1,2115,1,2116,1398,2025-10-08T10:08:45Z
Dr_Pulersteinits,Tct425ZO,TRUE,bullet,Black,NA,0.5,2095,20,2115,2318,2025-10-04T16:15:23Z
Dr_Pulersteinits,j3NXoSP7,TRUE,blitz,Black,black,1,1955,59,2014,1860,2025-10-03T12:32:18Z
Dr_Pulersteinits,YPAEqM5z,TRUE,blitz,White,white,1,1838,117,1955,1889,2025-10-03T12:28:23Z
Dr_Pulersteinits,WmgmZEjT,TRUE,bullet,Black,black,1,2047,48,2095,2152,2025-10-02T18:19:00Z
Dr_Pulersteinits,nV37nUES,TRUE,bullet,White,white,1,1981,66,2047,2213,2025-10-02T13:59:17Z
Dr_Pulersteinits,aJOVBt1x,TRUE,bullet,Black,black,1,1939,42,1981,1923,2025-10-02T13:42:18Z
Dr_Pulersteinits,4YQvS16f,TRUE,bullet,White,black,0,2000,-61,1939,1922,2025-10-02T13:39:54Z
Dr_Pulersteinits,tE3nIjU3,TRUE,bullet,Black,black,1,1928,72,2000,2002,2025-10-02T13:38:05Z
schoberstein,5w6wyJ2F,TRUE,bullet,White,black,0,3139,-8,3131,2972,2025-10-15T10:07:44Z
schoberstein,edjuyzkV,TRUE,bullet,White,white,1,3137,2,3139,2937,2025-10-14T06:20:54Z
schoberstein,2MoUaYCl,TRUE,bullet,Black,black,1,3133,4,3137,3006,2025-10-14T06:19:05Z
schoberstein,tDKzdpbh,TRUE,bullet,Black,black,1,3130,3,3133,2960,2025-10-12T20:55:03Z
schoberstein,H8d8El08,TRUE,bullet,White,black,0,3138,-8,3130,2940,2025-10-12T08:13:57Z
schoberstein,QPm2no7Z,TRUE,bullet,White,white,1,3134,4,3138,3015,2025-10-11T16:23:25Z
schoberstein,048524Aj,TRUE,bullet,Black,black,1,3130,4,3134,3019,2025-10-11T16:22:10Z
schoberstein,rf74bh9r,TRUE,bullet,White,white,1,3126,4,3130,3023,2025-10-11T16:21:20Z
schoberstein,IrCqD3pt,TRUE,bullet,Black,black,1,3122,4,3126,3027,2025-10-11T16:20:11Z
schoberstein,B1iua6XE,TRUE,bullet,White,white,1,3118,4,3122,3031,2025-10-11T16:17:49Z
schoberstein,TXRMmfxE,TRUE,bullet,Black,white,0,3125,-7,3118,3024,2025-10-11T16:16:22Z
schoberstein,DvE63wV4,TRUE,bullet,White,white,1,3121,4,3125,3028,2025-10-11T16:14:03Z
schoberstein,on9af7gT,TRUE,bullet,Black,black,1,3116,5,3121,3032,2025-10-11T16:12:20Z
schoberstein,i0huNiSH,TRUE,bullet,White,white,1,3112,4,3116,3037,2025-10-11T16:10:44Z
schoberstein,DGo0i3yV,TRUE,bullet,Black,black,1,3109,3,3112,2897,2025-10-11T15:46:51Z
OFBC_Nigeria,hlUvvQXC,TRUE,blitz,Black,white,0,2166,-7,2159,2342,2025-02-04T20:11:47Z
OFBC_Nigeria,6RonIgYO,TRUE,blitz,White,black,0,2180,-14,2166,2155,2025-02-04T20:10:44Z
OFBC_Nigeria,WZTTR1qH,TRUE,blitz,Black,black,1,2174,6,2180,1955,2025-02-04T20:06:49Z
OFBC_Nigeria,sN6SEhiG,TRUE,blitz,White,NA,0.5,2172,2,2174,2209,2025-02-04T20:02:14Z
OFBC_Nigeria,dxCRAWf0,TRUE,blitz,Black,white,0,2184,-12,2172,2243,2025-02-04T19:59:06Z
OFBC_Nigeria,dAndxqR1,TRUE,blitz,White,white,1,2181,3,2184,1815,2025-02-04T19:55:26Z
OFBC_Nigeria,zoh0aImp,TRUE,blitz,Black,white,0,2193,-12,2181,2270,2025-02-04T19:53:21Z
OFBC_Nigeria,TjXCR4z3,TRUE,blitz,White,black,0,2207,-14,2193,2242,2025-02-04T19:43:54Z
OFBC_Nigeria,TJ0H9eh8,TRUE,blitz,Black,NA,0.5,2218,-11,2207,1948,2025-02-04T19:41:48Z
OFBC_Nigeria,6uhvuDqQ,TRUE,blitz,White,black,0,2234,-16,2218,2253,2025-02-04T19:34:44Z
OFBC_Nigeria,UwduELxT,TRUE,blitz,White,white,1,2215,19,2234,2239,2025-02-04T19:29:46Z
OFBC_Nigeria,GfIjIZj6,TRUE,blitz,Black,white,0,2228,-13,2215,2334,2025-02-04T19:27:24Z
OFBC_Nigeria,qqyDbZR5,TRUE,bullet,Black,white,0,2287,-7,2280,2221,2025-01-25T18:30:48Z
OFBC_Nigeria,NLuPPAbC,TRUE,bullet,White,black,0,2293,-6,2287,2271,2025-01-25T08:41:03Z
OFBC_Nigeria,5eiCf8eX,TRUE,bullet,White,white,1,2288,5,2293,2254,2025-01-25T08:07:57Z
L04d1ng,8NVAddHs,TRUE,bullet,Black,white,0,3062,-9,3053,2896,2025-10-15T18:38:22Z
L04d1ng,fQpkRmTf,TRUE,bullet,White,white,1,3058,4,3062,2899,2025-10-15T18:36:44Z
L04d1ng,cVgpoVDF,TRUE,bullet,Black,black,1,3055,3,3058,2902,2025-10-15T18:35:29Z
L04d1ng,RIu5JOWV,TRUE,bullet,White,white,1,3051,4,3055,2906,2025-10-15T18:34:37Z
L04d1ng,wOqBpalA,TRUE,bullet,Black,black,1,3048,3,3051,2909,2025-10-15T18:32:19Z
L04d1ng,JA4yVgi9,TRUE,bullet,White,white,1,3044,4,3048,2913,2025-10-15T18:31:30Z
L04d1ng,rNjILzl6,TRUE,bullet,Black,black,1,3040,4,3044,2917,2025-10-15T18:30:21Z
L04d1ng,IoCkhrvX,TRUE,bullet,White,white,1,3036,4,3040,2921,2025-10-15T18:28:13Z
L04d1ng,fsA4alqc,TRUE,bullet,Black,white,0,3044,-8,3036,2913,2025-10-15T18:27:22Z
L04d1ng,S9JvH0wN,TRUE,bullet,White,white,1,3040,4,3044,2917,2025-10-15T18:25:35Z
L04d1ng,4YyvK4Wq,TRUE,bullet,Black,NA,0.5,3042,-2,3040,2915,2025-10-15T18:23:32Z
L04d1ng,9lJycqjl,TRUE,bullet,Black,black,1,3038,4,3042,2901,2025-10-15T16:25:31Z
L04d1ng,pKz9jnzb,TRUE,bullet,White,white,1,3035,3,3038,2905,2025-10-15T16:23:35Z
L04d1ng,Ar5yVGHX,TRUE,bullet,Black,black,1,3031,4,3035,2908,2025-10-15T16:22:09Z
L04d1ng,p4fjGuyo,TRUE,bullet,White,black,0,3037,-6,3031,2992,2025-10-15T16:16:18Z
Albinsajan,0c7gSEo4,TRUE,bullet,Black,black,1,2875,3,2878,2649,2025-10-12T12:15:44Z
Albinsajan,UKQDAVTO,TRUE,bullet,White,white,1,2873,2,2875,2652,2025-10-12T12:13:44Z
Albinsajan,u7XltkGd,TRUE,bullet,Black,black,1,2868,5,2873,2821,2025-10-11T10:43:41Z
Albinsajan,VrglgW5K,TRUE,bullet,White,white,1,2861,7,2868,2937,2025-10-11T10:38:22Z
Albinsajan,VsfpeNxX,TRUE,bullet,Black,black,1,2853,8,2861,2944,2025-10-11T10:37:24Z
Albinsajan,6k6J9sqH,TRUE,bullet,White,black,0,2858,-5,2853,2940,2025-10-11T10:37:07Z
Albinsajan,oA70tVVK,TRUE,bullet,Black,black,1,2850,8,2858,2947,2025-10-11T10:36:41Z
Albinsajan,43p1vtmj,TRUE,bullet,White,white,1,2843,7,2850,2955,2025-10-11T10:35:46Z
Albinsajan,rKZKgxSM,TRUE,bullet,Black,black,1,2835,8,2843,2962,2025-10-11T10:34:30Z
Albinsajan,67kklmQ0,TRUE,bullet,White,black,0,2839,-4,2835,2958,2025-10-11T10:33:19Z
Albinsajan,flDgFuAE,TRUE,bullet,Black,white,0,2843,-4,2839,2954,2025-10-11T10:32:17Z
Albinsajan,l4v8d1gc,TRUE,bullet,White,black,0,2847,-4,2843,2950,2025-10-11T10:31:02Z
Albinsajan,6QKlE9bS,TRUE,bullet,Black,black,1,2839,8,2847,2958,2025-10-11T10:30:37Z
Albinsajan,izty0Wgi,TRUE,bullet,White,black,0,2843,-4,2839,2961,2025-10-11T10:26:30Z
Albinsajan,1op2Jwst,TRUE,bullet,Black,white,0,2847,-4,2843,2957,2025-10-11T10:25:20Z
GrohochetGrom,Rd7d8Hj2,TRUE,blitz,Black,white,0,1904,-5,1899,1904,2025-10-15T23:27:21Z
GrohochetGrom,VKfvzVyh,TRUE,blitz,Black,white,0,1910,-6,1904,1893,2025-10-15T23:26:43Z
GrohochetGrom,A9hc7LBx,TRUE,rapid,White,black,0,2116,-7,2109,2051,2025-10-15T23:21:58Z
GrohochetGrom,Nfqzrx3j,TRUE,rapid,Black,black,1,2111,5,2116,2023,2025-10-15T23:14:56Z
GrohochetGrom,bBo0EPPj,TRUE,rapid,White,white,1,2107,4,2111,2027,2025-10-15T23:11:28Z
GrohochetGrom,2Iv8tkqu,TRUE,blitz,Black,white,0,1916,-6,1910,1948,2025-10-15T09:28:18Z
GrohochetGrom,6OkWN9ud,TRUE,rapid,Black,white,0,2113,-6,2107,2082,2025-10-15T08:19:39Z
GrohochetGrom,0Qnmf0BE,TRUE,rapid,White,white,1,2108,5,2113,2070,2025-10-14T20:29:23Z
GrohochetGrom,sMeS09hO,TRUE,rapid,Black,white,0,2114,-6,2108,2075,2025-10-14T19:17:34Z
GrohochetGrom,OSnZCqej,TRUE,rapid,White,white,1,2109,5,2114,2080,2025-10-14T19:05:11Z
GrohochetGrom,7rW2mRVw,TRUE,rapid,Black,black,1,2104,5,2109,2085,2025-10-14T18:46:41Z
GrohochetGrom,hvDeSN2h,TRUE,rapid,White,black,0,2110,-6,2104,2079,2025-10-14T18:37:31Z
GrohochetGrom,l2QBL4CX,TRUE,rapid,Black,black,1,2104,6,2110,2084,2025-10-14T18:19:44Z
GrohochetGrom,1gwrzAXy,TRUE,rapid,White,black,0,2110,-6,2104,2078,2025-10-14T18:09:53Z
GrohochetGrom,a4VRhWHO,TRUE,rapid,Black,black,1,2105,5,2110,2083,2025-10-14T17:58:04Z
bijiy,98wTR5Lh,TRUE,bullet,White,black,0,2901,-5,2896,2979,2025-10-15T00:06:48Z
bijiy,se6VfjvM,TRUE,bullet,White,black,0,2903,-2,2901,3171,2025-10-10T23:01:45Z
bijiy,anGp0SzV,TRUE,bullet,Black,white,0,2906,-3,2903,3169,2025-10-10T23:00:44Z
bijiy,su5t0CUu,TRUE,bullet,White,black,0,2912,-6,2906,2859,2025-10-05T16:48:33Z
bijiy,Cmo9yQp3,TRUE,bullet,White,black,0,2917,-5,2912,3000,2025-10-04T22:45:03Z
bijiy,YL3C7cfA,TRUE,bullet,Black,white,0,2922,-5,2917,2995,2025-10-04T22:43:34Z
bijiy,P0Wy89yH,TRUE,blitz,White,white,1,2367,6,2373,2365,2025-10-02T18:01:02Z
bijiy,zNh7C0lU,TRUE,bullet,Black,white,0,2925,-3,2922,3080,2025-10-02T17:58:26Z
bijiy,KLkhPC64,TRUE,bullet,White,white,1,2916,9,2925,3088,2025-10-02T17:57:25Z
bijiy,wW61bUMy,TRUE,blitz,White,black,0,2372,-5,2367,2449,2025-09-28T19:38:33Z
bijiy,80Q2J12d,TRUE,blitz,Black,white,0,2373,-1,2372,2729,2025-09-28T19:35:22Z
bijiy,LHpX2jrm,TRUE,blitz,White,black,0,2378,-5,2373,2450,2025-09-28T19:31:10Z
bijiy,ctcnNK1T,TRUE,blitz,Black,white,0,2380,-2,2378,2612,2025-09-28T19:28:47Z
bijiy,HnRSDNmN,TRUE,blitz,White,black,0,2381,-1,2380,2813,2025-09-28T19:26:08Z
bijiy,gs6Ts2lq,TRUE,blitz,Black,black,1,2375,6,2381,2390,2025-09-28T19:23:23Z
JanMeLons,BIAfvrQB,TRUE,bullet,White,black,0,2232,-9,2223,2055,2025-10-15T17:06:44Z
JanMeLons,u0JxsV0o,TRUE,bullet,Black,white,0,2238,-6,2232,2267,2025-10-15T17:05:22Z
JanMeLons,LD0A06L2,TRUE,blitz,White,black,0,2054,-5,2049,2183,2025-10-15T16:59:11Z
JanMeLons,zstY1eU2,TRUE,blitz,White,white,1,2047,7,2054,2042,2025-10-15T16:55:34Z
JanMeLons,HN8WutdI,TRUE,bullet,White,black,0,2248,-10,2238,2028,2025-10-13T12:48:18Z
JanMeLons,nnOeUYvf,TRUE,bullet,Black,black,1,2242,6,2248,2219,2025-10-13T12:46:32Z
JanMeLons,vkVAFyIg,TRUE,rapid,Black,white,0,1826,-5,1821,2067,2025-10-12T15:46:16Z
JanMeLons,aJ11eIoT,TRUE,bullet,Black,white,0,2249,-7,2242,2164,2025-10-07T11:35:24Z
JanMeLons,Wt95Ki5b,TRUE,bullet,White,white,1,2245,4,2249,2169,2025-10-07T11:34:10Z
JanMeLons,4JnfmwlU,TRUE,bullet,White,black,0,2253,-8,2245,2109,2025-10-07T11:26:45Z
JanMeLons,cY8cm32H,TRUE,bullet,Black,black,1,2253,0,2253,1660,2025-10-07T11:25:26Z
JanMeLons,XbGa7uiz,TRUE,bullet,White,white,1,2251,2,2253,1924,2025-10-05T16:33:34Z
JanMeLons,3euZJUD1,TRUE,bullet,Black,white,0,2257,-6,2251,2225,2025-10-05T16:32:17Z
JanMeLons,wahXDiaD,TRUE,bullet,White,white,1,2254,3,2257,2073,2025-10-05T16:31:12Z
JanMeLons,DYxK4QDY,TRUE,bullet,Black,white,0,2262,-8,2254,2104,2025-10-05T16:30:07Z
pawnswindler,Q42r66Sz,TRUE,bullet,White,black,0,1901,-5,1896,1925,2025-10-16T03:12:55Z
pawnswindler,kKH6TPWp,TRUE,bullet,Black,white,0,1908,-7,1901,1852,2025-10-16T02:34:30Z
pawnswindler,1BgVbiPY,TRUE,bullet,White,black,0,1914,-6,1908,1896,2025-10-16T02:26:51Z
pawnswindler,oFBt9lEH,TRUE,bullet,White,black,0,1920,-6,1914,1895,2025-10-16T02:25:54Z
pawnswindler,hjsmxKwd,TRUE,bullet,White,white,1,1915,5,1920,1893,2025-10-15T16:59:10Z
pawnswindler,lJGlDUdX,TRUE,bullet,Black,black,1,1909,6,1915,1884,2025-10-15T07:29:08Z
pawnswindler,iysh2vvE,TRUE,bullet,Black,NA,0.5,1909,0,1909,1918,2025-10-14T16:33:17Z
pawnswindler,HMq5FROq,TRUE,bullet,Black,black,1,1903,6,1909,1900,2025-10-14T14:53:58Z
pawnswindler,6eMOVdRP,TRUE,bullet,White,black,0,1909,-6,1903,1904,2025-10-14T14:52:36Z
pawnswindler,QU5wGwms,TRUE,bullet,White,white,1,1903,6,1909,1916,2025-10-14T14:36:58Z
pawnswindler,sQ4Q7aUo,TRUE,bullet,Black,black,1,1896,7,1903,2009,2025-10-14T13:01:52Z
pawnswindler,e9TUXhmJ,TRUE,bullet,White,black,0,1901,-5,1896,1906,2025-10-14T12:46:06Z
pawnswindler,r7b2UBA3,TRUE,bullet,Black,black,1,1895,6,1901,1910,2025-10-14T12:19:57Z
pawnswindler,GNCdLgnJ,TRUE,bullet,Black,black,1,1890,5,1895,1882,2025-10-14T12:15:22Z
pawnswindler,gFhbGJAJ,TRUE,bullet,White,white,1,1884,6,1890,1842,2025-10-14T12:10:45Z
Dmitri_Danilin,Vpo2DEeI,TRUE,bullet,White,black,0,2444,-9,2435,2380,2025-10-14T20:55:58Z
Dmitri_Danilin,VHTpYljN,TRUE,bullet,White,white,1,2443,1,2444,2003,2025-10-14T20:55:21Z
Dmitri_Danilin,vRUKsMP4,TRUE,bullet,Black,black,1,2442,1,2443,1988,2025-10-14T20:53:30Z
Dmitri_Danilin,2Y40us9s,TRUE,bullet,White,white,1,2440,2,2442,2001,2025-10-14T20:51:22Z
Dmitri_Danilin,uBJ3NBZI,TRUE,bullet,White,white,1,2439,1,2440,2053,2025-10-14T20:49:04Z
Dmitri_Danilin,stS5Sgmh,TRUE,bullet,Black,black,1,2439,0,2439,1646,2025-10-14T20:46:56Z
Dmitri_Danilin,Wy9F6eLD,TRUE,bullet,Black,black,1,2437,2,2439,1986,2025-10-14T20:44:34Z
Dmitri_Danilin,7jAmjItG,TRUE,bullet,White,black,0,2453,-16,2437,2080,2025-10-14T20:42:52Z
Dmitri_Danilin,7gwsk8qC,TRUE,bullet,Black,black,1,2452,1,2453,1910,2025-10-14T20:40:26Z
Dmitri_Danilin,aZg38cSe,TRUE,rapid,White,white,1,2241,11,2252,2212,2025-10-13T17:05:45Z
Dmitri_Danilin,09vFsj84,TRUE,rapid,White,white,1,2234,7,2241,2064,2025-10-13T16:43:20Z
Dmitri_Danilin,AZFidgie,TRUE,rapid,Black,black,1,2255,1,2256,1598,2025-10-13T16:32:39Z
Dmitri_Danilin,3Q22yWz2,TRUE,classical,Black,black,1,2345,1,2346,1490,2025-10-12T09:00:06Z
Dmitri_Danilin,nD6L7JSJ,TRUE,rapid,Black,black,1,2232,1,2233,1704,2025-10-11T10:02:27Z
Dmitri_Danilin,ohNbP8Hp,TRUE,rapid,White,white,1,2232,0,2232,948,2025-10-11T09:47:39Z
Andrey_Efimenko,sscI7z3D,TRUE,blitz,Black,black,1,2437,5,2442,2349,2025-04-18T07:59:35Z
Andrey_Efimenko,mzLN57GH,TRUE,blitz,Black,black,1,2432,5,2437,2389,2025-04-16T16:18:48Z
Andrey_Efimenko,MBKwf6g2,TRUE,bullet,White,white,1,2491,11,2502,2646,2025-04-16T16:12:56Z
Andrey_Efimenko,JZ2qDrXF,TRUE,bullet,Black,white,0,2499,-8,2491,2510,2025-04-16T16:06:23Z
Andrey_Efimenko,ZmjzzzMs,TRUE,bullet,White,white,1,2494,5,2499,2311,2025-04-16T16:02:04Z
Andrey_Efimenko,r31Wigah,TRUE,bullet,White,NA,0.5,2492,2,2494,2580,2025-04-16T15:55:25Z
Andrey_Efimenko,7mDJoHZ2,TRUE,blitz,Black,black,1,2426,6,2432,2459,2025-04-16T15:45:58Z
Andrey_Efimenko,LepPW0R4,TRUE,blitz,Black,black,1,2422,4,2426,2359,2025-04-16T15:39:54Z
Andrey_Efimenko,4QwASHQT,TRUE,blitz,White,white,1,2415,7,2422,2463,2025-04-16T15:33:32Z
Andrey_Efimenko,dt91utCR,TRUE,blitz,Black,white,0,2422,-7,2415,2367,2025-04-16T13:39:02Z
Andrey_Efimenko,2yuPF2kk,TRUE,blitz,Black,black,1,2416,6,2422,2386,2025-04-16T13:34:47Z
Andrey_Efimenko,6atJNd1P,TRUE,blitz,White,white,1,2412,4,2416,2312,2025-04-16T03:52:09Z
Andrey_Efimenko,SkQc0uDx,TRUE,blitz,White,white,1,2408,4,2412,2300,2025-04-16T03:32:37Z
Andrey_Efimenko,94qMSwaJ,TRUE,blitz,White,white,1,2403,5,2408,2363,2025-04-16T03:21:32Z
Andrey_Efimenko,HHs6uuxR,TRUE,blitz,Black,black,1,2398,5,2403,2355,2025-04-16T03:17:40Z
AndrewHoma,b9FqdJV1,TRUE,blitz,White,black,0,2835,-9,2826,2712,2025-10-13T10:12:15Z
AndrewHoma,ZPXGQwed,TRUE,blitz,Black,black,1,2831,4,2835,2718,2025-10-13T10:06:22Z
AndrewHoma,PPDw6mIT,TRUE,blitz,White,white,1,2826,5,2831,2723,2025-10-13T10:04:17Z
AndrewHoma,t2gffWhm,TRUE,blitz,Black,black,1,2820,6,2826,2763,2025-10-13T09:51:08Z
AndrewHoma,8FccIvwP,TRUE,blitz,White,white,1,2814,6,2820,2775,2025-10-13T09:45:42Z
AndrewHoma,TDFLWxB9,TRUE,blitz,Black,black,1,2809,5,2814,2722,2025-09-27T01:24:14Z
AndrewHoma,n5nmcZGj,TRUE,blitz,White,black,0,2814,-5,2809,2856,2025-09-23T10:15:55Z
AndrewHoma,fem9m0fj,TRUE,blitz,Black,white,0,2820,-6,2814,2851,2025-09-23T10:10:59Z
AndrewHoma,2KyQNNgx,TRUE,blitz,White,white,1,2813,7,2820,2857,2025-09-23T10:06:52Z
AndrewHoma,6Lc70YX2,TRUE,blitz,Black,black,1,2805,8,2813,2864,2025-09-23T10:00:48Z
AndrewHoma,EnM0rU3K,TRUE,rapid,White,white,1,2710,1,2711,1705,2025-09-20T20:25:04Z
AndrewHoma,uYg2g0DB,TRUE,rapid,White,white,1,2710,0,2710,1179,2025-09-20T20:21:32Z
AndrewHoma,9LLlOL23,TRUE,rapid,Black,black,1,2710,0,2710,1463,2025-09-20T20:20:39Z
AndrewHoma,nThk06Ba,TRUE,rapid,Black,NA,0.5,2755,-45,2710,1630,2025-09-20T20:19:45Z
AndrewHoma,krDo7rON,TRUE,rapid,White,white,1,2755,0,2755,1451,2025-09-20T20:16:14Z
bardiash76,VdMFtOCL,TRUE,bullet,White,NA,0.5,2863,-11,2852,2180,2025-10-04T13:09:15Z
bardiash76,m9UUPWqz,TRUE,bullet,Black,black,1,2862,1,2863,2181,2025-10-04T13:05:32Z
bardiash76,UBqrR4NG,TRUE,bullet,White,white,1,2862,0,2862,2181,2025-10-04T13:02:50Z
bardiash76,IYYJmrTn,TRUE,bullet,Black,black,1,2861,1,2862,2181,2025-10-04T13:01:08Z
bardiash76,8bN7ARsp,TRUE,rapid,Black,black,1,2572,8,2580,2267,2025-10-02T12:02:25Z
bardiash76,meolVVuN,TRUE,rapid,Black,black,1,2566,6,2572,2175,2025-10-02T11:47:11Z
bardiash76,TkBFFQ1v,TRUE,rapid,White,NA,0.5,2587,-21,2566,2227,2025-10-02T11:42:36Z
bardiash76,ax35CW3E,TRUE,bullet,Black,white,0,2876,-15,2861,2752,2025-09-23T16:14:25Z
bardiash76,0yDIruBk,TRUE,rapid,Black,white,0,2635,-48,2587,2362,2025-09-19T21:08:41Z
bardiash76,gnk2nIfa,TRUE,rapid,White,white,1,2634,1,2635,1930,2025-09-19T09:48:05Z
bardiash76,9u4hw1td,TRUE,rapid,Black,black,1,2632,2,2634,1931,2025-09-19T09:37:28Z
bardiash76,Vt5OKMOh,TRUE,rapid,Black,black,1,2631,1,2632,1932,2025-09-19T08:38:33Z
bardiash76,nrZG8F9m,TRUE,rapid,White,white,1,2630,1,2631,1933,2025-09-19T08:31:56Z
bardiash76,AB3BHZ8f,TRUE,rapid,White,NA,0.5,2656,-26,2630,2173,2025-09-18T07:26:35Z
bardiash76,guaQNnVD,TRUE,rapid,White,white,1,2654,2,2656,2062,2025-09-18T07:22:54Z
Maxime109,akNidY47,TRUE,bullet,White,black,0,2028,-10,2018,2016,2025-09-03T14:14:40Z
Maxime109,YWxH8qGa,TRUE,bullet,White,white,1,2017,11,2028,2059,2025-08-31T15:52:08Z
Maxime109,f4O24JAL,TRUE,bullet,Black,black,1,2010,7,2017,1936,2025-08-18T13:59:12Z
Maxime109,erl4l0Nu,TRUE,bullet,White,black,0,2016,-6,2010,2131,2025-08-18T07:26:49Z
Maxime109,mQFlhBiv,TRUE,bullet,White,black,0,2025,-9,2016,2016,2025-08-17T18:39:32Z
Maxime109,jZPcHBN7,TRUE,bullet,Black,black,1,2015,10,2025,2060,2025-08-17T18:38:05Z
Maxime109,YEygZU2A,TRUE,bullet,White,black,0,2023,-8,2015,2055,2025-08-17T18:36:06Z
Maxime109,uMNbN1mu,TRUE,bullet,Black,white,0,2032,-9,2023,2050,2025-08-17T18:35:04Z
Maxime109,hgWyw456,TRUE,bullet,White,black,0,2041,-9,2032,2044,2025-08-17T18:33:21Z
Maxime109,5dB8fvTk,TRUE,bullet,Black,white,0,2051,-10,2041,2038,2025-08-17T18:31:34Z
Maxime109,IjhIONda,TRUE,bullet,Black,white,0,2065,-14,2051,1929,2025-08-17T18:29:32Z
Maxime109,pXYCxsVH,TRUE,blitz,White,black,0,1992,-18,1974,1696,2025-08-13T17:38:59Z
Maxime109,n1d5r5Rd,TRUE,blitz,Black,black,1,1990,2,1992,1582,2025-08-13T17:35:07Z
Maxime109,VJrUKm6L,TRUE,blitz,Black,black,1,1989,1,1990,1463,2025-08-13T17:31:39Z
Maxime109,K4I0TbVb,TRUE,bullet,Black,black,1,2056,9,2065,2053,2025-08-08T15:18:19Z
Jaraxis,0bYykYI5,TRUE,bullet,Black,white,0,2144,-4,2140,2216,2025-10-15T20:42:01Z
Jaraxis,SuESYCFc,TRUE,bullet,White,white,1,2140,4,2144,2074,2025-10-15T20:39:39Z
Jaraxis,4JoX41y1,TRUE,bullet,Black,white,0,2147,-7,2140,2059,2025-10-15T20:38:46Z
Jaraxis,FXKE6YvC,TRUE,bullet,White,white,1,2142,5,2147,2069,2025-10-15T20:36:33Z
Jaraxis,vloQCJQ1,TRUE,bullet,Black,black,1,2137,5,2142,2079,2025-10-15T20:34:14Z
Jaraxis,1aVbODD2,TRUE,bullet,White,white,1,2131,6,2137,2191,2025-10-15T20:32:09Z
Jaraxis,0V6Qehbv,TRUE,bullet,White,black,0,2136,-5,2131,2146,2025-10-15T20:29:44Z
Jaraxis,w2yR7aFb,TRUE,bullet,Black,white,0,2142,-6,2136,2113,2025-10-15T20:27:20Z
Jaraxis,HwhuWSPB,TRUE,bullet,Black,black,1,2137,5,2142,2087,2025-10-15T20:23:59Z
Jaraxis,arMmPi1U,TRUE,bullet,White,black,0,2144,-7,2137,2081,2025-10-15T20:21:59Z
Jaraxis,Z1E0CFJ7,TRUE,bullet,Black,black,1,2139,5,2144,2085,2025-10-15T20:21:06Z
Jaraxis,EIO1EMZd,TRUE,bullet,White,black,0,2146,-7,2139,2079,2025-10-15T20:19:41Z
Jaraxis,wShqUyZC,TRUE,bullet,Black,black,1,2141,5,2146,2083,2025-10-15T20:17:31Z
Jaraxis,q3EPzMS8,TRUE,bullet,White,white,1,2136,5,2141,2088,2025-10-15T20:15:39Z
Jaraxis,yroa74HQ,TRUE,bullet,Black,white,0,2143,-7,2136,2081,2025-10-15T20:14:40Z
basementperson,mq7hGMLM,TRUE,bullet,White,white,1,2376,6,2382,2316,2025-10-16T03:04:08Z
basementperson,X35xWdmm,TRUE,bullet,Black,white,0,2384,-8,2376,2344,2025-10-16T03:03:13Z
basementperson,BctMVUfV,TRUE,bullet,White,black,0,2390,-6,2384,2416,2025-10-16T03:01:15Z
basementperson,cHvFQ2fo,TRUE,blitz,Black,black,1,2247,8,2255,2260,2025-10-16T02:53:33Z
basementperson,OFEsl8ue,TRUE,blitz,White,black,0,2257,-10,2247,2149,2025-10-16T02:47:15Z
basementperson,Ixtv5cEF,TRUE,blitz,Black,black,1,2251,6,2257,2152,2025-10-16T02:45:18Z
basementperson,fviOnflc,TRUE,blitz,White,black,0,2259,-8,2251,2261,2025-10-16T02:40:06Z
basementperson,kdhE3uTf,TRUE,bullet,Black,white,0,2402,-12,2390,2203,2025-10-16T02:26:53Z
basementperson,2C7IwE0t,TRUE,blitz,White,white,1,2251,8,2259,2285,2025-10-14T06:53:38Z
basementperson,aCEu08VV,TRUE,blitz,Black,black,1,2241,10,2251,2292,2025-10-14T06:47:00Z
basementperson,Wkg3bg4S,TRUE,blitz,White,white,1,2233,8,2241,2234,2025-10-14T06:40:18Z
basementperson,i4yugmAI,TRUE,blitz,Black,white,0,2242,-9,2233,2244,2025-10-14T06:33:07Z
basementperson,gdFMlkU7,TRUE,blitz,White,black,0,2249,-7,2242,2278,2025-10-14T06:26:41Z
basementperson,ckjnf5jH,TRUE,blitz,Black,black,1,2242,7,2249,2179,2025-10-14T06:20:19Z
basementperson,3j5nFJLt,TRUE,blitz,White,black,0,2253,-11,2242,2161,2025-10-14T06:14:33Z
vlad_00,u3MLR2XA,TRUE,blitz,White,black,0,2374,-25,2349,1969,2025-10-12T15:00:02Z
vlad_00,nP40UMkL,TRUE,bullet,Black,white,0,2677,-6,2671,2645,2025-10-04T13:57:08Z
vlad_00,ZGGfE1Gh,TRUE,bullet,White,black,0,2683,-6,2677,2661,2025-10-04T13:56:00Z
vlad_00,goScxTid,TRUE,bullet,Black,black,1,2679,4,2683,2584,2025-10-04T13:53:45Z
vlad_00,o6XWYeRn,TRUE,bullet,White,black,0,2686,-7,2679,2608,2025-10-04T13:52:53Z
vlad_00,2mpujC5u,TRUE,bullet,White,black,0,2692,-6,2686,2658,2025-10-04T13:51:50Z
vlad_00,PMPp3KYF,TRUE,bullet,White,black,0,2698,-6,2692,2655,2025-10-04T13:49:55Z
vlad_00,fbiJS24E,TRUE,bullet,White,black,0,2704,-6,2698,2700,2025-10-04T10:09:06Z
vlad_00,vEn4Hhpo,TRUE,bullet,Black,black,1,2698,6,2704,2726,2025-10-04T10:06:28Z
vlad_00,UsrJSwaK,TRUE,bullet,Black,white,0,2702,-4,2698,2819,2025-10-04T10:03:58Z
vlad_00,CQSsDoPb,TRUE,bullet,Black,white,0,2705,-3,2702,2831,2025-10-04T10:03:22Z
vlad_00,bWPiJfuv,TRUE,bullet,White,black,0,2711,-6,2705,2697,2025-10-04T09:54:28Z
vlad_00,EtjcqLhu,TRUE,bullet,Black,black,1,2706,5,2711,2662,2025-10-04T09:52:27Z
vlad_00,UZfN6Zng,TRUE,bullet,White,white,1,2699,7,2706,2771,2025-10-04T09:50:48Z
vlad_00,1zkmOcEv,TRUE,bullet,Black,white,0,2706,-7,2699,2642,2025-10-04T09:49:06Z
Ediz_Gurel,GHsmCTkB,TRUE,bullet,White,white,1,3371,2,3373,3022,2025-10-15T15:00:34Z
Ediz_Gurel,k1s5dWlt,TRUE,bullet,Black,black,1,3370,1,3371,3023,2025-10-15T14:59:29Z
Ediz_Gurel,WPSC3512,TRUE,bullet,White,NA,0.5,3374,-4,3370,3019,2025-10-15T14:56:56Z
Ediz_Gurel,lIpQ8wKZ,TRUE,bullet,White,black,0,3385,-11,3374,3056,2025-10-15T14:03:56Z
Ediz_Gurel,uv3MB0QD,TRUE,bullet,Black,NA,0.5,3390,-5,3385,3051,2025-10-15T14:01:34Z
Ediz_Gurel,aGvkcmSJ,TRUE,bullet,White,white,1,3388,2,3390,3053,2025-10-15T13:59:08Z
Ediz_Gurel,VqzOEbRa,TRUE,bullet,Black,black,1,3386,2,3388,3054,2025-10-15T13:58:00Z
Ediz_Gurel,R9Uqen8C,TRUE,bullet,White,white,1,3384,2,3386,3081,2025-10-15T12:43:48Z
Ediz_Gurel,aodtFzf4,TRUE,bullet,Black,black,1,3382,2,3384,3083,2025-10-15T12:41:21Z
Ediz_Gurel,87ZTB4RF,TRUE,bullet,White,white,1,3380,2,3382,3084,2025-10-15T12:40:15Z
Ediz_Gurel,Shu9Vjsu,TRUE,bullet,Black,black,1,3378,2,3380,3086,2025-10-15T12:38:25Z
Ediz_Gurel,TgHt4fPB,TRUE,bullet,White,white,1,3376,2,3378,3088,2025-10-15T12:36:57Z
Ediz_Gurel,qMJTCqjh,TRUE,bullet,Black,black,1,3374,2,3376,3090,2025-10-15T12:36:10Z
Ediz_Gurel,L0vGHVrw,TRUE,bullet,White,white,1,3372,2,3374,3092,2025-10-15T12:34:20Z
Ediz_Gurel,46Qx1bbm,TRUE,bullet,Black,white,0,3383,-11,3372,3082,2025-10-15T12:32:53Z
Lotos_33,SR6IJTaV,TRUE,bullet,Black,black,1,1802,8,1810,1742,2025-09-26T18:25:06Z
Lotos_33,LCchvBXZ,TRUE,bullet,White,white,1,1792,10,1802,1798,2025-09-25T15:56:30Z
Lotos_33,185AOITb,TRUE,bullet,White,white,1,1782,10,1792,1789,2025-09-25T15:54:34Z
Lotos_33,EDuVYx1l,TRUE,bullet,Black,white,0,1791,-9,1782,1825,2025-09-24T16:29:52Z
Lotos_33,npXUPOpG,TRUE,bullet,Black,white,0,1801,-10,1791,1807,2025-09-24T16:28:43Z
Lotos_33,bYvKA9Xc,TRUE,bullet,White,white,1,1792,9,1801,1717,2025-09-24T16:27:15Z
Lotos_33,cB49X6E9,TRUE,bullet,Black,white,0,1803,-11,1792,1804,2025-09-24T16:26:37Z
Lotos_33,30aXBurG,TRUE,bullet,Black,white,0,1815,-12,1803,1811,2025-09-24T16:26:11Z
Lotos_33,XQwWGAoK,TRUE,bullet,White,white,1,1803,12,1815,1810,2025-09-24T14:56:14Z
Lotos_33,Ta0A39yS,TRUE,bullet,White,black,0,1814,-11,1803,1841,2025-09-24T14:54:38Z
Lotos_33,Izd1AaPM,TRUE,bullet,Black,NA,0.5,1813,1,1814,1824,2025-09-24T14:52:45Z
Lotos_33,KYIPSF2j,TRUE,bullet,Black,NA,0.5,1811,2,1813,1861,2025-09-24T14:50:41Z
Lotos_33,s1Ybo9mU,TRUE,bullet,Black,white,0,1824,-13,1811,1830,2025-09-24T14:49:29Z
Lotos_33,UUtIFoRu,TRUE,bullet,White,black,0,1838,-14,1824,1831,2025-09-24T14:47:31Z
Lotos_33,rfsWHIrK,TRUE,bullet,White,white,1,1824,14,1838,1822,2025-09-24T14:45:35Z
agarciadodo,9q4HRt3g,TRUE,rapid,Black,black,1,1827,6,1833,1831,2025-10-12T20:39:27Z
agarciadodo,yh6310Xz,TRUE,rapid,Black,white,0,1833,-6,1827,1847,2025-10-12T20:21:03Z
agarciadodo,vyHLj2tV,TRUE,blitz,Black,black,1,1694,7,1701,1778,2025-10-12T18:14:43Z
agarciadodo,tMVGhnz7,TRUE,blitz,White,white,1,1689,5,1694,1691,2025-10-12T18:07:04Z
agarciadodo,XNkXcxfv,TRUE,blitz,Black,white,0,1695,-6,1689,1680,2025-10-12T17:59:45Z
agarciadodo,gmFI89lP,TRUE,blitz,White,white,1,1694,1,1695,1276,2025-10-11T21:04:45Z
agarciadodo,jJlOn23X,TRUE,blitz,Black,black,1,1692,2,1694,1298,2025-10-11T19:58:44Z
agarciadodo,WrEHUDO2,TRUE,blitz,Black,black,1,1690,2,1692,1410,2025-10-11T16:22:33Z
agarciadodo,Euw7uXcu,TRUE,blitz,White,white,1,1689,1,1690,1311,2025-10-11T15:58:03Z
agarciadodo,KzdSh2Se,TRUE,blitz,White,black,0,1698,-9,1689,1504,2025-10-11T15:44:55Z
agarciadodo,xVhwiHFD,TRUE,rapid,Black,NA,0.5,1833,0,1833,1808,2025-10-09T21:36:37Z
agarciadodo,mEEPms9Z,TRUE,rapid,Black,black,1,1827,6,1833,1821,2025-10-09T21:09:46Z
agarciadodo,ol6oneRe,TRUE,rapid,White,white,1,1821,6,1827,1795,2025-10-09T19:37:41Z
agarciadodo,qAMiqhyO,TRUE,rapid,Black,white,0,1826,-5,1821,1896,2025-10-09T19:25:13Z
agarciadodo,FhlcVCFH,TRUE,rapid,White,white,1,1819,7,1826,1821,2025-10-09T18:15:17Z
Dangor,EAh1H2KX,TRUE,bullet,White,white,1,2421,6,2427,2334,2025-10-12T22:34:39Z
Dangor,tkEgnnmC,TRUE,bullet,White,black,0,2431,-10,2421,2366,2025-10-11T23:02:54Z
Dangor,uDrZgnHe,TRUE,bullet,Black,black,1,2426,5,2431,2257,2025-10-11T22:56:44Z
Dangor,7mKBXSOt,TRUE,bullet,Black,white,0,2434,-8,2426,2410,2025-09-25T22:58:07Z
Dangor,2Umc2ENG,TRUE,bullet,White,white,1,2429,5,2434,2314,2025-09-25T22:53:05Z
Dangor,sYiZLJal,TRUE,bullet,Black,white,0,2434,-5,2429,2526,2025-09-18T23:50:06Z
Dangor,SfGLbOea,TRUE,bullet,Black,white,0,2439,-5,2434,2534,2025-09-18T23:43:50Z
Dangor,PpZBiuUs,TRUE,blitz,White,NA,0.5,2287,-1,2286,2241,2025-09-14T22:40:52Z
Dangor,sESC0JMT,TRUE,bullet,Black,white,0,2447,-8,2439,2396,2025-09-03T02:26:43Z
Dangor,Fs9QevSW,TRUE,blitz,Black,black,1,2285,2,2287,1960,2025-09-03T02:12:23Z
Dangor,lxPhbquC,TRUE,bullet,White,black,0,2454,-7,2447,2386,2025-08-31T23:53:14Z
Dangor,bwqePQ0X,TRUE,bullet,Black,black,1,2449,5,2454,2401,2025-08-31T23:48:41Z
Dangor,9fTmcLfz,TRUE,blitz,White,black,0,2291,-6,2285,2290,2025-08-24T23:52:24Z
Dangor,bflXgMA0,TRUE,blitz,White,black,0,2298,-7,2291,2270,2025-08-24T23:48:15Z
Dangor,p5YfTOrL,TRUE,blitz,Black,black,1,2292,6,2298,2275,2025-08-24T23:45:19Z
chess24,q5t6te0o,TRUE,rapid,Black,white,0,1500,-127,1373,1613,2013-10-14T09:01:53Z
PeriltheDragon,1qUKmduA,TRUE,bullet,Black,white,0,2399,-6,2393,2400,2025-10-15T04:46:54Z
PeriltheDragon,hxojRWVo,TRUE,bullet,White,black,0,2408,-9,2399,2328,2025-10-15T04:44:53Z
PeriltheDragon,xYwUkFr3,TRUE,bullet,Black,white,0,2415,-7,2408,2375,2025-10-15T04:42:29Z
PeriltheDragon,s11sjuOu,TRUE,bullet,White,black,0,2422,-7,2415,2437,2025-10-15T04:39:53Z
PeriltheDragon,E4uTn5NR,TRUE,bullet,Black,black,1,2416,6,2422,2404,2025-10-09T22:56:08Z
PeriltheDragon,sqsHBW4k,TRUE,bullet,Black,black,1,2407,9,2416,2513,2025-10-09T22:54:32Z
PeriltheDragon,Z8WTqyNv,TRUE,bullet,Black,black,1,2403,4,2407,2287,2025-10-09T22:52:00Z
PeriltheDragon,kcr2wbg7,TRUE,bullet,White,black,0,2411,-8,2403,2330,2025-10-08T03:49:42Z
PeriltheDragon,Nn4JY6zX,TRUE,bullet,White,black,0,2419,-8,2411,2285,2025-10-08T03:48:18Z
PeriltheDragon,0mHgdWMt,TRUE,bullet,Black,black,1,2412,7,2419,2424,2025-10-08T03:46:42Z
PeriltheDragon,urwDlpnR,TRUE,bullet,White,black,0,2418,-6,2412,2467,2025-10-08T03:45:04Z
PeriltheDragon,LNGVRAWs,TRUE,bullet,Black,black,1,2412,6,2418,2352,2025-10-07T05:53:33Z
PeriltheDragon,0gVnPSmf,TRUE,bullet,White,black,0,2419,-7,2412,2439,2025-10-07T05:51:15Z
PeriltheDragon,DLHXhiFg,TRUE,bullet,Black,black,1,2412,7,2419,2404,2025-10-07T05:48:54Z
PeriltheDragon,EoIMY522,TRUE,bullet,Black,white,0,2418,-6,2412,2450,2025-10-07T05:46:39Z
AceIdf,yKD2zuRS,TRUE,bullet,Black,white,0,1539,-14,1525,1717,2025-10-13T01:22:27Z
AceIdf,cElO2U3L,TRUE,blitz,White,white,1,1252,4,1256,794,2025-10-11T22:46:13Z
AceIdf,LZ5vcysd,TRUE,blitz,Black,white,0,1311,-59,1252,742,2025-10-11T22:37:18Z
AceIdf,S1T5LDYU,TRUE,blitz,White,NA,0.5,1341,-30,1311,717,2025-10-11T22:31:33Z
AceIdf,oQ3xpAyP,TRUE,blitz,White,white,1,1302,39,1341,1799,2025-07-20T00:26:51Z
AceIdf,ZlXF2ALv,TRUE,bullet,White,white,1,1521,18,1539,1578,2025-07-17T02:04:26Z
AceIdf,WoOr6jAR,TRUE,bullet,Black,white,0,1533,-12,1521,1607,2025-07-14T19:57:34Z
AceIdf,N2IA6JMZ,TRUE,bullet,White,white,1,1530,3,1533,1120,2025-07-13T18:42:40Z
AceIdf,vWlzjtCL,TRUE,bullet,White,black,0,1545,-15,1530,1574,2025-07-13T18:38:36Z
AceIdf,tjHK8glP,TRUE,blitz,Black,black,1,1294,8,1302,1031,2025-07-12T17:47:51Z
AceIdf,gLQTfYt1,TRUE,bullet,Black,NA,0.5,1542,3,1545,1616,2025-07-08T00:58:28Z
AceIdf,0Uvpu09v,TRUE,bullet,White,black,0,1557,-15,1542,1550,2025-07-08T00:57:24Z
AceIdf,TwmupIHF,TRUE,bullet,Black,white,0,1567,-10,1557,1500,2025-07-04T19:29:00Z
AceIdf,2fA5m2QX,TRUE,rapid,White,white,1,1493,36,1529,1467,2025-07-03T00:21:19Z
AceIdf,zBe0VyZe,TRUE,blitz,Black,black,1,1272,22,1294,1348,2025-06-29T04:31:05Z
VeduChess,latZkOoy,TRUE,bullet,Black,black,1,2892,7,2899,3000,2025-10-16T03:10:36Z
VeduChess,826S6PiS,TRUE,bullet,White,white,1,2888,4,2892,2714,2025-10-15T03:38:10Z
VeduChess,hFR2ZZsy,TRUE,bullet,White,white,1,2885,3,2888,2700,2025-10-15T03:36:15Z
VeduChess,qxerVhFZ,TRUE,bullet,White,white,1,2882,3,2885,2735,2025-10-15T02:40:41Z
VeduChess,KdlSvPtX,TRUE,bullet,Black,white,0,2888,-6,2882,2852,2025-10-15T02:38:17Z
VeduChess,O1ELKRvb,TRUE,bullet,Black,white,0,2897,-9,2888,2690,2025-10-15T02:36:40Z
VeduChess,gp8bCP75,TRUE,bullet,White,white,1,2892,5,2897,2850,2025-10-15T02:33:11Z
VeduChess,dt9lt7MG,TRUE,bullet,Black,black,1,2887,5,2892,2855,2025-10-15T02:30:44Z
VeduChess,3jRatHoo,TRUE,bullet,White,white,1,2882,5,2887,2778,2025-10-15T02:28:21Z
VeduChess,I21UfcPS,TRUE,bullet,Black,black,1,2879,3,2882,2713,2025-10-15T02:25:51Z
VeduChess,S3RQpPRx,TRUE,bullet,Black,black,1,2875,4,2879,2770,2025-10-15T02:24:25Z
VeduChess,vbR5cBb7,TRUE,bullet,White,white,1,2870,5,2875,2854,2025-10-15T02:22:05Z
VeduChess,OpOvWriM,TRUE,bullet,White,white,1,2863,7,2870,2918,2025-10-15T01:58:57Z
VeduChess,mxbSZGRC,TRUE,bullet,Black,black,1,2857,6,2863,2858,2025-10-15T01:56:39Z
VeduChess,OiS2NHfK,TRUE,bullet,Black,black,1,2855,2,2857,2644,2025-10-15T01:55:33Z
gefuehlter_FM,3ZEAPSk3,TRUE,blitz,Black,black,1,2855,3,2858,2630,2025-10-15T10:31:15Z
gefuehlter_FM,26dl0mAX,TRUE,blitz,White,white,1,2852,3,2855,2632,2025-10-15T10:29:06Z
gefuehlter_FM,9zI2kdgn,TRUE,blitz,Black,black,1,2849,3,2852,2635,2025-10-15T10:23:29Z
gefuehlter_FM,Kb4bgXZT,TRUE,blitz,White,white,1,2846,3,2849,2638,2025-10-15T10:18:30Z
gefuehlter_FM,Rz4So0HE,TRUE,blitz,Black,black,1,2843,3,2846,2640,2025-10-15T10:13:23Z
gefuehlter_FM,GvR3H59U,TRUE,blitz,Black,white,0,2853,-10,2843,2650,2025-10-15T10:06:23Z
gefuehlter_FM,eiLPxDHz,TRUE,blitz,White,white,1,2848,5,2853,2735,2025-10-13T18:35:09Z
gefuehlter_FM,eMvggrtr,TRUE,blitz,White,white,1,2846,2,2848,2557,2025-10-13T18:28:42Z
gefuehlter_FM,5LSvcwV8,TRUE,bullet,Black,black,1,3067,2,3069,2778,2025-10-13T18:15:59Z
gefuehlter_FM,Wm09uNXt,TRUE,bullet,White,white,1,3065,2,3067,2779,2025-10-13T18:13:48Z
gefuehlter_FM,NpsSHT9I,TRUE,bullet,Black,black,1,3063,2,3065,2781,2025-10-13T18:11:57Z
gefuehlter_FM,KoOd5RlE,TRUE,bullet,Black,black,1,3059,4,3063,2986,2025-10-13T18:09:52Z
gefuehlter_FM,acNA4zrj,TRUE,bullet,White,white,1,3054,5,3059,2991,2025-10-13T18:08:15Z
gefuehlter_FM,a4IAtZLU,TRUE,bullet,Black,black,1,3049,5,3054,2996,2025-10-13T18:05:49Z
gefuehlter_FM,XrLVFshW,TRUE,bullet,White,black,0,3056,-7,3049,2989,2025-10-13T18:03:48Z
TAiSThuban,nX3vnpFR,TRUE,blitz,White,black,0,2291,-9,2282,2047,2025-10-09T05:34:02Z
TAiSThuban,1w6X0gBM,TRUE,blitz,Black,NA,0.5,2291,0,2291,2290,2025-10-09T05:28:49Z
TAiSThuban,d1TauyoA,TRUE,blitz,Black,white,0,2300,-9,2291,2042,2025-10-09T05:23:57Z
TAiSThuban,q1vIgyCs,TRUE,blitz,White,white,1,2300,0,2300,1525,2025-10-09T05:22:08Z
TAiSThuban,PBtii5bK,TRUE,blitz,Black,black,1,2297,3,2300,2138,2025-10-09T05:17:48Z
TAiSThuban,FxDdmlbA,TRUE,blitz,White,white,1,2295,2,2297,2020,2025-10-09T05:11:18Z
TAiSThuban,aZsfs3pA,TRUE,blitz,Black,black,1,2294,1,2295,1748,2025-10-09T05:07:23Z
TAiSThuban,nIbcBDUf,TRUE,blitz,White,black,0,2300,-6,2294,2293,2025-10-09T05:02:36Z
TAiSThuban,QYkE8wGB,TRUE,blitz,Black,white,0,2306,-6,2300,2332,2025-10-08T06:14:28Z
TAiSThuban,zr5q21ns,TRUE,blitz,Black,white,0,2314,-8,2306,2119,2025-10-06T07:10:55Z
TAiSThuban,nVsx2bHt,TRUE,blitz,White,white,1,2312,2,2314,2056,2025-10-06T07:05:06Z
TAiSThuban,Ejxojbox,TRUE,blitz,White,white,1,2309,3,2312,2136,2025-10-06T06:57:24Z
TAiSThuban,rdwIFWM7,TRUE,blitz,Black,black,1,2307,2,2309,2066,2025-10-06T06:40:59Z
TAiSThuban,HcY1gRzb,TRUE,blitz,White,NA,0.5,2307,0,2307,2264,2025-10-06T06:30:28Z
TAiSThuban,sQ6vKR4A,TRUE,blitz,White,white,1,2307,0,2307,1833,2025-10-06T06:23:16Z
borocotoajua00,xYO7XPEe,TRUE,bullet,White,black,0,2787,-5,2782,2992,2025-10-13T22:32:57Z
borocotoajua00,eZZd0UDS,TRUE,bullet,White,white,1,2775,12,2787,2768,2025-10-13T22:25:18Z
borocotoajua00,6qDRpNh7,TRUE,bullet,White,white,1,2765,10,2775,2715,2025-10-13T17:59:57Z
borocotoajua00,Rpx8a4OY,TRUE,blitz,Black,black,1,2556,12,2568,2431,2025-10-13T17:43:14Z
borocotoajua00,zC8FQQfu,TRUE,bullet,White,white,1,2753,12,2765,2747,2025-10-01T23:47:00Z
borocotoajua00,25ioSyNO,TRUE,blitz,White,white,1,2546,10,2556,2373,2025-09-20T22:33:31Z
borocotoajua00,PnrkYhZj,TRUE,blitz,Black,black,1,2527,19,2546,2509,2025-09-20T22:24:44Z
borocotoajua00,vlA5fKGU,TRUE,blitz,Black,black,1,2517,10,2527,2338,2025-09-15T19:47:02Z
borocotoajua00,rkSsBOfj,TRUE,blitz,White,white,1,2505,12,2517,2346,2025-09-15T19:37:41Z
borocotoajua00,zFJZADOE,TRUE,bullet,Black,black,1,2746,7,2753,2647,2025-08-06T03:29:01Z
borocotoajua00,ZYdN3J6M,TRUE,bullet,White,white,1,2738,8,2746,2687,2025-08-06T03:21:10Z
borocotoajua00,6j1QzHdp,TRUE,bullet,Black,white,0,2744,-6,2738,2888,2025-08-06T03:20:55Z
borocotoajua00,JoVQ4N0z,TRUE,bullet,Black,NA,0.5,2743,1,2744,2778,2025-08-06T03:18:17Z
borocotoajua00,pOEPmq96,TRUE,bullet,White,black,0,2755,-12,2743,2680,2025-08-06T03:15:53Z
borocotoajua00,B2aLsCr0,TRUE,bullet,Black,black,1,2748,7,2755,2623,2025-08-05T20:50:05Z
lovely_fella,Gu5skrGY,TRUE,blitz,Black,NA,0.5,2846,-5,2841,2702,2025-10-11T10:12:18Z
lovely_fella,yGgfLXHe,TRUE,blitz,White,black,0,2861,-15,2846,2769,2025-10-11T09:57:48Z
lovely_fella,ONxqqHcS,TRUE,blitz,Black,white,0,2880,-19,2861,2670,2025-10-11T09:04:28Z
lovely_fella,i9B1YGh9,TRUE,blitz,White,white,1,2866,14,2880,2909,2025-10-11T00:04:16Z
lovely_fella,kJQnrUdf,TRUE,bullet,Black,black,1,2908,17,2925,2752,2025-10-10T23:01:31Z
lovely_fella,pPIJ80Bk,TRUE,bullet,Black,NA,0.5,2902,6,2908,2965,2025-10-10T22:59:29Z
lovely_fella,GmGXjy4y,TRUE,blitz,White,black,0,2882,-16,2866,2818,2025-10-10T22:13:39Z
lovely_fella,d2n2cYyQ,TRUE,blitz,Black,black,1,2867,15,2882,2874,2025-10-10T21:36:56Z
lovely_fella,AGIaxI8h,TRUE,blitz,Black,white,0,2882,-15,2867,2879,2025-10-10T21:01:59Z
lovely_fella,iC4jVD2P,TRUE,blitz,White,NA,0.5,2884,-2,2882,2839,2025-10-08T16:09:49Z
lovely_fella,CxhFmeV4,TRUE,blitz,White,white,1,2874,10,2884,2747,2025-10-08T16:00:14Z
lovely_fella,bSlROJXy,TRUE,blitz,Black,white,0,2891,-17,2874,2859,2025-10-08T15:55:49Z
lovely_fella,CvliylND,TRUE,blitz,White,white,1,2872,19,2891,2921,2025-10-08T15:51:08Z
lovely_fella,TQEJSU0L,TRUE,blitz,Black,black,1,2850,22,2872,2928,2025-10-08T15:48:45Z
lovely_fella,gzo6iFZg,TRUE,blitz,White,white,1,2826,24,2850,2935,2025-10-08T15:46:03Z
Alex_Soelden,z8gtxCXJ,TRUE,rapid,Black,black,1,2592,4,2596,2219,2025-10-15T08:42:01Z
Alex_Soelden,6utgrS3A,TRUE,rapid,White,white,1,2590,2,2592,2130,2025-10-15T08:32:51Z
Alex_Soelden,k41QXBrA,TRUE,rapid,Black,black,1,2580,10,2590,2452,2025-10-12T16:16:01Z
Alex_Soelden,repGhcXH,TRUE,rapid,White,white,1,2577,3,2580,2220,2025-10-12T16:02:21Z
Alex_Soelden,ILSepVYK,TRUE,rapid,Black,black,1,2572,5,2577,2281,2025-10-08T08:47:02Z
Alex_Soelden,X747gjCf,TRUE,rapid,White,white,1,2566,6,2572,2283,2025-10-08T08:35:37Z
Alex_Soelden,zQkaPyXG,TRUE,rapid,White,white,1,2557,9,2566,2394,2025-10-05T16:24:32Z
Alex_Soelden,vIp8fyqN,TRUE,rapid,Black,black,1,2554,3,2557,2203,2025-09-28T16:22:50Z
Alex_Soelden,sNa92VOX,TRUE,rapid,Black,white,0,2578,-24,2554,2367,2025-09-28T16:11:44Z
Alex_Soelden,JkNfjECP,TRUE,rapid,White,white,1,2570,8,2578,2370,2025-09-28T16:01:12Z
Alex_Soelden,Tr1hgsov,TRUE,rapid,Black,NA,0.5,2581,-11,2570,2280,2025-09-24T08:43:52Z
Alex_Soelden,hAdLZiy0,TRUE,rapid,Black,black,1,2579,2,2581,2094,2025-09-24T08:31:25Z
Alex_Soelden,UcJtd3oE,TRUE,rapid,White,white,1,2575,4,2579,2220,2025-09-21T16:20:39Z
Alex_Soelden,6JFQlVky,TRUE,rapid,White,white,1,2565,10,2575,2424,2025-09-21T16:05:04Z
Alex_Soelden,gfehGA1r,TRUE,rapid,Black,black,1,2560,5,2565,2248,2025-09-14T16:22:21Z
Nawanadoo,V9QkQ1Rt,TRUE,blitz,White,white,1,1870,2,1872,1493,2025-10-09T09:35:01Z
Nawanadoo,bVA2sx1K,TRUE,blitz,Black,white,0,1880,-10,1870,1837,2025-10-09T09:28:49Z
Nawanadoo,43g2SNfo,TRUE,rapid,Black,white,0,1879,-43,1836,1803,2025-10-08T09:23:43Z
Nawanadoo,yryf6NTL,TRUE,rapid,Black,white,0,1946,-67,1879,1615,2025-10-08T07:47:39Z
Nawanadoo,JGF1UYSE,TRUE,rapid,White,white,1,1946,0,1946,1672,2025-10-08T07:32:04Z
Nawanadoo,oMRa23En,TRUE,blitz,Black,black,1,1880,0,1880,1201,2025-10-08T07:29:06Z
Nawanadoo,9WeYWpxP,TRUE,bullet,White,white,1,1865,1,1866,1260,2025-10-08T07:03:36Z
Nawanadoo,iQlX5DZF,TRUE,bullet,Black,black,1,1865,0,1865,1360,2025-10-08T07:02:03Z
Nawanadoo,JuZR4xBN,TRUE,blitz,Black,white,0,1883,-3,1880,2159,2025-10-02T18:14:57Z
Nawanadoo,ONu9pzFA,TRUE,blitz,Black,white,0,1890,-7,1883,1954,2025-10-02T10:01:20Z
Nawanadoo,Ow0WAZvt,TRUE,blitz,White,white,1,1887,3,1890,1562,2025-10-02T09:41:23Z
Nawanadoo,EOwEafwM,TRUE,blitz,White,white,1,1879,8,1887,1880,2025-10-02T07:25:26Z
Nawanadoo,7gFravJt,TRUE,blitz,White,white,1,1874,5,1879,1703,2025-10-02T07:20:22Z
Nawanadoo,hOQlvolq,TRUE,blitz,White,white,1,1873,1,1874,1248,2025-10-01T19:43:14Z
Nawanadoo,U54S6aD1,TRUE,blitz,Black,white,0,1883,-10,1873,1844,2025-10-01T19:39:07Z
Heisenberg01,uxPdY61e,TRUE,bullet,White,white,1,3196,4,3200,3061,2025-10-15T09:36:54Z
Heisenberg01,SAjKhZOF,TRUE,bullet,Black,white,0,3204,-8,3196,3053,2025-10-15T09:34:57Z
Heisenberg01,y1kE70hf,TRUE,bullet,White,white,1,3201,3,3204,3057,2025-10-15T09:32:52Z
Heisenberg01,NTjKuJqC,TRUE,bullet,Black,black,1,3197,4,3201,3060,2025-10-15T09:30:44Z
Heisenberg01,EUp4sERD,TRUE,bullet,Black,black,1,3194,3,3197,3001,2025-10-15T09:28:12Z
Heisenberg01,W0mKVwSS,TRUE,bullet,White,black,0,3203,-9,3194,3031,2025-10-13T22:04:06Z
Heisenberg01,iiejpc7a,TRUE,bullet,Black,black,1,3199,4,3203,3034,2025-10-13T22:03:10Z
Heisenberg01,QIf1QiXz,TRUE,bullet,White,white,1,3198,1,3199,2849,2025-10-13T21:59:54Z
Heisenberg01,620xcmGG,TRUE,bullet,Black,black,1,3197,1,3198,2850,2025-10-13T21:58:44Z
Heisenberg01,e8Rx4isD,TRUE,bullet,White,white,1,3195,2,3197,2852,2025-10-13T21:56:51Z
Heisenberg01,RkxUcJYS,TRUE,bullet,Black,white,0,3202,-7,3195,3102,2025-10-13T21:48:34Z
Heisenberg01,vN3zeOhq,TRUE,bullet,White,white,1,3198,4,3202,3107,2025-10-13T21:47:54Z
Heisenberg01,Ksd9Cg6I,TRUE,bullet,Black,black,1,3195,3,3198,3002,2025-10-13T21:45:52Z
Heisenberg01,GtQgveon,TRUE,bullet,White,white,1,3192,3,3195,3005,2025-10-13T21:44:58Z
Heisenberg01,6tcej2jM,TRUE,bullet,Black,white,0,3201,-9,3192,2996,2025-10-13T21:43:04Z
BabaRamdev,x6Q67FMO,TRUE,bullet,Black,black,1,3156,3,3159,2914,2025-10-11T23:56:53Z
BabaRamdev,d1r0Q8fj,TRUE,bullet,White,white,1,3154,2,3156,2916,2025-10-11T23:54:37Z
BabaRamdev,u3EQw2zY,TRUE,bullet,Black,black,1,3151,3,3154,2955,2025-10-02T18:36:07Z
BabaRamdev,kZVAYhPr,TRUE,bullet,White,white,1,3148,3,3151,2958,2025-10-02T18:34:27Z
BabaRamdev,gWrnaaPZ,TRUE,bullet,Black,black,1,3145,3,3148,2961,2025-10-02T18:32:35Z
BabaRamdev,cMuXI2Vw,TRUE,bullet,White,white,1,3142,3,3145,2964,2025-10-02T18:32:25Z
BabaRamdev,qXsjbHmS,TRUE,bullet,Black,black,1,3139,3,3142,2967,2025-10-02T18:30:04Z
BabaRamdev,FEWPx2J7,TRUE,bullet,White,black,0,3146,-7,3139,3010,2025-10-02T18:26:50Z
BabaRamdev,S8EDMuAK,TRUE,bullet,Black,NA,0.5,3148,-2,3146,3008,2025-10-02T18:24:45Z
BabaRamdev,BmIZHy0O,TRUE,bullet,White,NA,0.5,3151,-3,3148,3005,2025-10-02T18:22:33Z
BabaRamdev,kOS74hML,TRUE,bullet,Black,NA,0.5,3153,-2,3151,3003,2025-10-02T18:20:26Z
BabaRamdev,VOA2TgG3,TRUE,bullet,White,NA,0.5,3155,-2,3153,3001,2025-10-02T18:18:15Z
BabaRamdev,WO8SjWzl,TRUE,bullet,White,NA,0.5,3156,-1,3155,3094,2025-10-01T23:38:55Z
BabaRamdev,bAI9VndT,TRUE,bullet,Black,black,1,3151,5,3156,3099,2025-10-01T23:37:02Z
BabaRamdev,x6nMSMsr,TRUE,bullet,White,black,0,3158,-7,3151,3092,2025-10-01T23:34:47Z
Crazybugg,rSpydqj0,TRUE,blitz,Black,black,1,2229,8,2237,2293,2025-10-14T17:24:26Z
Crazybugg,tmoQ8W1C,TRUE,blitz,White,black,0,2236,-7,2229,2223,2025-10-14T13:31:16Z
Crazybugg,MWQ5xKDx,TRUE,blitz,White,white,1,2231,5,2236,2149,2025-10-14T13:18:30Z
Crazybugg,IsagKykB,TRUE,blitz,White,black,0,2237,-6,2231,2218,2025-10-06T10:36:28Z
Crazybugg,qKcQDqKp,TRUE,blitz,Black,NA,0.5,2237,0,2237,2218,2025-10-06T10:30:13Z
Crazybugg,ljzgyxq1,TRUE,blitz,White,white,1,2231,6,2237,2235,2025-10-06T10:22:16Z
Crazybugg,ymI4pDiG,TRUE,blitz,White,black,0,2237,-6,2231,2239,2025-10-06T10:13:04Z
Crazybugg,OCIDsmr4,TRUE,blitz,Black,black,1,2233,4,2237,2112,2025-10-06T10:05:09Z
Crazybugg,WRClvtIE,TRUE,blitz,White,white,1,2227,6,2233,2219,2025-10-06T10:03:25Z
Crazybugg,0wHBb5TW,TRUE,blitz,Black,black,1,2221,6,2227,2223,2025-10-06T09:58:50Z
Crazybugg,K05dqafl,TRUE,blitz,White,white,1,2216,5,2221,2198,2025-10-06T09:54:47Z
Crazybugg,8ndm3anW,TRUE,blitz,White,white,1,2210,6,2216,2150,2025-10-06T09:54:13Z
Crazybugg,BdTJsRoF,TRUE,blitz,Black,black,1,2204,6,2210,2195,2025-10-06T09:51:23Z
Crazybugg,SpwE5C6A,TRUE,blitz,Black,black,1,2200,4,2204,2080,2025-10-06T09:45:27Z
Crazybugg,MtPClevh,TRUE,blitz,White,white,1,2195,5,2200,2107,2025-10-06T09:39:36Z
SumoSumo,6CacTHnS,TRUE,bullet,Black,white,0,2157,-11,2146,2202,2025-10-15T22:28:28Z
SumoSumo,HkOezAZZ,TRUE,bullet,White,white,1,2144,13,2157,2132,2025-10-15T22:27:00Z
SumoSumo,svSWUKKs,TRUE,bullet,Black,white,0,2159,-15,2144,2126,2025-10-15T22:25:16Z
SumoSumo,wax7aElA,TRUE,bullet,White,white,1,2145,14,2159,2131,2025-10-15T22:24:02Z
SumoSumo,arMgWZAR,TRUE,bullet,Black,black,1,2126,19,2145,2233,2025-10-15T22:22:51Z
SumoSumo,dMLULdfX,TRUE,bullet,Black,white,0,2144,-18,2126,2084,2025-10-15T22:21:00Z
SumoSumo,MKOX0W2A,TRUE,bullet,White,white,1,2127,17,2144,2145,2025-10-15T22:19:50Z
SumoSumo,k9isgvfy,TRUE,bullet,Black,white,0,2145,-18,2127,2115,2025-10-15T22:17:39Z
SumoSumo,NRYgKaGD,TRUE,bullet,Black,white,0,2163,-18,2145,2149,2025-10-15T19:27:24Z
SumoSumo,svOoCLwD,TRUE,blitz,Black,black,1,2156,4,2160,2061,2025-10-14T22:09:21Z
SumoSumo,tesR2cBR,TRUE,blitz,White,white,1,2152,4,2156,2065,2025-10-14T22:06:36Z
SumoSumo,7erfm3BC,TRUE,blitz,Black,white,0,2158,-6,2152,2145,2025-10-14T22:02:35Z
SumoSumo,vmVx0zPv,TRUE,bullet,Black,white,0,2178,-15,2163,2232,2025-10-14T17:45:18Z
SumoSumo,koArWGJD,TRUE,bullet,Black,white,0,2195,-17,2178,2225,2025-10-14T17:42:52Z
SumoSumo,tBaVvAtP,TRUE,blitz,White,black,0,2163,-5,2158,2192,2025-10-13T19:19:39Z
sutcunuri,SVJon8zH,TRUE,blitz,White,white,1,2585,5,2590,2536,2025-10-15T14:18:58Z
sutcunuri,x53UZCvU,TRUE,blitz,Black,NA,0.5,2587,-2,2585,2461,2025-10-15T14:11:00Z
sutcunuri,1jZeCZxs,TRUE,blitz,White,white,1,2582,5,2587,2522,2025-10-15T14:04:31Z
sutcunuri,WSdAnHOd,TRUE,blitz,Black,black,1,2577,5,2582,2533,2025-10-15T14:02:13Z
sutcunuri,JbjzGeW6,TRUE,blitz,White,white,1,2573,4,2577,2466,2025-10-15T13:10:00Z
sutcunuri,kAIZQpiW,TRUE,blitz,Black,white,0,2581,-8,2573,2447,2025-10-15T13:07:04Z
sutcunuri,ABvbWzQj,TRUE,blitz,White,white,1,2578,3,2581,2414,2025-10-15T11:44:53Z
sutcunuri,Zpzhb4QC,TRUE,blitz,Black,white,0,2587,-9,2578,2328,2025-10-15T11:39:16Z
sutcunuri,eE6thli4,TRUE,blitz,White,white,1,2585,2,2587,2330,2025-10-15T11:37:53Z
sutcunuri,mtG5XXll,TRUE,blitz,Black,black,1,2583,2,2585,2332,2025-10-15T11:33:17Z
sutcunuri,6JraFBsg,TRUE,blitz,White,black,0,2588,-5,2583,2629,2025-10-15T11:28:01Z
sutcunuri,opjutROq,TRUE,blitz,Black,white,0,2595,-7,2588,2532,2025-10-15T11:21:39Z
sutcunuri,vGg7TDr5,TRUE,blitz,White,black,0,2600,-5,2595,2578,2025-10-14T23:02:42Z
sutcunuri,SwTsps83,TRUE,blitz,Black,NA,0.5,2601,-1,2600,2576,2025-10-14T22:56:20Z
sutcunuri,jS3VAVKp,TRUE,blitz,White,black,0,2607,-6,2601,2521,2025-10-14T22:49:48Z
llliiilllililil,FfxXVw7D,TRUE,blitz,Black,white,0,1783,-40,1743,1867,2025-09-30T16:18:23Z
llliiilllililil,h5wpQbH6,TRUE,blitz,White,black,0,1856,-73,1783,1775,2025-09-28T23:08:05Z
llliiilllililil,Osc83Uaq,TRUE,blitz,White,white,1,1774,82,1856,1828,2025-09-26T21:09:35Z
llliiilllililil,Mr6nthR6,TRUE,blitz,Black,white,0,1833,-59,1774,1777,2025-01-14T20:20:13Z
llliiilllililil,FH6Qp6ko,TRUE,blitz,White,white,1,1771,62,1833,1782,2025-01-14T20:04:14Z
llliiilllililil,ZVuJ2Onn,TRUE,blitz,Black,white,0,1786,-15,1771,1748,2023-12-19T16:25:02Z
llliiilllililil,4x4zZDib,TRUE,blitz,White,white,1,1773,13,1786,1754,2023-12-19T16:15:40Z
llliiilllililil,uxqdc40q,TRUE,blitz,White,black,0,1786,-13,1773,1771,2023-12-13T16:27:10Z
llliiilllililil,wv3ksGxL,TRUE,blitz,Black,black,1,1773,13,1786,1777,2023-12-13T16:15:15Z
llliiilllililil,mmWANFRq,TRUE,blitz,White,black,0,1784,-11,1773,1842,2023-12-10T18:54:36Z
llliiilllililil,335jvF0N,TRUE,blitz,Black,white,0,1797,-13,1784,1823,2023-12-10T16:32:09Z
llliiilllililil,HWJ72o6u,TRUE,blitz,Black,white,0,1809,-12,1797,1880,2023-12-09T20:52:23Z
llliiilllililil,qiPqzq0N,TRUE,blitz,White,white,1,1793,16,1809,1819,2023-12-08T20:35:59Z
llliiilllililil,lbeJlM5S,TRUE,blitz,Black,white,0,1806,-13,1793,1846,2023-12-06T20:57:40Z
llliiilllililil,vQl207uD,TRUE,blitz,White,black,0,1815,-9,1806,1822,2023-10-22T21:15:53Z
SergeiSEMENOV,IlIfkrle,TRUE,blitz,White,black,0,1997,-8,1989,1874,2025-10-15T14:09:45Z
SergeiSEMENOV,AKvYq72K,TRUE,blitz,Black,white,0,2004,-7,1997,1927,2025-10-15T14:03:17Z
SergeiSEMENOV,j3A4UQWg,TRUE,blitz,Black,black,1,2001,3,2004,1779,2025-10-15T13:57:11Z
SergeiSEMENOV,kCOeVKQx,TRUE,blitz,White,black,0,2006,-5,2001,2070,2025-10-15T13:31:10Z
SergeiSEMENOV,HieN2rd2,TRUE,blitz,Black,black,1,2001,5,2006,1953,2025-10-15T13:25:57Z
SergeiSEMENOV,Doa7WJBb,TRUE,blitz,White,white,1,1999,2,2001,1703,2025-10-15T13:23:47Z
SergeiSEMENOV,N3ht4S05,TRUE,blitz,Black,white,0,2003,-4,1999,2136,2025-10-15T13:21:40Z
SergeiSEMENOV,tcSDmSsQ,TRUE,blitz,White,black,0,2006,-3,2003,2184,2025-10-15T12:39:42Z
SergeiSEMENOV,6ydnV1sZ,TRUE,blitz,White,white,1,2000,6,2006,1966,2025-10-15T09:31:21Z
SergeiSEMENOV,KmojRJCl,TRUE,blitz,Black,black,1,1999,1,2000,1660,2025-10-15T09:28:00Z
SergeiSEMENOV,taxrbhSK,TRUE,blitz,Black,white,0,2002,-3,1999,2193,2025-10-15T08:28:22Z
SergeiSEMENOV,GyaiKcbR,TRUE,blitz,White,white,1,1999,3,2002,1837,2025-10-15T08:24:04Z
SergeiSEMENOV,MUSIbrPM,TRUE,blitz,White,white,1,1996,3,1999,1794,2025-10-15T08:18:48Z
SergeiSEMENOV,iGwBWGy5,TRUE,blitz,Black,white,0,1997,-1,1996,2399,2025-10-15T08:14:30Z
SergeiSEMENOV,V8Golxh4,TRUE,blitz,Black,white,0,1998,-1,1997,2374,2025-10-14T14:08:45Z
TurtleCrossRoad,wjZE3k8V,TRUE,blitz,White,white,1,2031,0,2031,1299,2025-10-12T00:54:23Z
TurtleCrossRoad,08e6LO5r,TRUE,blitz,Black,white,0,2048,-17,2031,1877,2025-10-12T00:48:33Z
TurtleCrossRoad,IBBaEVQZ,TRUE,blitz,Black,black,1,2042,6,2048,1828,2025-10-11T07:51:43Z
TurtleCrossRoad,NHvAzGcQ,TRUE,blitz,White,white,1,2042,0,2042,1385,2025-10-11T07:45:24Z
TurtleCrossRoad,XFrJkRsU,TRUE,blitz,Black,black,1,2028,14,2042,2063,2025-10-11T07:40:42Z
TurtleCrossRoad,D2Niz2C3,TRUE,blitz,Black,black,1,2026,2,2028,1663,2025-10-07T07:54:51Z
TurtleCrossRoad,KpKnb6Ok,TRUE,blitz,White,white,1,2021,5,2026,1779,2025-10-07T07:50:05Z
TurtleCrossRoad,y9AFWfBh,TRUE,blitz,Black,black,1,2016,5,2021,1772,2025-10-07T07:43:36Z
TurtleCrossRoad,JtbSnST5,TRUE,blitz,White,white,1,2015,1,2016,1456,2025-10-07T07:41:19Z
TurtleCrossRoad,ZyL7GBMt,TRUE,blitz,Black,black,1,2011,4,2015,1703,2025-10-07T03:53:06Z
TurtleCrossRoad,vLyJl01v,TRUE,blitz,White,white,1,2010,1,2011,1451,2025-10-07T03:50:10Z
TurtleCrossRoad,0VDaqXaN,TRUE,blitz,White,white,1,2001,9,2010,1887,2025-10-07T03:46:37Z
TurtleCrossRoad,c92u5PaL,TRUE,blitz,Black,black,1,1987,14,2001,1984,2025-10-07T03:41:05Z
TurtleCrossRoad,DtMswTWN,TRUE,blitz,Black,white,0,1995,-8,1987,2164,2025-10-07T03:35:51Z
TurtleCrossRoad,GwkR3h9a,TRUE,blitz,White,white,1,1993,2,1995,1478,2025-10-07T03:31:39Z
tadcooper,f0mXWFKQ,TRUE,rapid,White,black,0,1500,-128,1372,1610,2016-09-20T17:14:33Z
moshakvar,7JjaeGv3,TRUE,rapid,White,NA,0.5,2541,6,2547,2656,2025-10-15T17:56:08Z
moshakvar,zIEmZg5g,TRUE,bullet,Black,black,1,2737,5,2742,2677,2025-10-15T10:16:14Z
moshakvar,pV0mIXjU,TRUE,bullet,Black,white,0,2744,-7,2737,2631,2025-10-15T09:44:43Z
moshakvar,WtMsbhZZ,TRUE,bullet,White,NA,0.5,2745,-1,2744,2724,2025-10-15T09:39:54Z
moshakvar,kgu1yVwh,TRUE,bullet,Black,white,0,2749,-4,2745,2828,2025-10-15T08:26:18Z
moshakvar,uyUybzDq,TRUE,bullet,White,black,0,2754,-5,2749,2824,2025-10-15T08:25:02Z
moshakvar,BnEV7vY2,TRUE,bullet,Black,black,1,2747,7,2754,2831,2025-10-15T08:22:57Z
moshakvar,5WXQyjP0,TRUE,bullet,White,NA,0.5,2745,2,2747,2832,2025-10-15T08:20:45Z
moshakvar,2J3cP6NP,TRUE,bullet,Black,NA,0.5,2744,1,2745,2833,2025-10-15T08:18:27Z
moshakvar,q92E5IBz,TRUE,bullet,White,white,1,2738,6,2744,2759,2025-10-15T08:12:46Z
moshakvar,QG3Vt3cV,TRUE,bullet,Black,white,0,2741,-3,2738,2873,2025-10-15T08:10:07Z
moshakvar,T3ua4tq7,TRUE,bullet,White,black,0,2746,-5,2741,2788,2025-10-15T08:07:48Z
moshakvar,rTb9BIZt,TRUE,bullet,Black,black,1,2738,8,2746,2866,2025-10-15T08:04:45Z
moshakvar,Iys7Y9Ab,TRUE,bullet,White,white,1,2728,10,2738,3069,2025-10-15T08:03:13Z
moshakvar,8Slpgk6e,TRUE,bullet,Black,white,0,2735,-7,2728,2665,2025-10-15T08:01:10Z
Benbasat,029KrDP4,TRUE,blitz,White,white,1,2716,8,2724,2579,2025-10-15T17:46:19Z
Benbasat,ryASz8jf,TRUE,bullet,White,white,1,3038,3,3041,2855,2025-10-15T17:31:41Z
Benbasat,yrCWCDBG,TRUE,bullet,Black,black,1,3035,3,3038,2858,2025-10-15T17:31:13Z
Benbasat,AXvWnbBf,TRUE,bullet,White,white,1,3033,2,3035,2722,2025-10-15T17:29:13Z
Benbasat,BS6aEvmg,TRUE,bullet,White,white,1,3030,3,3033,2860,2025-10-15T17:16:53Z
Benbasat,9zO8BGFy,TRUE,bullet,Black,black,1,3027,3,3030,2863,2025-10-15T17:15:56Z
Benbasat,gkhZiezm,TRUE,bullet,White,NA,0.5,3029,-2,3027,2860,2025-10-15T17:14:46Z
Benbasat,PGMAckjw,TRUE,bullet,White,white,1,3028,1,3029,2688,2025-10-15T17:07:48Z
Benbasat,vFCbAh61,TRUE,bullet,Black,black,1,3027,1,3028,2659,2025-10-15T17:05:19Z
Benbasat,l4Yam2th,TRUE,bullet,Black,black,1,3023,4,3027,2851,2025-10-15T13:47:22Z
Benbasat,UY1imBie,TRUE,bullet,White,black,0,3032,-9,3023,2842,2025-10-15T13:45:37Z
Benbasat,hIdbWUGJ,TRUE,bullet,Black,black,1,3028,4,3032,2950,2025-10-15T11:43:58Z
Benbasat,FfEhLPsn,TRUE,blitz,Black,black,1,2702,14,2716,2741,2025-10-15T11:03:31Z
Benbasat,PhC65TVn,TRUE,blitz,Black,black,1,2690,12,2702,2656,2025-10-15T10:48:35Z
Benbasat,IL9hVB7r,TRUE,blitz,White,white,1,2675,15,2690,2686,2025-10-15T10:40:01Z
goatikus,86kyD5WZ,TRUE,bullet,White,white,1,1057,9,1066,1002,2025-10-15T05:55:13Z
goatikus,7K8FgzD6,TRUE,blitz,White,black,0,1332,-14,1318,1225,2025-10-14T16:51:06Z
goatikus,w7vEqwVl,TRUE,bullet,Black,white,0,1068,-11,1057,1063,2025-10-13T13:44:06Z
goatikus,EXpoBc2D,TRUE,bullet,White,white,1,1056,12,1068,1069,2025-10-13T13:41:38Z
goatikus,VOZmJcGS,TRUE,bullet,Black,black,1,1042,14,1056,1118,2025-10-12T17:28:12Z
goatikus,2bE2FaEb,TRUE,rapid,Black,white,0,1552,-12,1540,1424,2025-10-11T09:51:10Z
goatikus,5k0UnymS,TRUE,rapid,White,NA,0.5,1552,0,1552,1547,2025-10-11T09:34:43Z
goatikus,0ZMBBgDr,TRUE,classical,Black,white,0,1451,-27,1424,1564,2025-10-10T18:20:38Z
goatikus,Gp3gavaQ,TRUE,blitz,Black,white,0,1342,-10,1332,1366,2025-10-10T18:15:41Z
goatikus,xXtj0kap,TRUE,rapid,Black,white,0,1562,-10,1552,1510,2025-10-10T18:10:13Z
goatikus,GtINZCqW,TRUE,rapid,White,white,1,1554,8,1562,1515,2025-10-10T18:04:21Z
goatikus,uvp4mCrf,TRUE,blitz,White,black,0,1350,-8,1342,1433,2025-10-10T11:29:06Z
goatikus,BwhS0EnQ,TRUE,bullet,Black,white,0,1052,-10,1042,1076,2025-10-07T19:55:55Z
goatikus,YaCzVXnD,TRUE,bullet,White,black,0,1059,-7,1052,1198,2025-10-07T13:13:32Z
goatikus,NKZvjjH2,TRUE,blitz,White,black,0,1358,-8,1350,1439,2025-10-07T12:55:31Z
ali-rafiepour,jnDZtKJS,TRUE,bullet,White,white,1,1941,7,1948,1962,2025-10-13T09:41:04Z
ali-rafiepour,oIWn60tf,TRUE,bullet,Black,white,0,1946,-5,1941,1988,2025-10-13T09:35:39Z
ali-rafiepour,YQraQwAr,TRUE,blitz,White,black,0,2442,-12,2430,2373,2025-10-13T09:05:23Z
ali-rafiepour,dRO2l7Re,TRUE,rapid,White,white,1,2577,8,2585,2488,2025-10-13T08:53:56Z
ali-rafiepour,Nt5K0oRe,TRUE,bullet,Black,black,1,1940,6,1946,1938,2025-10-12T10:22:45Z
ali-rafiepour,3qmfT3WJ,TRUE,bullet,Black,white,0,1946,-6,1940,1963,2025-10-12T10:18:26Z
ali-rafiepour,n1HPVNM4,TRUE,blitz,White,white,1,2434,8,2442,2368,2025-10-12T10:13:02Z
ali-rafiepour,D2xx0xRb,TRUE,rapid,Black,black,1,2569,8,2577,2503,2025-10-12T10:04:13Z
ali-rafiepour,FYwTi2r7,TRUE,bullet,White,NA,0.5,1945,1,1946,1990,2025-10-11T05:08:58Z
ali-rafiepour,jvTwfd4r,TRUE,bullet,Black,white,0,1953,-8,1945,1864,2025-10-11T05:05:32Z
ali-rafiepour,hp48NUBr,TRUE,blitz,White,white,1,2427,7,2434,2323,2025-10-11T04:58:40Z
ali-rafiepour,3GPElqh6,TRUE,rapid,White,NA,0.5,2573,-4,2569,2424,2025-10-11T04:48:34Z
ali-rafiepour,LOvNaOkG,TRUE,bullet,Black,black,1,1949,4,1953,1848,2025-10-09T11:31:59Z
ali-rafiepour,jy5Ywl1P,TRUE,bullet,Black,white,0,1954,-5,1949,2011,2025-10-09T11:29:30Z
ali-rafiepour,WZsAvEXj,TRUE,blitz,Black,black,1,2420,7,2427,2274,2025-10-09T11:20:16Z
DONOTREDEEM,S4gOyyAt,TRUE,bullet,White,NA,0.5,3099,-2,3097,2960,2025-10-13T19:27:56Z
DONOTREDEEM,YiNFPRbP,TRUE,bullet,Black,white,0,3107,-8,3099,2952,2025-10-13T19:26:29Z
DONOTREDEEM,DD2pW3WG,TRUE,bullet,White,white,1,3104,3,3107,2955,2025-10-13T19:25:10Z
DONOTREDEEM,pKztS1Ch,TRUE,bullet,Black,black,1,3100,4,3104,2959,2025-10-13T19:23:48Z
DONOTREDEEM,jvXcUwZD,TRUE,bullet,White,white,1,3097,3,3100,2962,2025-10-13T19:22:02Z
DONOTREDEEM,qqr7HdSD,TRUE,bullet,Black,black,1,3092,5,3097,3016,2025-10-13T19:19:54Z
DONOTREDEEM,guW3bDo2,TRUE,bullet,White,black,0,3099,-7,3092,3008,2025-10-13T19:18:27Z
DONOTREDEEM,ttRIoY9d,TRUE,bullet,Black,white,0,3107,-8,3099,3001,2025-10-13T19:16:42Z
DONOTREDEEM,nAMem1cA,TRUE,bullet,White,white,1,3102,5,3107,3005,2025-10-13T19:15:27Z
DONOTREDEEM,SiC1oN9v,TRUE,bullet,White,white,1,3099,3,3102,2913,2025-10-13T19:13:15Z
DONOTREDEEM,1ieitaOR,TRUE,bullet,White,white,1,3097,2,3099,2857,2025-10-13T19:11:54Z
DONOTREDEEM,SowlD3an,TRUE,bullet,Black,black,1,3095,2,3097,2859,2025-10-13T19:10:37Z
DONOTREDEEM,MG6pHbU5,TRUE,bullet,White,white,1,3092,3,3095,2861,2025-10-13T19:10:09Z
DONOTREDEEM,Ry8a82Uo,TRUE,bullet,White,black,0,3100,-8,3092,2981,2025-10-13T19:06:19Z
DONOTREDEEM,1SfAOhlr,TRUE,bullet,Black,white,0,3108,-8,3100,2928,2025-10-13T18:33:21Z
HereisACCjr,UQzPX2RF,TRUE,bullet,White,white,1,2095,73,2168,2111,2025-10-13T22:01:22Z
HereisACCjr,qYmGnVPj,TRUE,blitz,White,white,1,2114,74,2188,1977,2025-08-01T14:21:22Z
HereisACCjr,GTwsjkhm,TRUE,bullet,Black,black,1,1997,98,2095,2100,2025-04-25T19:09:18Z
HereisACCjr,gbOu15UQ,TRUE,bullet,White,white,1,1947,50,1997,1783,2025-02-02T20:39:25Z
HereisACCjr,Bthyvmqk,TRUE,bullet,White,black,0,2048,-101,1947,2046,2024-09-25T03:51:41Z
HereisACCjr,83gmkSbN,TRUE,bullet,White,black,0,2058,-10,2048,2128,2019-05-20T10:09:19Z
HereisACCjr,z6rP6F0L,TRUE,bullet,Black,black,1,2049,9,2058,1940,2019-05-20T10:07:25Z
HereisACCjr,RBv1dr4G,TRUE,bullet,White,white,1,2031,18,2049,2233,2019-05-20T10:04:51Z
HereisACCjr,bbfgu54u,TRUE,bullet,White,white,1,2031,0,2031,1105,2019-05-20T10:03:06Z
HereisACCjr,D89EGAmS,TRUE,bullet,Black,white,0,2045,-14,2031,1976,2019-05-20T10:00:28Z
HereisACCjr,IKI6XrLE,TRUE,bullet,Black,white,0,2052,-7,2045,2205,2019-05-19T19:00:56Z
HereisACCjr,Rpe17lSU,TRUE,bullet,White,black,0,2067,-15,2052,1973,2019-05-19T18:38:04Z
HereisACCjr,KXGUUzmw,TRUE,bullet,Black,white,0,2073,-6,2067,2275,2019-05-19T18:35:42Z
HereisACCjr,eAXdhzmt,TRUE,bullet,Black,black,1,2066,7,2073,1904,2019-05-19T18:33:11Z
HereisACCjr,NZcJl3T8,TRUE,bullet,Black,white,0,2071,-5,2066,2324,2019-05-15T06:40:03Z
Vahe_S,a4WGg8od,TRUE,blitz,White,black,0,2797,-10,2787,2617,2025-10-16T02:49:05Z
Vahe_S,EuiybGl0,TRUE,blitz,Black,black,1,2793,4,2797,2648,2025-10-16T02:46:06Z
Vahe_S,DuQqiM3N,TRUE,blitz,Black,NA,0.5,2796,-3,2793,2633,2025-10-16T02:39:46Z
Vahe_S,C0rGYtJA,TRUE,blitz,White,white,1,2792,4,2796,2636,2025-10-16T02:36:54Z
Vahe_S,Ya040PRs,TRUE,bullet,Black,black,1,2975,8,2983,2897,2025-10-15T21:47:26Z
Vahe_S,BRZzGlS6,TRUE,blitz,White,white,1,2786,6,2792,2801,2025-09-20T15:31:33Z
Vahe_S,TYvnRs3q,TRUE,blitz,Black,NA,0.5,2786,0,2786,2802,2025-09-20T15:24:58Z
Vahe_S,cVPTKi6v,TRUE,blitz,White,white,1,2780,6,2786,2808,2025-09-20T15:21:21Z
Vahe_S,s07TMziO,TRUE,blitz,Black,white,0,2785,-5,2780,2802,2025-09-20T15:16:09Z
Vahe_S,nTPwICUh,TRUE,blitz,White,black,0,2791,-6,2785,2797,2025-09-20T15:11:04Z
Vahe_S,RLr2nwC5,TRUE,blitz,Black,black,1,2785,6,2791,2803,2025-09-20T15:06:19Z
Vahe_S,yvtj1foZ,TRUE,blitz,White,white,1,2778,7,2785,2809,2025-09-20T15:03:43Z
Vahe_S,l53S5KLj,TRUE,blitz,Black,white,0,2784,-6,2778,2804,2025-09-20T15:00:43Z
Vahe_S,IUA0QQUJ,TRUE,blitz,White,black,0,2789,-5,2784,2798,2025-09-20T14:56:33Z
Vahe_S,pbaGs3Z0,TRUE,blitz,Black,white,0,2795,-6,2789,2792,2025-09-20T14:50:23Z
topdawg13,UGn6pnIv,TRUE,blitz,Black,white,0,2515,-5,2510,2646,2025-10-13T12:00:14Z
topdawg13,wmlucz4j,TRUE,rapid,White,black,0,2572,-12,2560,2553,2025-10-13T06:28:07Z
topdawg13,mG2M39Z1,TRUE,rapid,White,black,0,2586,-14,2572,2545,2025-10-12T01:48:44Z
topdawg13,Ydk18rAL,TRUE,rapid,Black,NA,0.5,2584,2,2586,2636,2025-10-11T11:51:13Z
topdawg13,1Y57X1kF,TRUE,rapid,Black,white,0,2595,-11,2584,2652,2025-10-10T21:02:04Z
topdawg13,xjZxYqqU,TRUE,rapid,Black,white,0,2602,-7,2595,2770,2025-10-10T20:13:25Z
topdawg13,Nyn2QpI4,TRUE,rapid,White,black,0,2616,-14,2602,2591,2025-10-10T00:48:51Z
topdawg13,zmzkNYCw,TRUE,rapid,White,black,0,2632,-16,2616,2589,2025-10-09T22:40:10Z
topdawg13,wBl2bQS9,TRUE,rapid,Black,black,1,2619,13,2632,2574,2025-10-09T21:33:09Z
topdawg13,0uAh5s42,TRUE,rapid,White,white,1,2604,15,2619,2585,2025-10-09T20:53:54Z
topdawg13,L0dwszV8,TRUE,rapid,Black,black,1,2585,19,2604,2748,2025-10-09T20:38:36Z
topdawg13,Yq5XJccT,TRUE,rapid,White,black,0,2603,-18,2585,2559,2025-10-09T17:49:07Z
topdawg13,UEuIjoDb,TRUE,rapid,Black,white,0,2602,-17,2585,2593,2025-10-08T20:44:05Z
topdawg13,Ui8Ul1Nv,TRUE,rapid,White,white,1,2586,16,2602,2540,2025-10-08T18:24:54Z
topdawg13,bVfonRNV,TRUE,rapid,Black,white,0,2604,-18,2586,2600,2025-10-08T14:20:45Z
Sciolaro,SeiVqfZw,TRUE,bullet,Black,black,1,2116,15,2131,1635,2025-10-11T19:11:42Z
Sciolaro,uofb3F6X,TRUE,blitz,White,white,1,2001,2,2003,1532,2025-10-11T18:59:17Z
Sciolaro,DNKdKfuG,TRUE,blitz,White,NA,0.5,2016,-15,2001,1639,2025-09-28T17:01:26Z
Sciolaro,Riz7NFKh,TRUE,blitz,Black,black,1,2014,2,2016,1530,2025-09-27T16:42:36Z
Sciolaro,FkFFTJSa,TRUE,blitz,White,white,1,2009,5,2014,1673,2025-08-17T16:05:04Z
Sciolaro,ADEJ4AvX,TRUE,blitz,Black,black,1,2005,4,2009,1677,2025-08-17T15:59:12Z
Sciolaro,A51lLNtw,TRUE,blitz,White,black,0,2037,-32,2005,1577,2025-08-10T19:07:06Z
Sciolaro,dQX7m18H,TRUE,blitz,White,white,1,2035,2,2037,1562,2025-07-27T18:35:06Z
Sciolaro,rYGHcMmj,TRUE,blitz,Black,black,1,2032,3,2035,1613,2025-07-27T18:11:01Z
Sciolaro,jbfOO45b,TRUE,blitz,White,white,1,2030,2,2032,1573,2025-07-27T17:49:49Z
Sciolaro,4Lo7c7Kl,TRUE,blitz,White,white,1,2026,4,2030,1673,2025-07-12T17:49:49Z
Sciolaro,az1cQqRv,TRUE,classical,Black,black,1,2027,34,2061,1649,2025-07-12T17:14:05Z
Sciolaro,XNhFIPvQ,TRUE,blitz,Black,black,1,2024,2,2026,1556,2025-07-06T16:52:24Z
Sciolaro,vcbTtBht,TRUE,blitz,White,black,0,2053,-29,2024,1673,2025-07-06T16:36:41Z
Sciolaro,f5xZzpkp,TRUE,blitz,Black,black,1,2051,2,2053,1581,2025-06-29T23:42:03Z
gmadham,uRaez34W,TRUE,bullet,Black,black,1,3149,2,3151,2872,2025-10-16T01:11:18Z
gmadham,w6NC4XCV,TRUE,bullet,White,white,1,3146,3,3149,2948,2025-10-16T01:06:18Z
gmadham,kA07MmdL,TRUE,bullet,White,white,1,3143,3,3146,2951,2025-10-16T01:03:36Z
gmadham,NEQh1uTL,TRUE,bullet,White,black,0,3152,-9,3143,2889,2025-10-16T01:02:05Z
gmadham,mL7kRSGk,TRUE,bullet,Black,black,1,3150,2,3152,2891,2025-10-16T01:00:01Z
gmadham,kOR2mXFr,TRUE,bullet,White,black,0,3158,-8,3150,2992,2025-10-16T00:58:15Z
gmadham,nzGofWeR,TRUE,bullet,Black,white,0,3167,-9,3158,2973,2025-10-16T00:56:10Z
gmadham,b7j3VwH2,TRUE,bullet,White,white,1,3164,3,3167,2979,2025-10-16T00:53:52Z
gmadham,9zBHEFKX,TRUE,bullet,Black,NA,0.5,3166,-2,3164,2973,2025-10-16T00:51:31Z
gmadham,x2yplE2O,TRUE,bullet,White,white,1,3163,3,3166,2980,2025-10-16T00:49:33Z
gmadham,f5rsezrF,TRUE,bullet,Black,black,1,3160,3,3163,2987,2025-10-16T00:47:30Z
gmadham,AF3eNUhU,TRUE,bullet,White,NA,0.5,3163,-3,3160,2980,2025-10-16T00:45:08Z
gmadham,RFkJTj17,TRUE,bullet,Black,black,1,3162,1,3163,2816,2025-10-16T00:42:02Z
gmadham,5QWGYx1T,TRUE,bullet,Black,white,0,3168,-6,3162,3120,2025-10-16T00:38:23Z
gmadham,vmkakQwn,TRUE,bullet,Black,black,1,3166,2,3168,2859,2025-10-16T00:35:10Z
Rider_In_Race,N8lvuuBc,TRUE,blitz,Black,black,1,1800,9,1809,1793,2025-10-06T10:08:40Z
Rider_In_Race,SbUMhXCE,TRUE,rapid,White,white,1,1584,27,1611,1591,2025-10-06T09:57:25Z
Rider_In_Race,3ZLQObD8,TRUE,rapid,White,white,1,1544,40,1584,1623,2025-10-06T07:23:21Z
Rider_In_Race,JIpVXZw9,TRUE,rapid,Black,black,1,1511,33,1544,1471,2025-10-05T11:09:21Z
Rider_In_Race,i8Fyeba8,TRUE,rapid,White,black,0,1544,-33,1511,1610,2025-10-05T10:54:58Z
Rider_In_Race,IduZcyCp,TRUE,rapid,Black,black,1,1495,49,1544,1511,2025-10-05T08:05:34Z
Rider_In_Race,J5evEU5p,TRUE,rapid,White,white,1,1431,64,1495,1494,2025-10-05T07:46:13Z
Rider_In_Race,8gSAQvTY,TRUE,rapid,White,white,1,1392,39,1431,1247,2025-10-04T13:43:18Z
Rider_In_Race,Ycx1PVmq,TRUE,rapid,Black,black,1,1327,65,1392,1279,2025-10-04T13:40:27Z
Rider_In_Race,UqD4A5Rr,TRUE,rapid,Black,black,1,1277,50,1327,1100,2025-10-04T13:27:57Z
Rider_In_Race,XdreubkC,TRUE,rapid,White,white,1,1241,36,1277,944,2025-10-04T13:20:09Z
Rider_In_Race,JCZRLaAC,TRUE,rapid,Black,white,0,1411,-170,1241,1332,2025-10-03T15:23:14Z
Rider_In_Race,yMpjXJmd,TRUE,rapid,Black,black,1,1243,168,1411,1500,2025-10-03T14:28:44Z
Rider_In_Race,g5hxZ1kh,TRUE,blitz,White,white,1,1793,7,1800,1772,2025-09-28T15:07:15Z
Rider_In_Race,3DLLqVLA,TRUE,blitz,Black,NA,0.5,1793,0,1793,1774,2025-09-21T05:11:31Z
nataniel123,qwwcBqif,TRUE,blitz,Black,black,1,2094,6,2100,2110,2025-10-15T21:32:56Z
nataniel123,03Xp2dnU,TRUE,blitz,White,white,1,2089,5,2094,2069,2025-10-15T21:26:35Z
nataniel123,EuEMcgFC,TRUE,blitz,White,white,1,2084,5,2089,2013,2025-10-15T21:20:33Z
nataniel123,YmTZTg5S,TRUE,blitz,Black,black,1,2078,6,2084,2142,2025-10-15T21:12:52Z
nataniel123,3YUueLyi,TRUE,blitz,White,black,0,2083,-5,2078,2115,2025-10-15T21:07:29Z
nataniel123,rlovu2Au,TRUE,blitz,White,black,0,2089,-6,2083,2071,2025-10-15T21:04:32Z
nataniel123,UBCH9AlH,TRUE,blitz,Black,white,0,2095,-6,2089,2067,2025-10-15T20:59:48Z
nataniel123,0mGBYKcz,TRUE,blitz,White,black,0,2101,-6,2095,2084,2025-10-15T13:40:32Z
nataniel123,9C4hKA70,TRUE,blitz,Black,white,0,2107,-6,2101,2101,2025-10-15T10:43:56Z
nataniel123,sHBtXdaR,TRUE,blitz,White,white,1,2100,7,2107,2125,2025-10-15T10:25:46Z
nataniel123,RIGW8XAN,TRUE,bullet,White,white,1,2245,6,2251,2250,2025-10-14T17:00:35Z
nataniel123,KWrGSxxM,TRUE,bullet,White,NA,0.5,2244,1,2245,2293,2025-10-14T16:58:19Z
nataniel123,wxyKYRBK,TRUE,bullet,Black,black,1,2239,5,2244,2226,2025-10-14T16:56:18Z
nataniel123,5QX5eLXQ,TRUE,bullet,White,black,0,2244,-5,2239,2251,2025-10-14T16:53:55Z
nataniel123,8kWtuYH2,TRUE,bullet,Black,black,1,2238,6,2244,2297,2025-10-14T16:51:38Z
Thorwald5,2NeQGKIj,TRUE,blitz,White,NA,0.5,2457,-2,2455,2278,2025-10-12T19:31:41Z
Thorwald5,Z5urxktn,TRUE,blitz,Black,white,0,2468,-11,2457,2038,2025-10-12T19:21:35Z
Thorwald5,zDmUDs9c,TRUE,blitz,White,black,0,2477,-9,2468,2243,2025-10-12T19:17:14Z
Thorwald5,7vKcJPxK,TRUE,blitz,Black,black,1,2475,2,2477,2180,2025-10-12T19:11:54Z
Thorwald5,qS66PmfQ,TRUE,blitz,White,white,1,2473,2,2475,2201,2025-10-12T19:05:27Z
Thorwald5,ftupVtS3,TRUE,blitz,Black,black,1,2472,1,2473,2008,2025-10-12T19:00:37Z
Thorwald5,rxvbwCNB,TRUE,blitz,White,black,0,2481,-9,2472,2282,2025-10-12T18:52:16Z
Thorwald5,HgrhDkDE,TRUE,blitz,Black,black,1,2479,2,2481,2230,2025-10-12T18:49:14Z
Thorwald5,BMIhui3v,TRUE,blitz,White,white,1,2478,1,2479,1760,2025-10-12T18:43:16Z
Thorwald5,NMqFyMMB,TRUE,blitz,White,NA,0.5,2481,-3,2478,2319,2025-10-12T18:37:52Z
Thorwald5,nrRR5qh7,TRUE,blitz,Black,black,1,2481,0,2481,1891,2025-10-12T18:34:18Z
Thorwald5,OHuvOeq4,TRUE,blitz,White,white,1,2479,2,2481,2132,2025-10-12T18:32:30Z
Thorwald5,PcnfOs4b,TRUE,classical,Black,NA,0.5,2477,-2,2475,2383,2025-10-10T12:02:57Z
Thorwald5,86gNrfhZ,TRUE,blitz,White,white,1,2477,2,2479,2182,2025-10-07T18:55:26Z
Thorwald5,1WsPayxG,TRUE,blitz,Black,black,1,2477,0,2477,2019,2025-10-07T18:52:20Z
KottuRoti,wXOAyHAq,TRUE,blitz,White,NA,0.5,2387,-1,2386,2368,2025-10-15T08:36:22Z
KottuRoti,qz1T8jyM,TRUE,blitz,White,black,0,2391,-4,2387,2579,2025-10-11T18:00:13Z
KottuRoti,L5uqdoFo,TRUE,blitz,White,white,1,2382,9,2391,2392,2025-10-10T15:58:40Z
KottuRoti,UXruN2Fp,TRUE,blitz,Black,black,1,2371,11,2382,2456,2025-10-10T15:52:12Z
KottuRoti,blp5F3E2,TRUE,blitz,Black,white,0,2383,-12,2371,2252,2025-10-10T15:05:47Z
KottuRoti,O71JY17P,TRUE,bullet,Black,white,0,2471,-7,2464,2509,2025-10-10T10:19:47Z
KottuRoti,669GofFy,TRUE,bullet,White,white,1,2462,9,2471,2515,2025-10-10T10:17:30Z
KottuRoti,7Hzw9faA,TRUE,bullet,Black,white,0,2469,-7,2462,2510,2025-10-10T10:15:12Z
KottuRoti,DCKX1uJE,TRUE,blitz,Black,white,0,2393,-10,2383,2384,2025-10-09T13:10:15Z
KottuRoti,AJC5LYKs,TRUE,blitz,Black,NA,0.5,2393,0,2393,2393,2025-10-09T13:04:37Z
KottuRoti,B6O9zNkU,TRUE,blitz,White,black,0,2399,-6,2393,2525,2025-10-09T12:59:43Z
KottuRoti,PN47w3aN,TRUE,blitz,White,white,1,2385,14,2399,2529,2025-10-09T12:56:42Z
KottuRoti,459qTJHK,TRUE,blitz,Black,white,0,2397,-12,2385,2358,2025-10-09T12:29:27Z
KottuRoti,sfBtkI7a,TRUE,blitz,White,black,0,2403,-6,2397,2571,2025-10-09T12:23:24Z
KottuRoti,SUIVXlfY,TRUE,blitz,White,NA,0.5,2402,1,2403,2413,2025-10-09T09:54:37Z
abmcdonald,0ShGaoxu,TRUE,classical,White,white,1,2250,7,2257,2276,2025-10-15T23:17:53Z
abmcdonald,ZHZm6P8g,TRUE,classical,Black,black,1,2247,3,2250,2058,2025-10-15T05:26:48Z
abmcdonald,3XEQw2HA,TRUE,classical,Black,black,1,2244,3,2247,2047,2025-10-15T00:58:24Z
abmcdonald,I1TeTLvY,TRUE,classical,White,white,1,2239,5,2244,2132,2025-10-14T22:42:10Z
abmcdonald,Ve0biJVa,TRUE,classical,Black,NA,0.5,2242,-3,2239,2088,2025-10-14T20:22:34Z
abmcdonald,EHtYuTuv,TRUE,classical,Black,white,0,2249,-7,2242,2255,2025-10-14T19:51:55Z
abmcdonald,n6KZmeFa,TRUE,rapid,Black,black,1,2399,2,2401,2101,2025-10-14T07:08:30Z
abmcdonald,t1BnTN22,TRUE,classical,White,white,1,2244,5,2249,2124,2025-10-13T23:39:56Z
abmcdonald,2wwXy92A,TRUE,rapid,Black,black,1,2389,3,2392,2226,2025-10-13T23:05:43Z
abmcdonald,uQlPkVMB,TRUE,rapid,White,white,1,2388,1,2389,1819,2025-10-13T23:00:38Z
abmcdonald,HWWTZrR2,TRUE,rapid,Black,black,1,2388,0,2388,1648,2025-10-13T22:55:52Z
abmcdonald,1e3t2iNZ,TRUE,rapid,White,white,1,2387,1,2388,2012,2025-10-13T22:51:05Z
abmcdonald,tXUgdIwO,TRUE,rapid,White,black,0,2396,-9,2387,2102,2025-10-13T22:40:04Z
abmcdonald,B28MEsqx,TRUE,rapid,Black,black,1,2395,1,2396,1957,2025-10-13T22:31:03Z
abmcdonald,LadWndf1,TRUE,rapid,White,white,1,2393,2,2395,2138,2025-10-13T22:25:31Z
vectorveld,xqUXyrYA,TRUE,blitz,White,white,1,1770,46,1816,1762,2024-02-17T09:00:55Z
vectorveld,rSKn0JgO,TRUE,blitz,White,black,0,1843,-73,1770,1676,2024-01-02T16:15:39Z
vectorveld,eu5QJzKQ,TRUE,blitz,Black,black,1,1823,20,1843,1559,2023-12-09T09:08:52Z
vectorveld,ZP1LWhgF,TRUE,blitz,White,black,0,1882,-59,1823,1807,2023-05-25T14:28:22Z
vectorveld,rJ2pVpWS,TRUE,blitz,Black,black,1,1828,54,1882,1812,2023-05-25T14:16:55Z
vectorveld,ZSvYimpJ,TRUE,blitz,White,white,1,1747,81,1828,1818,2023-05-25T14:06:43Z
vectorveld,7JVZyYAW,TRUE,blitz,Black,NA,0.5,1736,11,1747,1793,2022-11-07T18:12:55Z
vectorveld,hTLw6sqp,TRUE,blitz,Black,white,0,1808,-72,1736,1858,2022-10-27T11:15:28Z
vectorveld,2Vc6rREZ,TRUE,blitz,White,black,0,1823,-15,1808,1724,2018-10-28T18:10:06Z
vectorveld,0J4Aco4z,TRUE,blitz,Black,black,1,1803,20,1823,2101,2018-10-20T18:08:02Z
vectorveld,hwSLF9Cb,TRUE,blitz,White,black,0,1813,-10,1803,1853,2018-10-19T22:19:33Z
vectorveld,dGIHt4vE,TRUE,blitz,White,white,1,1802,11,1813,1792,2018-10-19T22:15:26Z
vectorveld,WGjwCUyX,TRUE,blitz,White,white,1,1796,6,1802,1603,2018-10-19T17:15:38Z
vectorveld,jJrL3ZXV,TRUE,blitz,Black,white,0,1813,-17,1796,1636,2018-10-19T17:09:52Z
vectorveld,0VmxA83A,TRUE,blitz,White,white,1,1801,12,1813,1817,2018-09-10T18:09:38Z
Melton-S,EE5DGeSZ,TRUE,blitz,White,white,1,1127,6,1133,1159,2025-10-10T13:16:59Z
Melton-S,SYDCjdm1,TRUE,blitz,Black,black,1,1121,6,1127,1124,2025-10-10T13:11:58Z
Melton-S,0koK5sUm,TRUE,blitz,White,white,1,1115,6,1121,1116,2025-10-10T13:07:32Z
Melton-S,8ZuQ96nE,TRUE,blitz,White,white,1,1109,6,1115,1125,2025-10-10T13:04:58Z
Melton-S,A5Pd8jlk,TRUE,blitz,Black,white,0,1115,-6,1109,1101,2025-10-10T12:58:31Z
Melton-S,uLxZjTcs,TRUE,blitz,Black,NA,0.5,1115,0,1115,1139,2025-10-09T11:05:00Z
Melton-S,gJGOsGC1,TRUE,blitz,White,black,0,1121,-6,1115,1075,2025-10-09T09:37:03Z
Melton-S,yTz8kfxp,TRUE,blitz,White,white,1,1117,4,1121,1055,2025-10-09T09:33:32Z
Melton-S,xzrIK3CA,TRUE,blitz,Black,black,1,1111,6,1117,1081,2025-10-09T09:23:35Z
Melton-S,pLnCCvxi,TRUE,blitz,White,white,1,1106,5,1111,1076,2025-10-09T09:20:26Z
Melton-S,a5TNkWwt,TRUE,blitz,Black,black,1,1100,6,1106,1093,2025-10-09T09:16:03Z
Melton-S,yL3mWxzS,TRUE,blitz,White,black,0,1106,-6,1100,1135,2025-10-08T16:42:30Z
Melton-S,GyuSGTkP,TRUE,rapid,White,white,1,1239,14,1253,1275,2025-10-08T15:12:10Z
Melton-S,0iWGdcwo,TRUE,blitz,Black,white,0,1111,-5,1106,1161,2025-10-08T14:22:21Z
Melton-S,GF8qPyXI,TRUE,blitz,Black,black,1,1104,7,1111,1119,2025-10-08T14:14:26Z
Acva-Alenok,X2p80ZRz,TRUE,blitz,Black,black,1,2497,5,2502,2446,2025-10-10T11:27:44Z
Acva-Alenok,J4iZqJeS,TRUE,blitz,White,black,0,2505,-8,2497,2354,2025-10-10T11:21:57Z
Acva-Alenok,9qZt9FwZ,TRUE,blitz,Black,black,1,2500,5,2505,2463,2025-10-10T11:15:05Z
Acva-Alenok,ZPr1rTD2,TRUE,blitz,Black,white,0,2507,-7,2500,2423,2025-10-10T10:50:55Z
Acva-Alenok,BndvRu1k,TRUE,blitz,White,black,0,2514,-7,2507,2449,2025-10-10T10:45:22Z
Acva-Alenok,tKbH23rQ,TRUE,blitz,Black,black,1,2509,5,2514,2449,2025-10-10T10:41:23Z
Acva-Alenok,Q3PYNaIJ,TRUE,blitz,White,black,0,2515,-6,2509,2492,2025-10-10T10:34:56Z
Acva-Alenok,2ZJNBKsI,TRUE,blitz,White,white,1,2512,3,2515,2356,2025-10-10T10:33:11Z
Acva-Alenok,PYbBrEOQ,TRUE,blitz,Black,white,0,2515,-3,2512,2659,2025-10-10T10:28:41Z
Acva-Alenok,sTdBb6rI,TRUE,blitz,White,black,0,2521,-6,2515,2533,2025-10-10T10:23:33Z
Acva-Alenok,i9xE7jwb,TRUE,blitz,Black,white,0,2528,-7,2521,2430,2025-10-10T10:18:04Z
Acva-Alenok,aZyS43Mc,TRUE,blitz,White,white,1,2524,4,2528,2455,2025-10-10T10:12:23Z
Acva-Alenok,UFSj7qC6,TRUE,blitz,Black,NA,0.5,2524,0,2524,2483,2025-10-10T10:07:04Z
Acva-Alenok,0mc4h0C7,TRUE,blitz,White,white,1,2517,7,2524,2611,2025-10-10T10:02:23Z
Acva-Alenok,4ghl0P1g,TRUE,blitz,Black,black,1,2512,5,2517,2476,2025-10-10T09:56:21Z
Americanchampion,qRBbiYkW,TRUE,rapid,White,black,0,2730,-17,2713,2577,2025-10-11T15:21:44Z
Americanchampion,ARn4iu84,TRUE,rapid,Black,black,1,2723,7,2730,2558,2025-10-11T14:47:37Z
Americanchampion,oOkbZ6y8,TRUE,rapid,White,NA,0.5,2729,-6,2723,2559,2025-10-11T13:56:01Z
Americanchampion,KDghlXCq,TRUE,rapid,Black,black,1,2721,8,2729,2559,2025-10-11T05:59:45Z
Americanchampion,FNSTUkjG,TRUE,rapid,White,white,1,2714,7,2721,2519,2025-10-11T05:28:45Z
Americanchampion,cYRx3fxH,TRUE,rapid,Black,white,0,2731,-17,2714,2655,2025-10-10T08:00:04Z
Americanchampion,9QgTqbNt,TRUE,rapid,Black,black,1,2725,6,2731,2493,2025-10-09T15:37:58Z
Americanchampion,ULUQZWQg,TRUE,rapid,White,white,1,2716,9,2725,2548,2025-10-09T12:07:25Z
Americanchampion,jdxSiZhi,TRUE,rapid,Black,black,1,2707,9,2716,2563,2025-10-08T13:47:15Z
Americanchampion,gxj7Bx1Y,TRUE,rapid,Black,black,1,2696,11,2707,2561,2025-10-08T13:25:34Z
Americanchampion,MTNyvQew,TRUE,rapid,White,white,1,2690,6,2696,2416,2025-10-08T13:07:05Z
Americanchampion,eVLHAzJw,TRUE,rapid,White,white,1,2681,9,2690,2506,2025-09-27T12:57:44Z
Americanchampion,Dy1kKB8z,TRUE,rapid,Black,white,0,2705,-24,2681,2510,2025-09-27T12:32:30Z
Americanchampion,3lsH126C,TRUE,rapid,Black,black,1,2688,17,2705,2687,2025-09-27T11:34:25Z
Americanchampion,8YLKKmbT,TRUE,blitz,White,NA,0.5,2721,-3,2718,2605,2025-09-05T08:52:03Z
IcyDre1,Eiw5je6t,TRUE,classical,White,white,1,2348,12,2360,2027,2025-10-15T10:29:40Z
IcyDre1,q27LZP0B,TRUE,classical,Black,black,1,2309,39,2348,2307,2025-09-21T11:04:36Z
IcyDre1,eoIq7iCz,TRUE,blitz,Black,black,1,2496,6,2502,2340,2025-08-19T14:01:15Z
IcyDre1,2mIpOB60,TRUE,blitz,Black,black,1,2487,9,2496,2459,2025-08-19T13:58:08Z
IcyDre1,JYKkRVP6,TRUE,blitz,White,white,1,2476,11,2487,2498,2025-08-19T13:51:34Z
IcyDre1,bqv7GtMg,TRUE,blitz,White,white,1,2467,9,2476,2429,2025-08-10T06:39:24Z
IcyDre1,Mqz9HYbz,TRUE,blitz,Black,black,1,2459,8,2467,2396,2025-08-10T06:34:58Z
IcyDre1,YKhshjg4,TRUE,blitz,Black,NA,0.5,2459,0,2459,2459,2025-08-10T06:28:10Z
IcyDre1,R1DBlbqB,TRUE,blitz,Black,black,1,2449,10,2459,2449,2025-08-10T06:27:08Z
IcyDre1,IvMpy4UY,TRUE,blitz,White,white,1,2443,6,2449,2279,2025-08-10T06:24:39Z
IcyDre1,l3CMWLF5,TRUE,classical,Black,black,1,2293,16,2309,2075,2025-07-27T04:38:20Z
IcyDre1,vIYRVDCT,TRUE,classical,White,white,1,2283,10,2293,1934,2025-07-27T04:32:25Z
IcyDre1,O3OZM0XL,TRUE,classical,Black,black,1,2281,2,2283,1652,2025-07-27T04:30:18Z
IcyDre1,2BY1sMi9,TRUE,classical,White,white,1,2277,4,2281,1726,2025-07-27T04:17:06Z
IcyDre1,4kVWNryb,TRUE,classical,Black,black,1,2238,39,2277,2216,2025-07-27T04:06:41Z
Personaltouch,Q4uwEpUb,TRUE,bullet,Black,black,1,2631,1,2632,2220,2025-10-14T16:55:48Z
Personaltouch,i82Bgthi,TRUE,bullet,Black,white,0,2642,-11,2631,2234,2025-10-14T10:56:05Z
Personaltouch,I7rCudAp,TRUE,bullet,White,white,1,2642,0,2642,1587,2025-10-14T10:54:26Z
Personaltouch,Y0Gznjcm,TRUE,bullet,Black,white,0,2652,-10,2642,2262,2025-10-14T10:52:53Z
Personaltouch,BkHA2TPm,TRUE,bullet,White,white,1,2651,1,2652,2249,2025-10-14T10:51:03Z
Personaltouch,cXjpO3cN,TRUE,bullet,White,white,1,2651,0,2651,1861,2025-10-14T10:49:51Z
Personaltouch,T0bjb2uS,TRUE,bullet,Black,black,1,2651,0,2651,1749,2025-10-14T10:49:16Z
Personaltouch,qbfx9M1B,TRUE,bullet,White,white,1,2650,1,2651,2197,2025-10-14T10:48:02Z
Personaltouch,eTKTSuJV,TRUE,bullet,Black,white,0,2661,-11,2650,2148,2025-10-14T10:45:53Z
Personaltouch,xFNCRvqz,TRUE,bullet,Black,black,1,2661,0,2661,2067,2025-10-14T10:44:01Z
Personaltouch,8ALsGAjv,TRUE,bullet,White,white,1,2660,1,2661,1911,2025-10-14T10:42:49Z
Personaltouch,KxdUz5Y8,TRUE,bullet,Black,black,1,2658,2,2660,2382,2025-10-14T10:40:42Z
Personaltouch,bm7gq8zw,TRUE,bullet,White,white,1,2658,0,2658,2171,2025-10-14T10:38:29Z
Personaltouch,ciHePRUG,TRUE,bullet,Black,black,1,2657,1,2658,2232,2025-10-14T10:36:35Z
Personaltouch,c5Ok3Xav,TRUE,bullet,White,white,1,2654,3,2657,2475,2025-10-14T10:34:45Z
Jus_Jacome,6CCPrryZ,TRUE,blitz,White,white,1,2104,5,2109,2043,2025-10-16T00:03:57Z
Jus_Jacome,WGx8an1U,TRUE,blitz,Black,black,1,2097,7,2104,2182,2025-10-15T23:58:14Z
Jus_Jacome,TsJqTB6O,TRUE,blitz,Black,black,1,2093,4,2097,1983,2025-10-15T23:53:33Z
Jus_Jacome,adKwVFIs,TRUE,blitz,White,white,1,2093,0,2093,1513,2025-10-15T23:49:10Z
Jus_Jacome,mNRKFAyZ,TRUE,blitz,Black,black,1,2089,4,2093,1968,2025-10-15T23:43:51Z
Jus_Jacome,wfs8daYK,TRUE,blitz,Black,black,1,2083,6,2089,2086,2025-10-15T23:38:03Z
Jus_Jacome,Uf9a5QdM,TRUE,blitz,White,white,1,2082,1,2083,1646,2025-10-15T23:33:18Z
Jus_Jacome,1t8CnTHR,TRUE,blitz,Black,black,1,2076,6,2082,2099,2025-10-15T23:27:11Z
Jus_Jacome,9DF3gJVu,TRUE,blitz,White,NA,0.5,2080,-4,2076,1783,2025-10-15T23:19:49Z
Jus_Jacome,oxmbXEp1,TRUE,blitz,Black,black,1,2077,3,2080,1877,2025-10-15T23:15:12Z
Jus_Jacome,vgUOZWaO,TRUE,blitz,White,white,1,2073,4,2077,1971,2025-10-15T23:12:42Z
Jus_Jacome,rzTkZdoR,TRUE,blitz,White,white,1,2072,1,2073,1721,2025-10-15T23:08:08Z
Jus_Jacome,AZPtY9pc,TRUE,blitz,White,white,1,2067,5,2072,2000,2025-10-15T23:04:17Z
Jus_Jacome,Y274wzlD,TRUE,blitz,Black,white,0,2075,-8,2067,1942,2025-10-15T22:59:13Z
Jus_Jacome,TG0xiyM5,TRUE,blitz,Black,black,1,2070,5,2075,2009,2025-10-15T22:55:54Z
R_Berzinsh,Wnzy5tfl,TRUE,bullet,White,NA,0.5,2552,-2,2550,2441,2025-10-15T04:46:37Z
R_Berzinsh,Qc0Ach20,TRUE,bullet,White,NA,0.5,2553,-1,2552,2476,2025-10-13T17:09:28Z
R_Berzinsh,PZrI5P88,TRUE,blitz,Black,black,1,2460,1,2461,1953,2025-10-13T16:56:10Z
R_Berzinsh,wvrbGs7c,TRUE,blitz,White,white,1,2460,0,2460,1643,2025-10-13T16:55:33Z
R_Berzinsh,vhI7sKhr,TRUE,blitz,White,white,1,2458,2,2460,2113,2025-10-13T15:29:52Z
R_Berzinsh,yZOctuuy,TRUE,blitz,Black,white,0,2464,-6,2458,2521,2025-10-13T14:18:54Z
R_Berzinsh,fG5m8Mbr,TRUE,blitz,Black,black,1,2459,5,2464,2335,2025-10-13T14:17:29Z
R_Berzinsh,WPlQSgZs,TRUE,blitz,White,white,1,2453,6,2459,2439,2025-10-13T14:13:00Z
R_Berzinsh,hGfz0LLL,TRUE,blitz,White,white,1,2448,5,2453,2312,2025-10-13T14:08:49Z
R_Berzinsh,JpWDhV4j,TRUE,bullet,White,white,1,2550,3,2553,2376,2025-10-13T12:37:56Z
R_Berzinsh,oLxhzzxY,TRUE,bullet,Black,black,1,2546,4,2550,2433,2025-10-13T11:46:10Z
R_Berzinsh,cs6ZHPeP,TRUE,bullet,Black,black,1,2541,5,2546,2473,2025-10-13T11:44:19Z
R_Berzinsh,vuDQ9pRu,TRUE,blitz,White,white,1,2441,7,2448,2430,2025-10-12T16:53:27Z
R_Berzinsh,8SJ9UrDE,TRUE,bullet,Black,white,0,2547,-6,2541,2562,2025-10-11T16:56:31Z
R_Berzinsh,tLWT2O8k,TRUE,bullet,White,white,1,2539,8,2547,2632,2025-10-11T11:26:01Z
Wolfram_EP,bsXL1OeD,TRUE,blitz,White,white,1,2045,2,2047,1595,2025-10-07T10:50:46Z
Wolfram_EP,HfxjFNG1,TRUE,blitz,Black,black,1,2044,1,2045,1564,2025-10-07T10:40:11Z
Wolfram_EP,yxT9EPDE,TRUE,blitz,White,white,1,2040,4,2044,1724,2025-10-07T10:31:22Z
Wolfram_EP,7I6V81Vo,TRUE,blitz,Black,black,1,2040,0,2040,1397,2025-10-07T10:26:37Z
Wolfram_EP,MTJJApeM,TRUE,blitz,White,black,0,2056,-16,2040,1893,2025-10-07T10:19:05Z
Wolfram_EP,JCdh4XA2,TRUE,blitz,Black,black,1,2053,3,2056,1712,2025-10-07T10:10:52Z
Wolfram_EP,dGWHSDyk,TRUE,blitz,Black,black,1,2052,1,2053,1520,2025-09-08T01:54:41Z
Wolfram_EP,FTf6YeUr,TRUE,blitz,White,white,1,2047,5,2052,1856,2025-09-08T01:45:39Z
Wolfram_EP,sQC1wjm6,TRUE,blitz,Black,black,1,2045,2,2047,1718,2025-09-08T01:36:58Z
Wolfram_EP,DeH9LifP,TRUE,blitz,White,black,0,2060,-15,2045,1857,2025-09-08T01:27:52Z
Wolfram_EP,GFXy8ZNE,TRUE,blitz,Black,white,0,2072,-12,2060,2023,2025-09-08T01:19:55Z
Wolfram_EP,N3bVdPP5,TRUE,blitz,Black,black,1,2068,4,2072,1815,2025-09-08T01:12:12Z
Wolfram_EP,jgXNMdXY,TRUE,blitz,White,white,1,2061,7,2068,1918,2025-09-08T01:03:26Z
Wolfram_EP,0dQh17je,TRUE,blitz,Black,black,1,2060,1,2061,1658,2025-08-11T19:46:09Z
Wolfram_EP,b1iiCGN0,TRUE,blitz,Black,black,1,2059,1,2060,1523,2025-08-11T19:43:33Z
RebeccaHarris,MD031pzB,TRUE,blitz,Black,white,0,2842,-8,2834,2779,2025-10-11T19:38:53Z
RebeccaHarris,YGTAhY2N,TRUE,blitz,White,white,1,2838,4,2842,2692,2025-10-11T19:36:06Z
RebeccaHarris,ZIw86JQZ,TRUE,blitz,Black,white,0,2849,-11,2838,2657,2025-10-11T19:32:47Z
RebeccaHarris,FTx65o8p,TRUE,blitz,Black,black,1,2841,8,2849,2862,2025-10-11T19:30:30Z
RebeccaHarris,k8WtRV6h,TRUE,blitz,White,white,1,2836,5,2841,2716,2025-10-11T19:26:18Z
RebeccaHarris,HeWodg9d,TRUE,blitz,White,NA,0.5,2835,1,2836,2867,2025-10-11T19:22:10Z
RebeccaHarris,Q2ncvdut,TRUE,blitz,Black,white,0,2845,-10,2835,2792,2025-10-11T19:19:53Z
RebeccaHarris,Wftgacnw,TRUE,blitz,White,NA,0.5,2848,-3,2845,2690,2025-10-11T19:17:34Z
RebeccaHarris,2VRl3DLA,TRUE,blitz,White,white,1,2843,5,2848,2662,2025-10-11T19:13:51Z
RebeccaHarris,HGDuCpRt,TRUE,blitz,Black,black,1,2837,6,2843,2746,2025-10-11T19:10:44Z
RebeccaHarris,iCzicOfB,TRUE,blitz,White,white,1,2833,4,2837,2615,2025-10-11T19:08:26Z
RebeccaHarris,8l5dDkQ2,TRUE,blitz,Black,black,1,2831,2,2833,2431,2025-10-11T19:04:44Z
RebeccaHarris,uxjpGl75,TRUE,bullet,White,NA,0.5,3205,0,3205,3232,2025-09-20T20:58:10Z
RebeccaHarris,lmYxLBVI,TRUE,bullet,Black,black,1,3201,4,3205,3095,2025-09-20T20:57:11Z
RebeccaHarris,2UjEgFN4,TRUE,bullet,White,black,0,3207,-6,3201,3201,2025-09-20T20:55:53Z
Gepard1988,PeLCHUWn,TRUE,bullet,Black,black,1,2259,2,2261,1947,2025-10-14T17:14:33Z
Gepard1988,k05MYwwJ,TRUE,bullet,White,white,1,2255,4,2259,2049,2025-10-14T14:30:36Z
Gepard1988,zIkMXKjt,TRUE,bullet,Black,black,1,2253,2,2255,1923,2025-10-14T06:33:55Z
Gepard1988,l5FCbfFq,TRUE,bullet,White,white,1,2250,3,2253,1936,2025-10-14T06:31:14Z
Gepard1988,eXjPYEsE,TRUE,rapid,White,white,1,2225,4,2229,1876,2025-09-30T14:08:30Z
Gepard1988,yG7CidxU,TRUE,bullet,Black,black,1,2245,5,2250,2198,2025-09-06T07:19:01Z
Gepard1988,fpj2ocCt,TRUE,bullet,White,white,1,2240,5,2245,2214,2025-09-06T07:16:52Z
Gepard1988,FgDZVBPd,TRUE,bullet,Black,black,1,2235,5,2240,2212,2025-09-06T07:14:57Z
Gepard1988,j9gnfJIN,TRUE,bullet,Black,NA,0.5,2234,1,2235,2265,2025-09-06T07:12:46Z
Gepard1988,XkgfOxAx,TRUE,bullet,White,black,0,2240,-6,2234,2226,2025-09-06T07:10:28Z
Gepard1988,pidGXO9v,TRUE,bullet,Black,white,0,2246,-6,2240,2253,2025-09-06T07:09:39Z
Gepard1988,7niGxwSx,TRUE,bullet,Black,black,1,2240,6,2246,2213,2025-09-06T07:07:36Z
Gepard1988,eRrmW6Mj,TRUE,bullet,White,white,1,2236,4,2240,2154,2025-09-06T07:05:12Z
Gepard1988,Lm5XILzM,TRUE,bullet,Black,black,1,2230,6,2236,2220,2025-09-06T07:03:04Z
Gepard1988,IiLIgQ4f,TRUE,bullet,White,white,1,2223,7,2230,2226,2025-09-06T07:00:50Z
athena-pallada,lAj4ddx4,TRUE,blitz,White,white,1,2930,1,2931,2585,2025-10-15T16:51:15Z
athena-pallada,ScFFrNAw,TRUE,blitz,Black,black,1,2928,2,2930,2586,2025-10-15T16:49:58Z
athena-pallada,uoRUbRX2,TRUE,blitz,White,white,1,2927,1,2928,2588,2025-10-15T16:46:12Z
athena-pallada,fw1uS621,TRUE,blitz,Black,black,1,2925,2,2927,2589,2025-10-15T16:41:12Z
athena-pallada,7ARvwDJ3,TRUE,blitz,White,white,1,2923,2,2925,2662,2025-10-15T16:35:48Z
athena-pallada,Dgwf3fF4,TRUE,blitz,Black,NA,0.5,2927,-4,2923,2658,2025-10-15T16:31:14Z
athena-pallada,1yTTUfWd,TRUE,blitz,White,NA,0.5,2930,-3,2927,2693,2025-10-15T16:14:33Z
athena-pallada,idnOVE6P,TRUE,blitz,Black,white,0,2940,-10,2930,2683,2025-10-15T16:08:20Z
athena-pallada,J9K3BClC,TRUE,blitz,White,white,1,2937,3,2940,2685,2025-10-15T16:03:06Z
athena-pallada,Eej6dlip,TRUE,blitz,Black,black,1,2935,2,2937,2688,2025-10-15T16:00:19Z
athena-pallada,BGv94zMz,TRUE,blitz,White,white,1,2932,3,2935,2762,2025-10-14T16:49:07Z
athena-pallada,ToEsxLMX,TRUE,blitz,Black,black,1,2929,3,2932,2766,2025-10-14T16:43:16Z
athena-pallada,is9m1YlY,TRUE,blitz,White,white,1,2925,4,2929,2777,2025-10-14T16:31:09Z
athena-pallada,8aQaTnHr,TRUE,blitz,Black,black,1,2922,3,2925,2780,2025-10-14T16:26:20Z
athena-pallada,4TFE3h4c,TRUE,blitz,White,white,1,2918,4,2922,2784,2025-10-14T16:21:52Z
FastKnightz,3UtpXXCO,TRUE,blitz,White,black,0,2365,-5,2360,2415,2025-10-15T16:41:32Z
FastKnightz,OxrXJPFB,TRUE,blitz,White,black,0,2373,-8,2365,2220,2025-10-15T12:14:20Z
FastKnightz,ZuS5GvPx,TRUE,blitz,Black,white,0,2381,-8,2373,2229,2025-10-15T12:08:08Z
FastKnightz,L7sAoNWi,TRUE,blitz,Black,black,1,2375,6,2381,2365,2025-10-15T12:02:03Z
FastKnightz,uEq1vX11,TRUE,bullet,White,white,1,2594,7,2601,2726,2025-10-15T00:18:37Z
FastKnightz,EBqPssJu,TRUE,bullet,Black,black,1,2589,5,2594,2513,2025-10-15T00:17:37Z
FastKnightz,eFknVvbr,TRUE,bullet,White,white,1,2584,5,2589,2518,2025-10-15T00:16:58Z
FastKnightz,WxN0aGxF,TRUE,bullet,Black,white,0,2591,-7,2584,2531,2025-10-15T00:14:31Z
FastKnightz,kJfBbzO6,TRUE,bullet,White,black,0,2598,-7,2591,2524,2025-10-15T00:12:12Z
FastKnightz,rEm2Mj5d,TRUE,bullet,Black,black,1,2593,5,2598,2529,2025-10-15T00:11:06Z
FastKnightz,TdJS27Ig,TRUE,bullet,White,black,0,2599,-6,2593,2583,2025-10-15T00:08:38Z
FastKnightz,PLGzLCXv,TRUE,bullet,Black,black,1,2595,4,2599,2490,2025-10-15T00:06:27Z
FastKnightz,qNli0BCQ,TRUE,bullet,White,black,0,2599,-4,2595,2673,2025-10-14T23:34:40Z
FastKnightz,fuiCpYAs,TRUE,bullet,Black,white,0,2604,-5,2599,2669,2025-10-14T23:33:31Z
FastKnightz,fxLnNeSr,TRUE,bullet,White,white,1,2599,5,2604,2542,2025-10-14T16:28:54Z
Tomberg_Dmitry,kB8wydK3,TRUE,rapid,White,white,1,2578,6,2584,2517,2025-10-09T22:28:21Z
Tomberg_Dmitry,Ox7HfoPJ,TRUE,rapid,White,white,1,2572,6,2578,2514,2025-10-09T22:14:11Z
Tomberg_Dmitry,8JXSpxOE,TRUE,rapid,Black,black,1,2568,4,2572,2380,2025-10-09T21:55:55Z
Tomberg_Dmitry,wBl2bQS9,TRUE,rapid,White,black,0,2574,-6,2568,2619,2025-10-09T21:33:09Z
Tomberg_Dmitry,IM14csJ2,TRUE,rapid,Black,black,1,2568,6,2574,2515,2025-10-09T21:30:51Z
Tomberg_Dmitry,34myypEC,TRUE,rapid,White,black,0,2577,-9,2568,2535,2025-10-09T21:14:10Z
Tomberg_Dmitry,0uAh5s42,TRUE,rapid,Black,white,0,2585,-8,2577,2604,2025-10-09T20:53:54Z
Tomberg_Dmitry,WZ36fZKL,TRUE,rapid,Black,NA,0.5,2590,-5,2585,2315,2025-10-09T20:37:00Z
Tomberg_Dmitry,0zlUZ65l,TRUE,rapid,White,white,1,2582,8,2590,2564,2025-10-09T20:07:29Z
Tomberg_Dmitry,miUV0Xqb,TRUE,rapid,White,white,1,2577,5,2582,2413,2025-10-08T20:46:03Z
Tomberg_Dmitry,R2IWfyKB,TRUE,rapid,Black,black,1,2572,5,2577,2383,2025-10-08T20:18:43Z
Tomberg_Dmitry,9I8jSdBi,TRUE,rapid,White,white,1,2567,5,2572,2397,2025-10-08T20:12:38Z
Tomberg_Dmitry,eCpbwoQN,TRUE,rapid,Black,black,1,2561,6,2567,2431,2025-10-08T19:58:45Z
Tomberg_Dmitry,O4EkLEod,TRUE,rapid,Black,black,1,2556,5,2561,2341,2025-10-08T19:35:57Z
Tomberg_Dmitry,4FQ3xwva,TRUE,rapid,Black,white,0,2571,-15,2556,2384,2025-10-08T19:21:38Z
NorrisEthan2006,1fJkeTAU,TRUE,bullet,Black,white,0,2818,-13,2805,2727,2025-09-20T21:06:26Z
NorrisEthan2006,mhmZGbPS,TRUE,bullet,White,black,0,2825,-7,2818,2856,2025-09-08T13:17:39Z
NorrisEthan2006,wlSCacl3,TRUE,bullet,Black,black,1,2818,7,2825,2772,2025-09-08T13:14:56Z
NorrisEthan2006,eRyVCGQt,TRUE,bullet,Black,black,1,2809,9,2818,2774,2025-09-08T13:12:23Z
NorrisEthan2006,JFQdZ6Gm,TRUE,bullet,Black,NA,0.5,2812,-3,2809,2729,2025-09-08T13:11:01Z
NorrisEthan2006,WA3ZNnMY,TRUE,bullet,Black,black,1,2810,2,2812,2415,2025-09-08T13:10:19Z
NorrisEthan2006,S3DI9V5g,TRUE,bullet,Black,black,1,2802,8,2810,2714,2025-09-07T18:55:09Z
NorrisEthan2006,g9XtdCDR,TRUE,bullet,White,white,1,2799,3,2802,2501,2025-09-07T18:46:34Z
NorrisEthan2006,snjXS4B8,TRUE,bullet,Black,white,0,2807,-8,2799,2869,2025-08-29T21:31:05Z
NorrisEthan2006,kkpcQvC8,TRUE,bullet,White,white,1,2802,5,2807,2627,2025-08-29T21:29:52Z
NorrisEthan2006,nI9VzKgs,TRUE,bullet,Black,white,0,2811,-9,2802,2795,2025-08-29T21:27:32Z
NorrisEthan2006,c56UnOc7,TRUE,bullet,Black,white,0,2818,-7,2811,2905,2025-08-29T21:26:36Z
NorrisEthan2006,AgPuo4QL,TRUE,bullet,White,black,0,2826,-8,2818,2901,2025-08-29T21:24:44Z
NorrisEthan2006,RrPN18PJ,TRUE,bullet,White,white,1,2821,5,2826,2625,2025-08-29T21:23:35Z
NorrisEthan2006,yYEsaXDf,TRUE,bullet,Black,NA,0.5,2820,1,2821,2861,2025-08-29T21:21:06Z
katimal,cHz6xNxG,TRUE,blitz,White,white,1,2261,6,2267,2328,2025-10-15T15:16:39Z
katimal,Po20XiTd,TRUE,blitz,White,black,0,2266,-5,2261,2272,2025-10-15T14:12:25Z
katimal,XkhIN87J,TRUE,blitz,White,white,1,2263,3,2266,2083,2025-10-15T12:27:40Z
katimal,9CRSnPod,TRUE,blitz,White,white,1,2263,0,2263,1569,2025-10-15T12:27:11Z
katimal,wlUrVjos,TRUE,blitz,Black,white,0,2268,-5,2263,2324,2025-10-15T12:21:27Z
katimal,bUf2xWWW,TRUE,blitz,Black,white,0,2273,-5,2268,2278,2025-10-15T11:21:28Z
katimal,0jlkqD52,TRUE,blitz,White,white,1,2267,6,2273,2284,2025-10-15T11:09:40Z
katimal,0kU9vJIg,TRUE,blitz,White,black,0,2274,-7,2267,2216,2025-10-15T09:59:15Z
katimal,V6lcQhAH,TRUE,blitz,White,black,0,2279,-5,2274,2312,2025-10-14T15:40:53Z
katimal,YQd625FA,TRUE,blitz,Black,black,1,2273,6,2279,2309,2025-10-14T15:22:04Z
katimal,gY2TRVR4,TRUE,blitz,Black,white,0,2277,-4,2273,2351,2025-10-14T15:14:51Z
katimal,M5cXTNJy,TRUE,blitz,White,black,0,2282,-5,2277,2345,2025-10-14T14:03:18Z
katimal,PGXEd2jJ,TRUE,blitz,Black,white,0,2287,-5,2282,2340,2025-10-14T14:02:14Z
katimal,IZdSoL4l,TRUE,blitz,Black,white,0,2292,-5,2287,2314,2025-10-13T17:53:54Z
katimal,PTuldDuj,TRUE,blitz,White,black,0,2298,-6,2292,2309,2025-10-13T17:47:51Z
Chess_switch,0tb7SSQO,TRUE,bullet,White,black,0,2462,-10,2452,2291,2025-10-15T21:48:39Z
Chess_switch,tDFWouux,TRUE,bullet,Black,black,1,2456,6,2462,2428,2025-10-10T20:15:03Z
Chess_switch,V8s8d4bm,TRUE,bullet,White,white,1,2451,5,2456,2420,2025-10-10T20:12:45Z
Chess_switch,6jBESl9f,TRUE,bullet,White,white,1,2445,6,2451,2451,2025-10-07T19:05:47Z
Chess_switch,teNQkrBz,TRUE,bullet,White,black,0,2452,-7,2445,2338,2025-10-07T15:22:58Z
Chess_switch,okJRlg0V,TRUE,bullet,White,white,1,2447,5,2452,2387,2025-10-07T14:28:59Z
Chess_switch,K602vwTl,TRUE,bullet,Black,black,1,2442,5,2447,2406,2025-10-07T14:27:25Z
Chess_switch,r9ERQyS2,TRUE,bullet,White,black,0,2449,-7,2442,2365,2025-10-07T14:23:41Z
Chess_switch,i8Gvm7Vb,TRUE,bullet,Black,white,0,2454,-5,2449,2548,2025-10-07T13:55:14Z
Chess_switch,Akl3gju2,TRUE,bullet,White,white,1,2448,6,2454,2405,2025-10-06T22:38:09Z
Chess_switch,kTE5WbVT,TRUE,bullet,Black,white,0,2453,-5,2448,2514,2025-10-06T22:27:25Z
Chess_switch,jZmzofxW,TRUE,bullet,White,black,0,2458,-5,2453,2539,2025-10-06T22:24:44Z
Chess_switch,GTdPO8Sd,TRUE,bullet,White,white,1,2454,4,2458,2339,2025-10-06T22:09:27Z
Chess_switch,LtL9BRkJ,TRUE,bullet,Black,white,0,2460,-6,2454,2396,2025-10-06T22:02:33Z
Chess_switch,xoKDzxWH,TRUE,bullet,White,black,0,2466,-6,2460,2446,2025-10-06T21:52:10Z
MG-MasterOv,zjNWvEwI,TRUE,bullet,Black,black,1,2353,5,2358,2335,2025-10-15T18:31:26Z
MG-MasterOv,MWIr1pCq,TRUE,bullet,Black,black,1,2349,4,2353,2187,2025-10-15T18:28:47Z
MG-MasterOv,7t5ZbLEg,TRUE,bullet,White,NA,0.5,2350,-1,2349,2339,2025-10-15T18:27:21Z
MG-MasterOv,i1MOIqiR,TRUE,bullet,Black,white,0,2355,-5,2350,2374,2025-10-15T18:26:32Z
MG-MasterOv,S1Q2qQok,TRUE,bullet,White,white,1,2350,5,2355,2313,2025-10-15T18:24:56Z
MG-MasterOv,UxMMFyOh,TRUE,bullet,Black,black,1,2344,6,2350,2318,2025-10-15T18:23:35Z
MG-MasterOv,JXIiMjja,TRUE,bullet,White,black,0,2351,-7,2344,2272,2025-10-15T18:21:41Z
MG-MasterOv,BOD6fLUV,TRUE,bullet,Black,white,0,2359,-8,2351,2265,2025-10-15T18:20:01Z
MG-MasterOv,m5GGdotv,TRUE,bullet,White,white,1,2353,6,2359,2323,2025-10-15T18:16:51Z
MG-MasterOv,cARoSUJv,TRUE,bullet,Black,black,1,2351,2,2353,2075,2025-10-15T18:15:48Z
MG-MasterOv,PvJSIRUr,TRUE,bullet,White,white,1,2345,6,2351,2335,2025-10-15T18:14:35Z
MG-MasterOv,DcfwOSbZ,TRUE,bullet,Black,black,1,2339,6,2345,2341,2025-10-15T18:13:04Z
MG-MasterOv,DHv04tbC,TRUE,bullet,White,white,1,2333,6,2339,2322,2025-10-15T18:10:29Z
MG-MasterOv,MfQ8LYo5,TRUE,bullet,Black,white,0,2340,-7,2333,2315,2025-10-15T18:09:13Z
MG-MasterOv,sOUvIciL,TRUE,bullet,White,white,1,2333,7,2340,2421,2025-10-11T04:52:51Z
fischkook,Ci9oL9Gm,TRUE,bullet,White,white,1,1997,5,2002,1925,2025-10-14T23:07:52Z
fischkook,4Pxq8qKt,TRUE,bullet,Black,black,1,1992,5,1997,1889,2025-10-14T23:02:49Z
fischkook,gH65ct9B,TRUE,rapid,White,white,1,2292,7,2299,2207,2025-10-14T22:41:05Z
fischkook,FkcrPq5v,TRUE,bullet,White,white,1,1985,7,1992,1998,2025-10-14T22:20:02Z
fischkook,R9KTC2IJ,TRUE,blitz,Black,black,1,2065,10,2075,2113,2025-10-14T22:15:49Z
fischkook,YzygzoIh,TRUE,bullet,White,white,1,1975,10,1985,2117,2025-10-14T22:10:18Z
fischkook,Wyfdix5n,TRUE,bullet,Black,black,1,1968,7,1975,1981,2025-10-14T22:05:38Z
fischkook,6bB6VZby,TRUE,rapid,White,black,0,2301,-9,2292,2299,2025-10-12T21:41:26Z
fischkook,dvI2UVwd,TRUE,classical,Black,white,0,2431,-20,2411,2336,2025-10-12T20:35:34Z
fischkook,EQ52dnMO,TRUE,classical,Black,black,1,2428,3,2431,2049,2025-10-12T19:32:24Z
fischkook,lc0Ejgzy,TRUE,bullet,Black,black,1,1959,9,1968,2057,2025-10-12T19:27:04Z
fischkook,63hxytgE,TRUE,rapid,White,NA,0.5,2300,1,2301,2326,2025-10-10T13:59:27Z
fischkook,UpYzHaVh,TRUE,blitz,White,white,1,2060,5,2065,1967,2025-10-06T23:32:34Z
fischkook,Qrnw3rqS,TRUE,blitz,Black,black,1,2054,6,2060,1971,2025-10-06T23:30:56Z
fischkook,z2INUj6e,TRUE,blitz,White,white,1,2048,6,2054,1976,2025-10-06T23:27:02Z
BlindJagulep,wjQRnUEn,TRUE,blitz,Black,white,0,2257,-7,2250,2233,2025-10-15T22:06:21Z
BlindJagulep,HzrN2pmX,TRUE,classical,White,white,1,2323,0,2323,1686,2025-10-11T01:55:09Z
BlindJagulep,5AYeXC2r,TRUE,classical,Black,black,1,2316,7,2323,2147,2025-10-11T01:04:14Z
BlindJagulep,DVftC83N,TRUE,blitz,White,NA,0.5,2259,-2,2257,2108,2025-10-09T02:44:37Z
BlindJagulep,aB83u3FQ,TRUE,blitz,Black,black,1,2256,3,2259,2094,2025-10-09T02:35:48Z
BlindJagulep,hr5GXLDS,TRUE,blitz,White,white,1,2250,6,2256,2199,2025-10-09T02:15:26Z
BlindJagulep,Cuv5Nw9L,TRUE,blitz,Black,black,1,2243,7,2250,2288,2025-10-07T10:41:36Z
BlindJagulep,bPtoIfcT,TRUE,blitz,Black,black,1,2238,5,2243,2143,2025-10-07T02:13:06Z
BlindJagulep,a4OidZTN,TRUE,classical,White,white,1,2315,1,2316,1538,2025-10-03T22:34:26Z
BlindJagulep,JTCFJJJS,TRUE,classical,Black,black,1,2312,3,2315,1994,2025-10-03T21:30:44Z
BlindJagulep,ATrma8Wz,TRUE,bullet,White,white,1,2225,7,2232,2155,2025-09-29T23:11:42Z
BlindJagulep,z2CvFOIR,TRUE,blitz,Black,NA,0.5,2236,2,2238,2405,2025-09-26T22:56:35Z
BlindJagulep,j3PQN9NV,TRUE,classical,White,white,1,2311,1,2312,1687,2025-09-26T21:23:14Z
BlindJagulep,Cli0csHF,TRUE,blitz,Black,black,1,2234,2,2236,1889,2025-09-25T06:12:35Z
BlindJagulep,JfQSHqNT,TRUE,blitz,White,black,0,2236,-2,2234,2586,2025-09-25T06:02:46Z
z12345zzz,oE2yHlaA,TRUE,blitz,Black,black,1,1837,3,1840,1092,2023-03-28T09:50:05Z
z12345zzz,DYkojB7l,TRUE,blitz,White,white,1,1834,3,1837,1097,2023-03-02T10:45:11Z
z12345zzz,KVc0tpDs,TRUE,blitz,Black,black,1,1813,21,1834,1500,2023-02-26T12:47:56Z
z12345zzz,CmBtWKqf,TRUE,blitz,White,white,1,1792,21,1813,1682,2022-04-27T11:00:37Z
z12345zzz,HjxwjGHA,TRUE,blitz,Black,white,0,1829,-37,1792,1788,2022-04-26T16:34:35Z
z12345zzz,Xz1Q9Pnh,TRUE,blitz,White,white,1,1826,3,1829,1356,2021-12-30T15:42:56Z
z12345zzz,2BytLISr,TRUE,blitz,White,white,1,1824,2,1826,1360,2021-12-16T14:54:40Z
z12345zzz,UHdeIYgH,TRUE,blitz,White,white,1,1821,3,1824,1361,2021-12-14T12:57:10Z
z12345zzz,aniYzC2U,TRUE,blitz,Black,black,1,1818,3,1821,1362,2021-12-14T12:47:52Z
z12345zzz,tdzFEIXM,TRUE,blitz,White,white,1,1816,2,1818,1356,2021-12-02T13:40:31Z
z12345zzz,iVSTUrsK,TRUE,blitz,Black,black,1,1814,2,1816,1357,2021-12-02T13:39:30Z
z12345zzz,gWd9yBvV,TRUE,blitz,White,white,1,1813,1,1814,1290,2021-10-10T12:17:33Z
z12345zzz,LCqcNpei,TRUE,blitz,White,white,1,1812,1,1813,1296,2021-10-05T12:44:33Z
z12345zzz,ISsoQR48,TRUE,blitz,Black,black,1,1810,2,1812,1297,2021-10-05T12:34:41Z
z12345zzz,6zkynyRz,TRUE,blitz,White,white,1,1809,1,1810,1303,2021-10-04T09:08:20Z
Eduiturri,Lp63vkjF,TRUE,bullet,Black,black,1,3074,5,3079,2883,2025-10-12T20:27:21Z
Eduiturri,4hAvIagA,TRUE,bullet,White,black,0,3089,-15,3074,2919,2025-10-08T12:46:35Z
Eduiturri,W0oG2zl8,TRUE,bullet,Black,NA,0.5,3093,-4,3089,2917,2025-10-08T12:44:51Z
Eduiturri,Px0Ry3mm,TRUE,bullet,White,white,1,3087,6,3093,2920,2025-10-08T12:43:58Z
Eduiturri,kxVoCyrJ,TRUE,bullet,Black,black,1,3081,6,3087,2923,2025-10-08T12:43:05Z
Eduiturri,1gtFUjad,TRUE,bullet,White,white,1,3074,7,3081,2926,2025-10-08T12:42:14Z
Eduiturri,EC3F5C0q,TRUE,bullet,Black,black,1,3061,13,3074,3104,2025-10-08T12:07:00Z
Eduiturri,F4fgv3zR,TRUE,bullet,White,white,1,3054,7,3061,2960,2025-08-22T11:33:57Z
Eduiturri,kR2AS7pD,TRUE,bullet,Black,white,0,3069,-15,3054,2831,2025-08-18T19:04:38Z
Eduiturri,EuMPPtao,TRUE,bullet,White,black,0,3079,-10,3069,3005,2025-08-17T16:22:06Z
Eduiturri,72qv4aWD,TRUE,bullet,Black,black,1,3072,7,3079,3010,2025-08-17T16:21:19Z
Eduiturri,H2GDhh4S,TRUE,bullet,White,black,0,3083,-11,3072,3003,2025-08-17T16:19:19Z
Eduiturri,jzUa0Jc9,TRUE,bullet,Black,black,1,3074,9,3083,3066,2025-08-17T16:15:44Z
Eduiturri,g0dLOyUb,TRUE,bullet,White,NA,0.5,3073,1,3074,3095,2025-08-17T16:13:10Z
Eduiturri,3sTlhOTc,TRUE,bullet,Black,white,0,3089,-16,3073,2803,2025-08-05T13:35:36Z
Mark97,LfaOvKCX,TRUE,rapid,White,white,1,1758,2,1760,1198,2020-01-27T14:56:10Z
Mark97,2dO988SS,TRUE,blitz,Black,black,1,1648,14,1662,1567,2019-09-24T14:04:08Z
Mark97,vMWnc6IB,TRUE,bullet,Black,black,1,1539,9,1548,1410,2019-08-25T14:46:16Z
Mark97,eslmtWgB,TRUE,bullet,Black,black,1,1523,16,1539,1547,2019-08-15T07:58:28Z
Mark97,EdfgEJH7,TRUE,blitz,Black,black,1,1644,4,1648,1380,2019-07-25T15:20:44Z
Mark97,uTXNh8GE,TRUE,rapid,Black,black,1,1749,9,1758,1672,2019-06-30T07:15:33Z
Mark97,2Ju8PBfr,TRUE,blitz,Black,black,1,1632,12,1644,1620,2019-06-28T15:50:28Z
Mark97,uABxyOLO,TRUE,bullet,Black,black,1,1508,15,1523,1622,2019-06-27T16:00:57Z
Mark97,vYKZPR1e,TRUE,rapid,Black,white,0,1762,-13,1749,1694,2019-06-17T06:11:32Z
Mark97,ToOENOFB,TRUE,blitz,Black,black,1,1625,7,1632,1473,2019-06-04T07:18:01Z
Mark97,K58VR0TE,TRUE,bullet,White,white,1,1506,2,1508,1017,2019-05-26T18:38:13Z
Mark97,kPxoAAzD,TRUE,blitz,Black,black,1,1624,1,1625,1026,2019-05-26T17:35:48Z
Mark97,Je5nneTd,TRUE,blitz,White,white,1,1624,0,1624,1027,2019-05-26T17:28:27Z
Mark97,bAhqsed2,TRUE,blitz,Black,black,1,1611,13,1624,1644,2019-05-26T11:26:15Z
Mark97,kbaUGUNa,TRUE,bullet,Black,white,0,1520,-14,1506,1453,2019-05-06T14:53:36Z
arturchix,IlzXwguT,TRUE,blitz,White,white,1,2826,2,2828,2574,2025-10-13T14:23:41Z
arturchix,ErMELdbC,TRUE,blitz,Black,black,1,2823,3,2826,2577,2025-10-13T14:17:43Z
arturchix,252kbTda,TRUE,blitz,Black,white,0,2828,-5,2823,2894,2025-10-13T14:12:56Z
arturchix,Rt42xJXe,TRUE,blitz,White,black,0,2833,-5,2828,2889,2025-10-13T14:07:02Z
arturchix,6PSFedN2,TRUE,blitz,Black,white,0,2842,-9,2833,2648,2025-10-07T15:20:38Z
arturchix,tMp8Yv6r,TRUE,blitz,White,white,1,2839,3,2842,2651,2025-10-07T15:15:04Z
arturchix,sERioBHz,TRUE,blitz,Black,black,1,2836,3,2839,2654,2025-10-07T15:08:52Z
arturchix,mmATDbFK,TRUE,blitz,White,white,1,2833,3,2836,2657,2025-10-07T15:04:45Z
arturchix,LtORVQ3z,TRUE,blitz,Black,black,1,2830,3,2833,2660,2025-10-07T14:59:33Z
arturchix,yK8NRrZS,TRUE,blitz,White,white,1,2826,4,2830,2663,2025-10-07T14:53:45Z
arturchix,1rkY0jcq,TRUE,blitz,Black,black,1,2823,3,2826,2666,2025-10-07T14:47:52Z
arturchix,FbBREb8b,TRUE,blitz,White,white,1,2820,3,2823,2648,2025-10-07T14:43:51Z
arturchix,YiY6zVtF,TRUE,blitz,Black,NA,0.5,2819,1,2820,2894,2025-10-07T08:22:43Z
arturchix,jh9SOGnX,TRUE,blitz,White,white,1,2815,4,2819,2649,2025-10-07T08:18:10Z
arturchix,ONb4xN1s,TRUE,blitz,Black,black,1,2813,2,2815,2622,2025-10-07T08:12:09Z
Kleerkast,ARhrqRNe,TRUE,bullet,White,black,0,2533,-7,2526,2460,2025-10-15T07:51:38Z
Kleerkast,zdM9zjLg,TRUE,blitz,White,black,0,2413,-9,2404,2227,2025-10-12T18:04:33Z
Kleerkast,9RmV70ch,TRUE,blitz,Black,black,1,2410,3,2413,2212,2025-10-12T18:03:21Z
Kleerkast,d0nsqdCX,TRUE,bullet,Black,black,1,2528,5,2533,2496,2025-10-12T15:04:43Z
Kleerkast,uPieOGb6,TRUE,bullet,White,white,1,2524,4,2528,2425,2025-10-12T06:14:47Z
Kleerkast,JerYOF2V,TRUE,bullet,White,black,0,2530,-6,2524,2524,2025-10-11T15:25:18Z
Kleerkast,H17kVlYv,TRUE,bullet,Black,white,0,2537,-7,2530,2437,2025-10-11T12:44:24Z
Kleerkast,GZ76rYuo,TRUE,bullet,White,white,1,2532,5,2537,2480,2025-10-11T12:41:21Z
Kleerkast,c9yJiU6w,TRUE,bullet,Black,white,0,2539,-7,2532,2434,2025-10-11T12:21:38Z
Kleerkast,rn8gbiKT,TRUE,bullet,Black,white,0,2545,-6,2539,2521,2025-10-11T12:08:42Z
Kleerkast,lLApthhI,TRUE,bullet,White,black,0,2552,-7,2545,2494,2025-10-11T12:05:01Z
Kleerkast,17Y2IQKX,TRUE,bullet,White,NA,0.5,2553,-1,2552,2519,2025-10-11T10:04:20Z
Kleerkast,G8ngMdhb,TRUE,bullet,Black,white,0,2561,-8,2553,2401,2025-10-11T09:58:23Z
Kleerkast,61dR2qhp,TRUE,bullet,White,white,1,2555,6,2561,2539,2025-10-11T09:50:58Z
Kleerkast,Tr8z5saI,TRUE,bullet,Black,white,0,2559,-4,2555,2672,2025-10-11T09:02:39Z
DanielRimner,l9vfOHFZ,TRUE,bullet,White,black,0,1488,-11,1477,1527,2025-09-29T10:06:49Z
DanielRimner,RJtIxm9w,TRUE,bullet,Black,white,0,1500,-12,1488,1526,2025-09-29T10:05:23Z
DanielRimner,ay3RXNxZ,TRUE,bullet,Black,NA,0.5,1503,-3,1500,1428,2025-09-25T14:04:21Z
DanielRimner,aA2V9THQ,TRUE,bullet,White,black,0,1511,-8,1503,1588,2025-09-01T10:51:31Z
DanielRimner,q1azCNqM,TRUE,bullet,White,black,0,1518,-7,1511,1603,2025-09-01T10:47:58Z
DanielRimner,6vSLBpkl,TRUE,bullet,Black,black,1,1507,11,1518,1527,2025-09-01T10:43:46Z
DanielRimner,dMwK2krm,TRUE,bullet,Black,black,1,1503,4,1507,1252,2025-08-31T16:29:43Z
DanielRimner,nFLYGlTW,TRUE,bullet,White,black,0,1515,-12,1503,1447,2025-08-26T16:50:37Z
DanielRimner,j4nTEFHe,TRUE,bullet,Black,white,0,1524,-9,1515,1575,2025-08-26T16:46:47Z
DanielRimner,GKWPxx9p,TRUE,bullet,White,white,1,1515,9,1524,1437,2025-08-26T16:46:06Z
DanielRimner,thSQuk5e,TRUE,bullet,White,white,1,1506,9,1515,1477,2025-08-23T13:09:16Z
DanielRimner,eWuTBsQ4,TRUE,bullet,White,white,1,1494,12,1506,1521,2025-08-23T13:06:18Z
DanielRimner,jMBPdrX2,TRUE,bullet,White,black,0,1501,-7,1494,1648,2025-08-23T12:58:55Z
DanielRimner,8WFhUaJ4,TRUE,bullet,Black,black,1,1495,6,1501,1285,2025-08-23T12:52:48Z
DanielRimner,UuN3QQ6M,TRUE,bullet,White,white,1,1486,9,1495,1433,2025-08-17T13:44:13Z
Chess_for_some,F0bDYvFh,TRUE,rapid,Black,white,0,2217,-18,2199,1123,2025-10-15T20:38:08Z
Chess_for_some,iKzNIwAe,TRUE,rapid,White,white,1,2216,1,2217,1509,2025-10-15T20:22:59Z
Chess_for_some,QyMeZfhm,TRUE,rapid,White,white,1,2212,4,2216,1988,2025-10-15T17:40:55Z
Chess_for_some,xhNnSzZg,TRUE,rapid,Black,white,0,2229,-17,2212,1796,2025-10-12T20:12:53Z
Chess_for_some,2WuqhlCb,TRUE,rapid,White,white,1,2226,3,2229,1977,2025-10-12T19:51:03Z
Chess_for_some,cwbQAVQd,TRUE,rapid,Black,black,1,2225,1,2226,1481,2025-10-12T19:41:57Z
Chess_for_some,5q5fYgnV,TRUE,rapid,White,white,1,2219,6,2225,2097,2025-10-12T19:20:57Z
Chess_for_some,OaiuKgGV,TRUE,rapid,White,white,1,2218,1,2219,1348,2025-10-12T17:22:15Z
Chess_for_some,JShu7nl4,TRUE,rapid,Black,black,1,2218,0,2218,1485,2025-10-12T01:33:05Z
Chess_for_some,7CcUexGE,TRUE,rapid,Black,black,1,2217,1,2218,1727,2025-10-12T00:13:44Z
Chess_for_some,3aFxcK40,TRUE,classical,Black,black,1,2298,1,2299,1469,2025-10-10T19:01:19Z
Chess_for_some,IEHoaSYn,TRUE,classical,Black,black,1,2298,0,2298,1356,2025-10-10T18:50:47Z
Chess_for_some,zU2yrLTi,TRUE,classical,White,white,1,2297,1,2298,1768,2025-10-10T17:18:33Z
Chess_for_some,SyqnXyH0,TRUE,classical,Black,black,1,2284,13,2297,2308,2025-10-10T16:00:01Z
Chess_for_some,BgZyy6HU,TRUE,rapid,Black,black,1,2214,3,2217,1896,2025-10-08T21:07:46Z
paHorde,2JoDhmH1,TRUE,bullet,White,white,1,2102,5,2107,2080,2025-10-16T04:42:24Z
paHorde,yrTFiRjR,TRUE,bullet,Black,black,1,2097,5,2102,2075,2025-10-16T04:22:52Z
paHorde,sUMx3VIV,TRUE,bullet,White,white,1,2091,6,2097,2080,2025-10-16T04:20:47Z
paHorde,0LdyoFug,TRUE,bullet,Black,black,1,2085,6,2091,2114,2025-10-16T04:18:06Z
paHorde,tvDbYxPg,TRUE,bullet,White,black,0,2092,-7,2085,2022,2025-10-16T04:16:30Z
paHorde,BMJFy3Mw,TRUE,bullet,Black,black,1,2086,6,2092,2052,2025-10-16T04:14:18Z
paHorde,1psABa3h,TRUE,bullet,White,white,1,2080,6,2086,2117,2025-10-16T04:11:58Z
paHorde,ymvNbdth,TRUE,bullet,White,black,0,2086,-6,2080,2033,2025-10-16T04:09:30Z
paHorde,XNOY6Ywg,TRUE,bullet,Black,black,1,2080,6,2086,2133,2025-10-16T04:07:13Z
paHorde,jrn9p36P,TRUE,bullet,Black,black,1,2075,5,2080,2035,2025-10-16T04:04:37Z
paHorde,geYdnwl5,TRUE,bullet,White,white,1,2069,6,2075,2080,2025-10-16T04:03:51Z
paHorde,3k307aWI,TRUE,bullet,Black,white,0,2075,-6,2069,2065,2025-10-16T03:48:56Z
paHorde,pZpp51UR,TRUE,bullet,Black,white,0,2079,-4,2075,2135,2025-10-16T03:19:34Z
paHorde,9lJTDG4d,TRUE,bullet,Black,black,1,2074,5,2079,2055,2025-10-16T02:58:28Z
paHorde,EVHD7rr2,TRUE,bullet,Black,white,0,2080,-6,2074,2074,2025-10-16T02:58:13Z
august10song,7rFIe9yK,TRUE,rapid,Black,black,1,2614,7,2621,2506,2025-10-15T10:55:50Z
august10song,sYK2Vp0m,TRUE,rapid,Black,black,1,2610,4,2614,2397,2025-10-15T10:37:54Z
august10song,axFWFT0v,TRUE,rapid,Black,NA,0.5,2615,-5,2610,2405,2025-10-14T17:29:15Z
august10song,AOr884Dg,TRUE,rapid,White,white,1,2609,6,2615,2440,2025-10-14T13:20:58Z
august10song,sUGDtm2p,TRUE,rapid,Black,black,1,2603,6,2609,2443,2025-10-14T13:11:47Z
august10song,5KusqY3Q,TRUE,rapid,White,NA,0.5,2603,0,2603,2620,2025-10-14T13:02:03Z
august10song,xPVtmdRD,TRUE,rapid,White,white,1,2597,6,2603,2441,2025-10-14T11:47:50Z
august10song,YMLw5dDw,TRUE,rapid,Black,white,0,2610,-13,2597,2513,2025-10-14T11:36:14Z
august10song,809rJQkc,TRUE,rapid,White,white,1,2603,7,2610,2469,2025-10-14T11:24:04Z
august10song,d6EPWuGq,TRUE,rapid,Black,white,0,2620,-17,2603,2437,2025-10-14T10:37:57Z
august10song,cDlwJrVK,TRUE,rapid,Black,black,1,2607,13,2620,2655,2025-10-13T14:48:29Z
august10song,c23D6YHK,TRUE,rapid,White,white,1,2600,7,2607,2443,2025-10-13T14:29:56Z
august10song,tnPHjv4u,TRUE,rapid,White,white,1,2593,7,2600,2411,2025-10-13T13:03:48Z
august10song,1ZOhIikE,TRUE,rapid,Black,black,1,2584,9,2593,2461,2025-10-13T12:52:40Z
august10song,lAkgQtoN,TRUE,rapid,White,white,1,2575,9,2584,2472,2025-10-13T12:45:39Z
Lord_of_the_River,8Jx2qxPQ,TRUE,bullet,Black,white,0,2399,-7,2392,2354,2025-10-14T16:08:09Z
Lord_of_the_River,vCeWgouG,TRUE,bullet,White,white,1,2392,7,2399,2412,2025-10-14T16:02:16Z
Lord_of_the_River,fjBoh7It,TRUE,bullet,White,white,1,2384,8,2392,2487,2025-10-14T16:00:22Z
Lord_of_the_River,6Kyl9c4F,TRUE,bullet,Black,white,0,2388,-4,2384,2551,2025-10-11T06:13:03Z
Lord_of_the_River,x00hblyw,TRUE,rapid,White,black,0,2336,-30,2306,2379,2025-10-11T05:56:09Z
Lord_of_the_River,G5fW0o5A,TRUE,bullet,Black,white,0,2392,-4,2388,2451,2025-10-11T05:52:01Z
Lord_of_the_River,DmuAH4Iz,TRUE,bullet,White,white,1,2386,6,2392,2406,2025-10-10T15:00:23Z
Lord_of_the_River,RziEO90w,TRUE,bullet,Black,white,0,2392,-6,2386,2413,2025-10-10T14:56:20Z
Lord_of_the_River,Fq7S5PBY,TRUE,bullet,Black,white,0,2399,-7,2392,2312,2025-10-10T14:53:53Z
Lord_of_the_River,wrOjiyMD,TRUE,bullet,White,black,0,2404,-5,2399,2428,2025-10-10T14:51:30Z
Lord_of_the_River,exb5YAGX,TRUE,bullet,Black,black,1,2400,4,2404,2317,2025-10-10T14:49:06Z
Lord_of_the_River,SpjKlHnh,TRUE,bullet,White,black,0,2405,-5,2400,2397,2025-10-10T14:47:51Z
Lord_of_the_River,09l3P3SL,TRUE,bullet,Black,white,0,2411,-6,2405,2416,2025-10-10T14:45:16Z
Lord_of_the_River,HLpIXCTu,TRUE,bullet,White,white,1,2406,5,2411,2337,2025-10-10T14:35:10Z
Lord_of_the_River,gq0JYX9s,TRUE,bullet,White,white,1,2401,5,2406,2359,2025-10-10T14:33:24Z
JL202074,HflXYU5t,TRUE,rapid,White,NA,0.5,2547,9,2556,2773,2025-10-12T18:41:13Z
JL202074,Dd5AyMgK,TRUE,bullet,White,white,1,2983,22,3005,2904,2025-10-10T00:32:41Z
JL202074,n5Go46jw,TRUE,bullet,White,white,1,2958,25,2983,2903,2025-10-10T00:10:44Z
JL202074,G6huoB3z,TRUE,rapid,White,white,1,2533,14,2547,2486,2025-09-23T20:18:24Z
JL202074,12SsQsB4,TRUE,rapid,White,black,0,2552,-19,2533,2492,2025-09-23T20:12:46Z
JL202074,36EfRM9N,TRUE,rapid,Black,white,0,2573,-21,2552,2478,2025-09-23T20:04:08Z
JL202074,UXdz7iEr,TRUE,rapid,White,NA,0.5,2577,-4,2573,2476,2025-09-23T19:49:42Z
JL202074,gJAiIEMF,TRUE,rapid,Black,black,1,2563,14,2577,2481,2025-09-23T19:39:57Z
JL202074,4k4z2mGW,TRUE,rapid,White,white,1,2553,10,2563,2370,2025-09-21T22:28:58Z
JL202074,dvghH2Ai,TRUE,rapid,Black,black,1,2541,12,2553,2399,2025-09-21T22:10:48Z
JL202074,kV66uzeZ,TRUE,rapid,White,white,1,2521,20,2541,2499,2025-09-20T21:44:25Z
JL202074,6EorWvb5,TRUE,rapid,White,black,0,2548,-27,2521,2470,2025-09-20T21:27:05Z
JL202074,RW8NWntS,TRUE,rapid,White,black,0,2571,-23,2548,2572,2025-09-20T21:06:31Z
JL202074,d17bVOSZ,TRUE,rapid,Black,black,1,2558,13,2571,2370,2025-09-14T16:13:15Z
JL202074,iDIyTmF1,TRUE,rapid,Black,black,1,2530,28,2558,2571,2025-09-07T18:00:33Z
sriramprasad,rfcxCBaw,TRUE,bullet,Black,black,1,2031,6,2037,2047,2025-10-15T11:57:40Z
sriramprasad,n0eQppRV,TRUE,bullet,White,white,1,2026,5,2031,1978,2025-10-15T01:46:37Z
sriramprasad,zlA4qWeE,TRUE,bullet,Black,black,1,2020,6,2026,2003,2025-10-15T01:38:02Z
sriramprasad,7SySYu7e,TRUE,bullet,White,black,0,2024,-4,2020,2191,2025-10-14T15:15:48Z
sriramprasad,dc7eTVrP,TRUE,bullet,Black,white,0,2028,-4,2024,2119,2025-10-13T09:06:10Z
sriramprasad,rOClofPi,TRUE,bullet,White,white,1,2021,7,2028,2101,2025-10-10T14:28:57Z
sriramprasad,eXWZBCZn,TRUE,bullet,Black,white,0,2026,-5,2021,2096,2025-10-10T14:24:23Z
sriramprasad,jyDGESXD,TRUE,blitz,White,black,0,1875,-4,1871,2043,2025-10-09T18:49:30Z
sriramprasad,DbRlCkql,TRUE,blitz,Black,white,0,1881,-6,1875,1955,2025-10-09T18:42:35Z
sriramprasad,YitMvXXy,TRUE,blitz,White,white,1,1881,0,1881,872,2025-10-09T18:38:54Z
sriramprasad,3CLne1uB,TRUE,blitz,White,black,0,1882,-1,1881,2473,2025-10-09T18:34:47Z
sriramprasad,rucAfqsa,TRUE,blitz,Black,black,1,1877,5,1882,1708,2025-10-09T18:34:20Z
sriramprasad,J02VEb9c,TRUE,bullet,White,black,0,2030,-4,2026,2125,2025-10-09T11:51:10Z
sriramprasad,glMEXuh0,TRUE,bullet,Black,NA,0.5,2028,2,2030,2115,2025-10-09T09:31:39Z
sriramprasad,ib9XSe2H,TRUE,bullet,Black,black,1,2022,6,2028,2078,2025-10-09T05:38:29Z
Parakon1,XbxOaz98,TRUE,blitz,White,white,1,2780,6,2786,2609,2025-10-12T20:10:52Z
Parakon1,abhpPEUZ,TRUE,blitz,Black,white,0,2795,-15,2780,2689,2025-10-09T18:55:59Z
Parakon1,Isjup6wN,TRUE,blitz,White,NA,0.5,2799,-4,2795,2687,2025-10-09T18:49:52Z
Parakon1,ke9VcdO6,TRUE,bullet,Black,black,1,3162,1,3163,2757,2025-10-09T18:47:18Z
Parakon1,qCnCoUwq,TRUE,blitz,Black,black,1,2787,12,2799,2762,2025-10-09T11:36:09Z
Parakon1,7jep7Ls6,TRUE,blitz,White,white,1,2781,6,2787,2588,2025-10-09T11:31:26Z
Parakon1,3uSLdrXL,TRUE,blitz,White,white,1,2773,8,2781,2608,2025-10-09T11:24:14Z
Parakon1,nxkiVJlC,TRUE,blitz,Black,black,1,2764,9,2773,2653,2025-10-09T09:27:09Z
Parakon1,fmDfJjRE,TRUE,bullet,White,black,0,3171,-9,3162,2987,2025-10-09T08:49:52Z
Parakon1,zmxUfWMs,TRUE,bullet,Black,white,0,3180,-9,3171,2979,2025-10-09T08:49:12Z
Parakon1,CJlC4h3B,TRUE,blitz,White,white,1,2756,8,2764,2588,2025-10-07T20:32:21Z
Parakon1,ymscoqUN,TRUE,bullet,Black,black,1,3178,2,3180,2901,2025-10-06T23:43:20Z
Parakon1,ggS3fQy6,TRUE,bullet,White,white,1,3176,2,3178,2903,2025-10-06T23:42:06Z
Parakon1,oUUCQgDJ,TRUE,bullet,Black,black,1,3174,2,3176,2806,2025-10-03T17:32:19Z
Parakon1,u8NRJ9xq,TRUE,bullet,White,white,1,3173,1,3174,2815,2025-10-03T14:59:46Z
AVDNA8,tKuE8K4t,TRUE,bullet,White,black,0,1239,-28,1211,1155,2025-10-13T17:20:32Z
AVDNA8,U9TsFa9R,TRUE,bullet,Black,black,1,1219,20,1239,1160,2025-10-13T17:16:06Z
AVDNA8,wJ1MSWok,TRUE,bullet,White,white,1,1192,27,1219,1198,2025-10-13T17:12:41Z
AVDNA8,V2QU8azE,TRUE,bullet,Black,NA,0.5,1198,-6,1192,1125,2025-10-13T17:06:52Z
AVDNA8,hepRvzcf,TRUE,blitz,Black,white,0,1162,-50,1112,1164,2025-10-05T11:11:56Z
AVDNA8,i9oPLhJ6,TRUE,blitz,White,black,0,1235,-73,1162,1158,2025-10-05T11:10:16Z
AVDNA8,yUdEHGUn,TRUE,blitz,Black,NA,0.5,1254,-19,1235,1157,2025-10-05T11:04:08Z
AVDNA8,QLmWxnJw,TRUE,bullet,White,white,1,1172,26,1198,1126,2025-10-05T11:01:49Z
AVDNA8,GF0ykeVI,TRUE,bullet,Black,black,1,1155,17,1172,988,2025-10-05T11:00:40Z
AVDNA8,Kipn0Ii8,TRUE,blitz,White,white,1,1202,52,1254,1114,2025-10-04T18:52:51Z
AVDNA8,DpJJNeN0,TRUE,bullet,White,white,1,1113,42,1155,1191,2025-10-04T18:48:49Z
AVDNA8,55JpFe07,TRUE,bullet,Black,white,0,1143,-30,1113,1182,2025-09-14T16:25:31Z
AVDNA8,WoLtZKrG,TRUE,bullet,White,black,0,1168,-25,1143,1285,2025-09-14T16:23:22Z
AVDNA8,3C5WOWg6,TRUE,bullet,Black,white,0,1221,-53,1168,1111,2025-09-08T13:25:07Z
AVDNA8,8rqWW9e8,TRUE,bullet,Black,black,1,1178,43,1221,1160,2025-09-08T13:22:23Z
RabbieR,UxX7THJd,TRUE,bullet,White,white,1,1797,31,1828,1813,2025-09-18T02:17:57Z
RabbieR,ATXU8vEc,TRUE,bullet,White,white,1,1770,27,1797,1744,2025-08-26T11:57:52Z
RabbieR,TUEMbuZo,TRUE,bullet,Black,black,1,1748,22,1770,1646,2025-08-26T03:58:33Z
RabbieR,CW1k6zus,TRUE,bullet,White,black,0,1784,-36,1748,1756,2025-08-26T03:56:48Z
RabbieR,kQqcepI9,TRUE,bullet,Black,black,1,1745,39,1784,1758,2025-08-26T03:55:50Z
RabbieR,JHnW4gt1,TRUE,bullet,Black,black,1,1706,39,1745,1682,2025-08-26T03:53:17Z
RabbieR,KTD9A6u0,TRUE,classical,Black,white,0,1923,-20,1903,1880,2025-05-26T01:58:08Z
RabbieR,a92zHdAu,TRUE,classical,White,black,0,1942,-19,1923,1927,2025-05-17T22:04:12Z
RabbieR,s9jAlmLm,TRUE,classical,White,white,1,1928,14,1942,1843,2025-05-11T06:02:53Z
RabbieR,rGRygxih,TRUE,classical,White,white,1,1908,20,1928,1923,2025-05-08T19:26:48Z
RabbieR,JAbcqS2R,TRUE,rapid,Black,black,1,1801,35,1836,1804,2025-05-02T02:19:47Z
RabbieR,NNOJF5ek,TRUE,classical,Black,black,1,1893,15,1908,1847,2025-04-16T19:12:55Z
RabbieR,SttkjN60,TRUE,classical,Black,NA,0.5,1897,-4,1893,1811,2025-04-05T07:08:36Z
RabbieR,MSTvyW1Z,TRUE,blitz,White,NA,0.5,1860,-1,1859,1851,2025-04-05T06:56:55Z
RabbieR,I4yOqfe2,TRUE,blitz,White,white,1,1844,16,1860,1862,2025-04-05T03:31:36Z
Kaufman_David,CqlKwgRa,TRUE,blitz,Black,white,0,2810,-10,2800,2534,2025-10-12T20:23:22Z
Kaufman_David,K0SFM4Fp,TRUE,blitz,White,NA,0.5,2811,-1,2810,2724,2025-10-12T20:16:37Z
Kaufman_David,FPFtzeIF,TRUE,blitz,Black,black,1,2808,3,2811,2620,2025-10-12T20:10:36Z
Kaufman_David,i1VWCwzg,TRUE,blitz,White,white,1,2804,4,2808,2705,2025-10-12T09:34:01Z
Kaufman_David,WLMrVLGs,TRUE,blitz,Black,black,1,2801,3,2804,2603,2025-10-12T09:28:40Z
Kaufman_David,JBflT0AW,TRUE,blitz,White,NA,0.5,2803,-2,2801,2680,2025-10-12T09:23:38Z
Kaufman_David,MxMHbh8v,TRUE,blitz,Black,black,1,2799,4,2803,2684,2025-10-12T09:19:35Z
Kaufman_David,ZP0cA6kl,TRUE,blitz,White,white,1,2796,3,2799,2633,2025-10-12T09:15:00Z
Kaufman_David,z0p6ofBZ,TRUE,blitz,Black,white,0,2804,-8,2796,2628,2025-10-12T09:11:04Z
Kaufman_David,JSmZXGO0,TRUE,blitz,Black,black,1,2801,3,2804,2622,2025-10-12T09:04:53Z
Kaufman_David,gvB0aeQ7,TRUE,blitz,Black,black,1,2798,3,2801,2612,2025-10-12T09:01:47Z
Kaufman_David,kZhzIFoD,TRUE,blitz,White,white,1,2794,4,2798,2678,2025-10-12T08:57:08Z
Kaufman_David,hezDK3jH,TRUE,blitz,White,black,0,2803,-9,2794,2608,2025-10-12T08:22:55Z
Kaufman_David,vioaWhDP,TRUE,blitz,White,black,0,2807,-4,2803,2908,2025-10-12T08:15:17Z
Kaufman_David,XfMQfDMt,TRUE,blitz,Black,black,1,2804,3,2807,2639,2025-10-11T22:29:04Z
Ahmet2000,MlpRRGxT,TRUE,bullet,White,white,1,2498,3,2501,2280,2025-10-15T18:39:29Z
Ahmet2000,8tz7ae2m,TRUE,bullet,Black,black,1,2495,3,2498,2304,2025-10-15T07:00:11Z
Ahmet2000,K26mMJBH,TRUE,bullet,Black,black,1,2492,3,2495,2268,2025-10-13T20:14:22Z
Ahmet2000,LCX3SEcm,TRUE,bullet,White,white,1,2485,7,2492,2504,2025-10-11T09:35:08Z
Ahmet2000,wmVKyt0w,TRUE,bullet,White,white,1,2483,2,2485,2186,2025-10-10T19:34:39Z
Ahmet2000,OOxSwHNs,TRUE,bullet,White,black,0,2492,-9,2483,2300,2025-09-27T14:29:26Z
Ahmet2000,5719dWwe,TRUE,bullet,White,white,1,2487,5,2492,2422,2025-09-27T11:34:50Z
Ahmet2000,3ss6U3ey,TRUE,bullet,Black,black,1,2486,1,2487,2094,2025-09-26T14:40:51Z
Ahmet2000,mrC1J2bj,TRUE,bullet,White,black,0,2492,-6,2486,2474,2025-09-25T22:35:46Z
Ahmet2000,7uc8yPQ6,TRUE,bullet,Black,black,1,2488,4,2492,2365,2025-09-25T21:26:19Z
Ahmet2000,vb2gEItO,TRUE,bullet,White,white,1,2484,4,2488,2379,2025-09-25T18:19:11Z
Ahmet2000,AlYvHgI5,TRUE,bullet,White,white,1,2478,6,2484,2475,2025-09-25T18:12:32Z
Ahmet2000,id7UiMkt,TRUE,bullet,Black,white,0,2487,-9,2478,2194,2025-09-23T18:42:51Z
Ahmet2000,AMrNz53L,TRUE,bullet,Black,NA,0.5,2487,0,2487,2504,2025-09-23T13:58:43Z
Ahmet2000,b69ULJgN,TRUE,bullet,Black,white,0,2494,-7,2487,2412,2025-09-23T13:27:54Z
edgelorde,BNwj3kIc,TRUE,bullet,White,white,1,2998,4,3002,2598,2025-06-21T06:15:03Z
edgelorde,gpc5OC8P,TRUE,bullet,White,white,1,2978,20,2998,3013,2025-06-21T06:07:46Z
edgelorde,b7y6oqVI,TRUE,bullet,Black,black,1,2972,6,2978,2717,2025-05-21T09:29:21Z
edgelorde,hikYqQpt,TRUE,bullet,White,white,1,2965,7,2972,2719,2025-05-21T09:27:36Z
edgelorde,4mcD8Wxg,TRUE,bullet,Black,black,1,2957,8,2965,2722,2025-05-21T09:25:24Z
edgelorde,U70izsCL,TRUE,bullet,White,white,1,2949,8,2957,2724,2025-05-21T09:24:29Z
edgelorde,OJ0KF0hz,TRUE,bullet,Black,white,0,2981,-32,2949,2715,2025-05-21T09:22:08Z
edgelorde,9jeBRvAF,TRUE,bullet,White,white,1,2973,8,2981,2717,2025-05-21T09:19:45Z
edgelorde,wTj8BgIG,TRUE,bullet,Black,black,1,2964,9,2973,2720,2025-05-21T09:17:19Z
edgelorde,gxHjPTFz,TRUE,bullet,White,white,1,2955,9,2964,2722,2025-05-21T09:14:58Z
edgelorde,W74QpNZe,TRUE,bullet,Black,black,1,2945,10,2955,2724,2025-05-21T09:12:41Z
edgelorde,PEAq0OU0,TRUE,bullet,White,white,1,2933,12,2945,2727,2025-05-21T09:11:45Z
edgelorde,g4nDCE0M,TRUE,bullet,Black,black,1,2921,12,2933,2730,2025-05-21T09:10:44Z
edgelorde,j7phUg5N,TRUE,bullet,White,NA,0.5,2935,-14,2921,2727,2025-05-21T09:08:25Z
edgelorde,FeR1Burp,TRUE,bullet,Black,white,0,2980,-45,2935,2718,2025-05-21T09:06:36Z
Aqua_Blazing,0Tv1IuW4,TRUE,blitz,White,white,1,3011,4,3015,2891,2025-09-05T14:52:01Z
Aqua_Blazing,czimEOF2,TRUE,blitz,Black,black,1,3007,4,3011,2898,2025-09-05T14:47:34Z
Aqua_Blazing,Wd9bwTIP,TRUE,blitz,Black,black,1,3003,4,3007,2880,2025-09-05T14:32:30Z
Aqua_Blazing,Zj2qM7Fc,TRUE,blitz,White,NA,0.5,3005,-2,3003,2878,2025-09-05T14:27:23Z
Aqua_Blazing,QWMf4BIM,TRUE,blitz,Black,NA,0.5,3007,-2,3005,2876,2025-09-05T14:23:40Z
Aqua_Blazing,vVwlgNRR,TRUE,blitz,White,white,1,3003,4,3007,2880,2025-09-05T14:18:47Z
Aqua_Blazing,jSR6faNr,TRUE,blitz,White,white,1,2999,4,3003,2884,2025-09-05T14:16:40Z
Aqua_Blazing,goQfioZ4,TRUE,bullet,White,white,1,3319,1,3320,2886,2025-09-02T21:50:04Z
Aqua_Blazing,79b67cXF,TRUE,bullet,Black,black,1,3317,2,3319,2887,2025-09-02T21:48:37Z
Aqua_Blazing,57CNe2ky,TRUE,bullet,White,white,1,3315,2,3317,2888,2025-09-02T21:47:32Z
Aqua_Blazing,kskgKkDD,TRUE,bullet,White,white,1,3311,4,3315,3069,2025-09-02T21:43:56Z
Aqua_Blazing,4LWzmpmL,TRUE,bullet,Black,black,1,3307,4,3311,3071,2025-09-02T21:42:54Z
Aqua_Blazing,HwIxQ1Vy,TRUE,bullet,White,black,0,3324,-17,3307,3061,2025-09-02T21:41:29Z
Aqua_Blazing,9QCQ4v9U,TRUE,bullet,Black,black,1,3320,4,3324,3064,2025-09-02T21:40:01Z
Aqua_Blazing,w8YyufNG,TRUE,bullet,Black,black,1,3318,2,3320,2877,2025-09-02T21:38:29Z
turkeychilli,iR6fMhgi,TRUE,bullet,Black,black,1,2248,6,2254,1947,2025-08-02T07:59:59Z
turkeychilli,zF7kxBVR,TRUE,bullet,Black,black,1,2237,11,2248,2049,2025-08-02T04:18:31Z
turkeychilli,H39Iaunj,TRUE,bullet,White,white,1,2209,28,2237,2311,2025-08-02T04:10:51Z
turkeychilli,iT6XJoVb,TRUE,bullet,Black,black,1,2184,25,2209,2210,2025-08-02T04:03:34Z
turkeychilli,jtzUee9a,TRUE,bullet,White,white,1,2136,48,2184,2648,2025-08-02T03:58:51Z
turkeychilli,GeCfAX8i,TRUE,bullet,Black,black,1,2136,0,2136,772,2025-08-02T03:58:10Z
turkeychilli,XrnZG4J9,TRUE,bullet,White,white,1,2133,3,2136,1645,2025-08-02T03:55:43Z
turkeychilli,5l7KcGWi,TRUE,bullet,Black,black,1,2128,5,2133,1748,2025-08-02T03:53:10Z
turkeychilli,6dDx0vU1,TRUE,bullet,White,black,0,2180,-52,2128,1432,2025-08-02T03:19:27Z
turkeychilli,mRJDO4mu,TRUE,bullet,Black,black,1,2162,18,2180,2034,2025-08-02T03:17:07Z
turkeychilli,DN035cq1,TRUE,bullet,White,black,0,2217,-55,2162,1563,2025-08-02T03:15:12Z
turkeychilli,XySqcfb2,TRUE,bullet,White,white,1,2217,0,2217,1154,2025-08-02T03:13:19Z
turkeychilli,Yeql3CBZ,TRUE,bullet,Black,black,1,2217,0,2217,1211,2025-08-02T02:36:10Z
turkeychilli,N0EVXf41,TRUE,blitz,White,white,1,2196,6,2202,2192,2025-07-02T04:26:12Z
turkeychilli,NK3ejHhN,TRUE,blitz,White,white,1,2191,5,2196,2159,2025-07-02T04:23:11Z
MahammadMuradli2003,mhFh75bH,TRUE,bullet,White,white,1,3244,2,3246,2970,2025-10-14T12:48:04Z
MahammadMuradli2003,KHjZKZyS,TRUE,bullet,Black,black,1,3243,1,3244,2829,2025-10-14T12:44:41Z
MahammadMuradli2003,qwf1wSte,TRUE,bullet,White,white,1,3241,2,3243,3009,2025-10-14T12:43:27Z
MahammadMuradli2003,XRF7ZGRA,TRUE,bullet,Black,white,0,3250,-9,3241,3000,2025-10-14T12:41:45Z
MahammadMuradli2003,O5RK7rpN,TRUE,bullet,White,white,1,3248,2,3250,3002,2025-10-14T12:40:34Z
MahammadMuradli2003,KbMfKQHS,TRUE,bullet,Black,black,1,3245,3,3248,3005,2025-10-14T12:38:38Z
MahammadMuradli2003,fHEYPm0A,TRUE,bullet,White,white,1,3244,1,3245,2833,2025-10-14T12:36:27Z
MahammadMuradli2003,JmELpFr7,TRUE,bullet,White,white,1,3240,4,3244,3122,2025-10-14T12:20:27Z
MahammadMuradli2003,Rw472yGP,TRUE,bullet,Black,black,1,3236,4,3240,3126,2025-10-14T12:18:55Z
MahammadMuradli2003,JXsfXHe1,TRUE,bullet,White,white,1,3232,4,3236,3130,2025-10-14T12:18:02Z
MahammadMuradli2003,ky1mRw2t,TRUE,bullet,Black,NA,0.5,3234,-2,3232,3128,2025-10-14T12:16:08Z
MahammadMuradli2003,Cn9RjIY8,TRUE,bullet,White,white,1,3230,4,3234,3133,2025-10-14T12:14:17Z
MahammadMuradli2003,vFjvIxue,TRUE,bullet,Black,black,1,3225,5,3230,3137,2025-10-14T12:12:12Z
MahammadMuradli2003,aj91ZYIG,TRUE,bullet,White,white,1,3221,4,3225,3141,2025-10-14T12:10:35Z
MahammadMuradli2003,2xbFnHk6,TRUE,bullet,Black,black,1,3216,5,3221,3146,2025-10-14T12:08:16Z
DjAlber,3bmDx9FT,TRUE,bullet,White,white,1,2331,2,2333,1990,2025-10-13T22:54:42Z
DjAlber,90tuDIg1,TRUE,bullet,White,white,1,2329,2,2331,2113,2025-10-13T18:17:19Z
DjAlber,w5sS21sq,TRUE,bullet,Black,black,1,2325,4,2329,2212,2025-10-13T18:14:50Z
DjAlber,y0ouSoXb,TRUE,bullet,White,white,1,2322,3,2325,2116,2025-10-13T18:12:23Z
DjAlber,Jk6QWpUn,TRUE,bullet,Black,black,1,2321,1,2322,1730,2025-10-13T18:09:56Z
DjAlber,DG6zDvHv,TRUE,bullet,White,white,1,2320,1,2321,1994,2025-10-13T18:08:33Z
DjAlber,G4dNm6Ox,TRUE,bullet,Black,white,0,2329,-9,2320,2097,2025-10-13T18:06:23Z
DjAlber,6RU4RXWh,TRUE,bullet,White,black,0,2337,-8,2329,2168,2025-10-13T18:03:40Z
DjAlber,BC8qHXa7,TRUE,bullet,Black,black,1,2330,7,2337,2414,2025-10-13T00:56:43Z
DjAlber,SRZt5buE,TRUE,bullet,Black,black,1,2329,1,2330,1909,2025-10-12T23:54:55Z
DjAlber,Vl2HkSX0,TRUE,bullet,White,white,1,2328,1,2329,1860,2025-10-12T23:53:40Z
DjAlber,4cKRK1vk,TRUE,bullet,Black,black,1,2327,1,2328,1912,2025-10-12T23:51:13Z
DjAlber,yDRppLYN,TRUE,bullet,Black,black,1,2324,3,2327,2134,2025-10-12T23:49:00Z
DjAlber,GEGFfmg5,TRUE,bullet,White,white,1,2324,0,2324,1799,2025-10-12T23:48:01Z
DjAlber,DUfFwV1b,TRUE,bullet,Black,black,1,2322,2,2324,2065,2025-10-12T22:54:19Z
DaSlurpyNinja,iGZjHCGd,TRUE,bullet,White,black,0,1946,-5,1941,1973,2025-10-14T17:25:42Z
DaSlurpyNinja,IuXWGBFw,TRUE,bullet,Black,white,0,1951,-5,1946,2023,2025-10-14T17:23:13Z
DaSlurpyNinja,c4cIP0CT,TRUE,bullet,Black,black,1,1945,6,1951,1942,2025-10-14T17:21:11Z
DaSlurpyNinja,aX1F73bh,TRUE,bullet,Black,black,1,1939,6,1945,1992,2025-10-14T17:19:09Z
DaSlurpyNinja,uKQiPDdk,TRUE,bullet,White,black,0,1944,-5,1939,1959,2025-10-14T17:17:13Z
DaSlurpyNinja,6CuzuJNY,TRUE,bullet,Black,white,0,1949,-5,1944,1961,2025-10-14T17:15:13Z
DaSlurpyNinja,fNIPvdW6,TRUE,bullet,White,white,1,1943,6,1949,1969,2025-10-14T16:46:14Z
DaSlurpyNinja,GCz9QkL7,TRUE,bullet,Black,white,0,1948,-5,1943,1984,2025-10-14T16:43:57Z
DaSlurpyNinja,m0Q4H66W,TRUE,bullet,White,black,0,1954,-6,1948,1942,2025-10-14T16:41:24Z
DaSlurpyNinja,RJTk4ybD,TRUE,bullet,Black,black,1,1949,5,1954,1922,2025-10-14T16:39:41Z
DaSlurpyNinja,NOFLZJQQ,TRUE,bullet,White,black,0,1955,-6,1949,1949,2025-10-14T16:25:01Z
DaSlurpyNinja,1YDMg1q7,TRUE,blitz,White,white,1,1775,8,1783,1810,2025-10-14T16:19:33Z
DaSlurpyNinja,iEIZl1Sz,TRUE,bullet,White,black,0,1961,-6,1955,1913,2025-10-13T22:46:45Z
DaSlurpyNinja,AnIR5S6C,TRUE,bullet,Black,black,1,1956,5,1961,1900,2025-10-13T22:45:42Z
DaSlurpyNinja,HOM6KrgI,TRUE,bullet,Black,black,1,1951,5,1956,1932,2025-10-13T22:43:31Z
Chess251995,htMtSJqJ,TRUE,blitz,Black,white,0,1250,-41,1209,1587,2024-07-16T08:33:52Z
Chess251995,IDEySYvD,TRUE,bullet,White,black,0,1438,-20,1418,2100,2024-07-08T15:45:01Z
Chess251995,mKXwnRe4,TRUE,bullet,Black,white,0,1500,-62,1438,1981,2024-06-08T21:01:22Z
Chess251995,bxEDIbNm,TRUE,blitz,White,black,0,1311,-61,1250,1582,2024-01-26T14:06:07Z
Chess251995,1IsogIj9,TRUE,blitz,Black,white,0,1500,-189,1311,1579,2024-01-26T14:01:22Z
venajalainen,ezAxDagg,TRUE,blitz,White,NA,0.5,2799,1,2800,2836,2025-10-15T14:28:12Z
venajalainen,2sYAK35m,TRUE,blitz,Black,NA,0.5,2797,2,2799,2841,2025-10-13T11:12:20Z
venajalainen,i3dnTvVG,TRUE,blitz,Black,black,1,2784,13,2797,2787,2025-09-21T16:07:18Z
venajalainen,QLa9IUaU,TRUE,blitz,White,white,1,2781,3,2784,2464,2025-09-21T15:58:25Z
venajalainen,94micjl9,TRUE,blitz,Black,black,1,2773,8,2781,2605,2025-09-21T15:50:02Z
venajalainen,UGqmh2qK,TRUE,blitz,White,white,1,2764,9,2773,2639,2025-09-21T15:42:48Z
venajalainen,Vd35X6Ld,TRUE,blitz,Black,black,1,2778,0,2778,2005,2025-09-21T15:34:43Z
venajalainen,nvi6WKYf,TRUE,blitz,White,black,0,2778,-14,2764,2772,2025-09-21T15:25:50Z
venajalainen,mcAgdDxQ,TRUE,blitz,Black,white,0,2818,-20,2798,2675,2025-09-21T15:17:09Z
venajalainen,A216eEd7,TRUE,blitz,White,black,0,2818,-20,2798,2706,2025-09-21T15:08:34Z
venajalainen,Tl1ULiEH,TRUE,blitz,Black,black,1,2808,10,2818,2675,2025-09-21T15:00:04Z
venajalainen,yLym1qT6,TRUE,blitz,Black,black,1,2805,3,2808,2470,2025-06-06T17:57:12Z
venajalainen,XidmtA3B,TRUE,blitz,White,white,1,2805,0,2805,2500,2025-06-06T17:50:32Z
venajalainen,DyH69FBt,TRUE,blitz,Black,black,1,2802,3,2805,2485,2025-06-06T17:43:19Z
venajalainen,BUEVd9Dl,TRUE,blitz,White,white,1,2801,1,2802,2384,2025-06-06T17:36:27Z
Big_Boom007,TCpo0lOY,TRUE,bullet,White,black,0,3151,-10,3141,2878,2025-10-09T19:37:04Z
Big_Boom007,1XDE7U72,TRUE,bullet,Black,black,1,3149,2,3151,2880,2025-10-09T19:36:04Z
Big_Boom007,IjpsGAEJ,TRUE,bullet,White,white,1,3147,2,3149,2882,2025-10-09T19:34:58Z
Big_Boom007,d4nGIq7w,TRUE,bullet,Black,black,1,3144,3,3147,2885,2025-10-09T19:33:50Z
Big_Boom007,7qU1GK4X,TRUE,bullet,White,white,1,3142,2,3144,2887,2025-10-09T19:33:33Z
Big_Boom007,5gpeJFvE,TRUE,bullet,Black,white,0,3152,-10,3142,2877,2025-10-09T19:32:49Z
Big_Boom007,LFdkcYqM,TRUE,bullet,White,white,1,3150,2,3152,2879,2025-10-09T19:31:34Z
Big_Boom007,ufgKThzD,TRUE,bullet,Black,black,1,3148,2,3150,2898,2025-10-09T19:29:56Z
Big_Boom007,VUd80iMK,TRUE,bullet,Black,white,0,3158,-10,3148,2839,2025-10-07T12:43:38Z
Big_Boom007,muBObjOg,TRUE,bullet,White,white,1,3155,3,3158,2887,2025-10-06T20:19:41Z
Big_Boom007,1xRy8wfu,TRUE,bullet,White,white,1,3155,0,3155,2300,2025-10-06T19:02:43Z
Big_Boom007,2gA4zETz,TRUE,bullet,Black,black,1,3154,1,3155,2737,2025-10-06T19:00:27Z
Big_Boom007,B6mfPmhM,TRUE,bullet,White,white,1,3154,0,3154,2558,2025-10-06T19:00:11Z
Big_Boom007,0nSaPgF7,TRUE,bullet,White,white,1,3152,2,3154,2847,2025-10-06T18:57:43Z
Big_Boom007,FCLAHcyV,TRUE,bullet,Black,black,1,3152,0,3152,2608,2025-10-06T18:55:13Z
hjtt,uHgArm1t,TRUE,bullet,Black,black,1,2164,6,2170,2165,2025-10-15T17:56:09Z
hjtt,mVxCGQZe,TRUE,bullet,White,white,1,2158,6,2164,2164,2025-10-15T17:53:54Z
hjtt,STr1tmOf,TRUE,bullet,Black,white,0,2163,-5,2158,2187,2025-10-15T17:51:30Z
hjtt,ZsmWkKgp,TRUE,bullet,Black,white,0,2168,-5,2163,2237,2025-10-15T17:49:26Z
hjtt,2O3Lj3RA,TRUE,bullet,White,white,1,2161,7,2168,2223,2025-10-15T17:47:18Z
hjtt,I5glu92C,TRUE,bullet,Black,white,0,2166,-5,2161,2218,2025-10-15T17:45:18Z
hjtt,YeJucNvt,TRUE,bullet,White,black,0,2171,-5,2166,2229,2025-10-15T17:43:03Z
hjtt,SP1D6Rnc,TRUE,bullet,White,black,0,2176,-5,2171,2207,2025-10-15T17:40:50Z
hjtt,BLgWnHz0,TRUE,bullet,Black,black,1,2170,6,2176,2172,2025-10-15T17:38:26Z
hjtt,rgZjgkeZ,TRUE,bullet,White,white,1,2164,6,2170,2173,2025-10-15T17:36:08Z
hjtt,F3E5q7cH,TRUE,bullet,White,black,0,2169,-5,2164,2214,2025-10-15T17:33:40Z
hjtt,FqSDuQb4,TRUE,bullet,Black,black,1,2162,7,2169,2262,2025-10-15T17:33:13Z
hjtt,mLeP7dy0,TRUE,bullet,Black,white,0,2167,-5,2162,2190,2025-10-15T17:31:00Z
hjtt,6HnfVicJ,TRUE,bullet,White,black,0,2172,-5,2167,2211,2025-10-15T17:28:32Z
hjtt,PTKq46HK,TRUE,bullet,Black,black,1,2166,6,2172,2167,2025-10-15T17:26:05Z
Tha_jesus,e5C0luKF,TRUE,bullet,Black,white,0,2245,-9,2236,1956,2025-10-16T00:01:46Z
Tha_jesus,lZGRSYrZ,TRUE,bullet,Black,white,0,2251,-6,2245,2242,2025-10-14T20:49:14Z
Tha_jesus,CBeU1GQN,TRUE,bullet,White,white,1,2245,6,2251,2277,2025-10-14T20:47:23Z
Tha_jesus,SDeEoANV,TRUE,bullet,Black,white,0,2253,-8,2245,2098,2025-10-14T00:32:57Z
Tha_jesus,MV01dlji,TRUE,bullet,White,white,1,2249,4,2253,2102,2025-10-14T00:30:57Z
Tha_jesus,hD5nGmH6,TRUE,bullet,Black,white,0,2255,-6,2249,2273,2025-10-14T00:29:47Z
Tha_jesus,DYusdPmg,TRUE,bullet,Black,black,1,2249,6,2255,2250,2025-10-14T00:28:08Z
Tha_jesus,1BVwdqAc,TRUE,bullet,White,NA,0.5,2250,-1,2249,2172,2025-10-14T00:25:48Z
Tha_jesus,TbK0k7na,TRUE,blitz,White,black,0,1895,-2,1893,2364,2025-10-13T23:24:08Z
Tha_jesus,lgwf44Fx,TRUE,blitz,White,white,1,1886,9,1895,1778,2025-10-13T23:21:00Z
Tha_jesus,57yI9Q88,TRUE,blitz,Black,white,0,1894,-8,1886,2018,2025-10-13T23:18:42Z
Tha_jesus,nKXZBxnH,TRUE,blitz,White,white,1,1873,21,1894,2172,2025-10-13T23:15:32Z
Tha_jesus,FJbftuuG,TRUE,blitz,White,white,1,1863,10,1873,1781,2025-10-13T23:11:17Z
Tha_jesus,0Dw8SOfg,TRUE,blitz,Black,white,0,1877,-14,1863,1873,2025-10-13T23:08:25Z
Tha_jesus,e1ivx7lP,TRUE,bullet,Black,white,0,2257,-7,2250,2198,2025-10-13T21:05:51Z
lyxxj,DeqbQ8wq,TRUE,blitz,White,NA,0.5,2518,0,2518,2553,2025-10-12T19:38:52Z
lyxxj,4mRN1HwA,TRUE,blitz,Black,black,1,2515,3,2518,2249,2025-10-12T19:37:02Z
lyxxj,SUz2nBwn,TRUE,blitz,White,white,1,2509,6,2515,2536,2025-10-12T19:34:38Z
lyxxj,LgOPsfE4,TRUE,blitz,Black,NA,0.5,2512,-3,2509,2331,2025-10-12T19:34:01Z
lyxxj,Qv8TuGxB,TRUE,blitz,White,white,1,2511,1,2512,2163,2025-10-12T19:32:16Z
lyxxj,bhoWHwb1,TRUE,blitz,Black,NA,0.5,2509,2,2511,2641,2025-10-12T19:29:49Z
lyxxj,cI7WeiXG,TRUE,blitz,White,NA,0.5,2508,1,2509,2533,2025-10-12T19:29:15Z
lyxxj,n7WNDXBB,TRUE,blitz,Black,NA,0.5,2511,-3,2508,2345,2025-10-12T19:27:29Z
lyxxj,fsDvjx9E,TRUE,blitz,Black,black,1,2505,6,2511,2509,2025-10-12T19:22:10Z
lyxxj,eLQkF1Wi,TRUE,blitz,White,white,1,2503,2,2505,2171,2025-10-12T19:13:39Z
lyxxj,ckXUYTjn,TRUE,blitz,Black,black,1,2501,2,2503,2301,2025-10-12T19:06:40Z
lyxxj,nWIdElcl,TRUE,blitz,White,white,1,2499,2,2501,2151,2025-10-12T19:05:27Z
lyxxj,08AXyls5,TRUE,blitz,Black,black,1,2497,2,2499,2250,2025-10-12T18:55:52Z
lyxxj,IX0l5LcT,TRUE,blitz,White,NA,0.5,2502,-5,2497,2106,2025-10-12T18:49:14Z
lyxxj,RYBjYe2t,TRUE,blitz,White,NA,0.5,2505,-3,2502,2271,2025-10-12T18:42:40Z
sportik_shark,saRbZpgd,TRUE,bullet,White,white,1,3103,2,3105,2811,2025-10-15T14:34:17Z
sportik_shark,lEmKvDyS,TRUE,bullet,Black,white,0,3112,-9,3103,2973,2025-10-15T11:22:31Z
sportik_shark,YTRMqBRS,TRUE,bullet,Black,black,1,3110,2,3112,2753,2025-10-13T14:47:12Z
sportik_shark,LdWJaC0t,TRUE,bullet,White,white,1,3109,1,3110,2754,2025-10-13T14:45:23Z
sportik_shark,vKMW2u0n,TRUE,bullet,Black,black,1,3107,2,3109,2755,2025-10-13T14:44:34Z
sportik_shark,AOoPRTlt,TRUE,bullet,White,black,0,3115,-8,3107,2985,2025-10-13T14:41:01Z
sportik_shark,8BC5TWx3,TRUE,bullet,Black,white,0,3123,-8,3115,2977,2025-10-13T14:38:23Z
sportik_shark,l9CrgIMb,TRUE,bullet,White,white,1,3120,3,3123,2980,2025-10-13T14:36:41Z
sportik_shark,Qqr8vbfO,TRUE,bullet,Black,black,1,3116,4,3120,2984,2025-10-13T14:34:22Z
sportik_shark,iQ22ilJV,TRUE,bullet,White,white,1,3112,4,3116,2988,2025-10-13T14:31:50Z
sportik_shark,9qK5mV4M,TRUE,bullet,Black,black,1,3108,4,3112,2992,2025-10-13T14:29:58Z
sportik_shark,RAB2hpLu,TRUE,bullet,White,white,1,3104,4,3108,2996,2025-10-13T14:28:25Z
sportik_shark,rx7dPzfy,TRUE,bullet,Black,black,1,3100,4,3104,3000,2025-10-13T14:27:48Z
sportik_shark,uZiA6reg,TRUE,bullet,White,white,1,3095,5,3100,3004,2025-10-13T14:27:28Z
sportik_shark,nXL3R70X,TRUE,bullet,Black,black,1,3090,5,3095,3008,2025-10-13T14:25:26Z
BENED7707,kc7LZuXN,TRUE,blitz,White,black,0,2818,-8,2810,2674,2025-10-13T13:45:38Z
BENED7707,zgUH8DVE,TRUE,blitz,Black,black,1,2815,3,2818,2677,2025-10-13T13:40:58Z
BENED7707,tXwV4lkT,TRUE,blitz,White,white,1,2811,4,2815,2681,2025-10-13T13:35:47Z
BENED7707,tKnMLw6W,TRUE,blitz,Black,white,0,2819,-8,2811,2673,2025-10-13T13:34:00Z
BENED7707,l3CLq7Cd,TRUE,blitz,White,white,1,2815,4,2819,2677,2025-10-13T13:28:02Z
BENED7707,bmbb5IHj,TRUE,blitz,Black,black,1,2811,4,2815,2680,2025-10-13T13:23:40Z
BENED7707,F3RZ5Hmw,TRUE,blitz,White,white,1,2808,3,2811,2684,2025-10-13T13:18:54Z
BENED7707,y2Rv4oYG,TRUE,blitz,Black,black,1,2804,4,2808,2688,2025-10-13T13:14:05Z
BENED7707,u2NeysKk,TRUE,blitz,White,white,1,2800,4,2804,2692,2025-10-13T13:12:12Z
BENED7707,VU5diERj,TRUE,blitz,Black,black,1,2796,4,2800,2696,2025-10-13T13:09:41Z
BENED7707,n1otrWME,TRUE,blitz,White,white,1,2791,5,2796,2700,2025-10-13T13:03:28Z
BENED7707,FNPKOAgt,TRUE,blitz,White,white,1,2788,3,2791,2629,2025-10-13T12:50:51Z
BENED7707,DSnwKsCp,TRUE,blitz,Black,black,1,2785,3,2788,2590,2025-10-13T10:56:40Z
BENED7707,jgF5mbCl,TRUE,blitz,White,white,1,2782,3,2785,2600,2025-10-13T10:51:07Z
BENED7707,CD1328tr,TRUE,blitz,Black,black,1,2775,7,2782,2866,2025-10-13T10:43:21Z
NeonAssassin777,DDKOJZ34,TRUE,bullet,Black,white,0,3131,-7,3124,3040,2025-10-15T16:25:30Z
NeonAssassin777,3Z5Qsjnx,TRUE,bullet,White,white,1,3126,5,3131,3044,2025-10-15T16:24:05Z
NeonAssassin777,U91dszEQ,TRUE,bullet,Black,black,1,3122,4,3126,3048,2025-10-15T16:22:38Z
NeonAssassin777,EqBREeOj,TRUE,bullet,White,white,1,3117,5,3122,3053,2025-10-15T16:20:36Z
NeonAssassin777,rn1dCLFA,TRUE,bullet,Black,black,1,3112,5,3117,3058,2025-10-15T16:18:43Z
NeonAssassin777,M0B16e6P,TRUE,bullet,Black,black,1,3109,3,3112,2930,2025-10-15T15:02:14Z
NeonAssassin777,MsXoc0jl,TRUE,bullet,White,white,1,3106,3,3109,2933,2025-10-15T15:01:02Z
NeonAssassin777,l8IPYw4f,TRUE,bullet,Black,black,1,3103,3,3106,2936,2025-10-15T14:59:38Z
NeonAssassin777,GyoFSsRh,TRUE,bullet,White,black,0,3111,-8,3103,2925,2025-10-14T19:54:55Z
NeonAssassin777,ZT7a9p0X,TRUE,bullet,White,white,1,3108,3,3111,2961,2025-10-14T19:31:37Z
NeonAssassin777,KeZr0EZb,TRUE,bullet,Black,white,0,3116,-8,3108,2952,2025-10-14T19:30:11Z
NeonAssassin777,OU1Kqkoe,TRUE,bullet,White,white,1,3113,3,3116,2956,2025-10-14T19:29:22Z
NeonAssassin777,tUTn0LBb,TRUE,bullet,White,black,0,3122,-9,3113,2941,2025-10-14T12:14:12Z
NeonAssassin777,ILvVdu6x,TRUE,rapid,Black,black,1,2113,33,2146,2162,2025-10-13T14:18:12Z
NeonAssassin777,WqD7vMAG,TRUE,bullet,Black,black,1,3117,5,3122,3069,2025-10-10T23:21:55Z
sgm2882,B6wHqbwe,TRUE,blitz,Black,NA,0.5,2809,-7,2802,2039,2025-10-11T06:27:55Z
sgm2882,simBxlPQ,TRUE,classical,White,white,1,2263,15,2278,1957,2025-10-11T05:56:13Z
sgm2882,Tz7OOarw,TRUE,classical,White,white,1,2249,14,2263,1926,2025-10-11T05:24:37Z
sgm2882,6hFkfaZr,TRUE,blitz,Black,NA,0.5,2810,-1,2809,2734,2025-10-11T04:11:47Z
sgm2882,g7C4f9XG,TRUE,blitz,White,white,1,2808,2,2810,2453,2025-10-10T19:48:26Z
sgm2882,VRD8ZdXM,TRUE,blitz,Black,black,1,2807,1,2808,2450,2025-10-09T18:54:46Z
sgm2882,6XkHpFgh,TRUE,blitz,White,black,0,2814,-7,2807,2743,2025-10-08T17:13:06Z
sgm2882,6qUzAP1s,TRUE,blitz,White,white,1,2812,2,2814,2496,2025-10-08T16:51:13Z
sgm2882,UQNWgV7B,TRUE,blitz,Black,black,1,2810,2,2812,2525,2025-10-08T16:33:24Z
sgm2882,omqC2pXo,TRUE,rapid,White,white,1,2428,37,2465,2412,2025-10-08T02:43:05Z
sgm2882,aUqyEStj,TRUE,blitz,Black,black,1,2809,1,2810,2425,2025-10-07T22:42:27Z
sgm2882,emLURaoz,TRUE,blitz,White,white,1,2808,1,2809,2391,2025-10-07T22:28:31Z
sgm2882,HGVVD9eU,TRUE,blitz,White,white,1,2804,4,2808,2658,2025-10-07T22:17:08Z
sgm2882,IZR96LrZ,TRUE,blitz,White,white,1,2803,1,2804,2442,2025-10-07T04:57:31Z
sgm2882,l0GAyo27,TRUE,blitz,White,white,1,2799,4,2803,2646,2025-10-07T03:42:54Z
SabrinaCarpenter,P9bUfe1k,TRUE,blitz,Black,white,0,2447,-7,2440,2364,2025-10-16T00:59:54Z
SabrinaCarpenter,1dinK9en,TRUE,blitz,White,white,1,2443,4,2447,2368,2025-10-16T00:55:51Z
SabrinaCarpenter,jPRsxNDs,TRUE,blitz,White,white,1,2438,5,2443,2362,2025-10-16T00:49:29Z
SabrinaCarpenter,qKsShl8w,TRUE,blitz,Black,white,0,2444,-6,2438,2413,2025-10-16T00:21:39Z
SabrinaCarpenter,9VJzBGhR,TRUE,blitz,Black,black,1,2441,3,2444,2277,2025-10-15T20:38:13Z
SabrinaCarpenter,Rgu0g8na,TRUE,blitz,Black,NA,0.5,2442,-1,2441,2412,2025-10-15T19:26:47Z
SabrinaCarpenter,QVZit5oO,TRUE,blitz,White,white,1,2437,5,2442,2346,2025-10-15T19:21:55Z
SabrinaCarpenter,FfpxOl1y,TRUE,blitz,Black,white,0,2442,-5,2437,2485,2025-10-15T19:15:59Z
SabrinaCarpenter,lBFdoxFq,TRUE,blitz,White,white,1,2439,3,2442,2277,2025-10-15T19:11:51Z
SabrinaCarpenter,0YP7XEck,TRUE,blitz,White,white,1,2434,5,2439,2395,2025-10-15T18:54:05Z
SabrinaCarpenter,zeSqzTRH,TRUE,blitz,Black,black,1,2430,4,2434,2325,2025-10-15T18:47:28Z
SabrinaCarpenter,mnT06nB4,TRUE,blitz,Black,white,0,2437,-7,2430,2335,2025-10-15T18:41:17Z
SabrinaCarpenter,2jGH5Tku,TRUE,blitz,White,white,1,2433,4,2437,2364,2025-10-15T18:01:38Z
SabrinaCarpenter,ALt284fB,TRUE,blitz,White,black,0,2438,-5,2433,2439,2025-10-15T16:56:25Z
SabrinaCarpenter,tE656HNt,TRUE,blitz,White,white,1,2434,4,2438,2321,2025-10-15T10:46:39Z
jdd_ms10,xKXWPc1X,TRUE,blitz,Black,white,0,2160,-4,2156,2232,2025-10-16T03:28:03Z
jdd_ms10,s2i7uH5h,TRUE,blitz,White,NA,0.5,2163,-3,2160,1994,2025-10-16T03:26:13Z
jdd_ms10,I0MVIeg5,TRUE,blitz,Black,white,0,2171,-8,2163,1992,2025-10-16T03:22:54Z
jdd_ms10,QhQJWvYN,TRUE,blitz,White,black,0,2180,-9,2171,1984,2025-10-16T03:19:07Z
jdd_ms10,5fTvPJpA,TRUE,blitz,Black,white,0,2188,-8,2180,2066,2025-10-16T03:12:37Z
jdd_ms10,bNBWYRLo,TRUE,blitz,White,black,0,2195,-7,2188,2114,2025-10-16T03:07:11Z
jdd_ms10,DGgfIymd,TRUE,blitz,Black,white,0,2200,-5,2195,2232,2025-10-16T03:00:34Z
jdd_ms10,KGyYn2Bp,TRUE,blitz,Black,black,1,2198,2,2200,1898,2025-10-16T02:54:54Z
jdd_ms10,VpfAEIFM,TRUE,blitz,White,black,0,2201,-3,2198,2381,2025-10-16T02:52:29Z
jdd_ms10,vegRrexH,TRUE,blitz,White,black,0,2204,-3,2201,2362,2025-10-16T02:47:56Z
jdd_ms10,JxvAWSxd,TRUE,blitz,Black,black,1,2197,7,2204,2295,2025-10-16T02:42:47Z
jdd_ms10,KjQy4IqU,TRUE,blitz,White,white,1,2193,4,2197,2108,2025-10-16T02:38:41Z
jdd_ms10,YGGuklH4,TRUE,blitz,White,black,0,2195,-2,2193,2422,2025-10-16T02:33:46Z
jdd_ms10,NuRzV3Mj,TRUE,blitz,Black,white,0,2198,-3,2195,2347,2025-10-16T02:30:03Z
jdd_ms10,jfvSKD7J,TRUE,blitz,White,black,0,2202,-4,2198,2354,2025-10-16T02:28:12Z
RodrigoMarrou2012,ZIcEEzvY,TRUE,bullet,White,NA,0.5,2501,-2,2499,2346,2025-10-16T02:41:33Z
RodrigoMarrou2012,7LFBmcNn,TRUE,bullet,Black,NA,0.5,2505,-4,2501,2205,2025-10-16T01:53:32Z
RodrigoMarrou2012,Ez4s1IsB,TRUE,bullet,White,white,1,2503,2,2505,2224,2025-10-16T01:25:14Z
RodrigoMarrou2012,jevaIvVC,TRUE,bullet,Black,black,1,2501,2,2503,2226,2025-10-16T01:23:14Z
RodrigoMarrou2012,eUpZvEYS,TRUE,bullet,White,white,1,2495,6,2501,2558,2025-10-16T01:22:10Z
RodrigoMarrou2012,ezfU63IX,TRUE,bullet,Black,white,0,2499,-4,2495,2553,2025-10-16T01:20:37Z
RodrigoMarrou2012,lCh3Wg0p,TRUE,bullet,White,black,0,2504,-5,2499,2548,2025-10-16T01:19:06Z
RodrigoMarrou2012,XacjvbMQ,TRUE,rapid,Black,black,1,1983,6,1989,1631,2025-10-15T23:44:34Z
RodrigoMarrou2012,mWYTfRcH,TRUE,rapid,White,white,1,1977,6,1983,1635,2025-10-15T23:40:25Z
RodrigoMarrou2012,TiqBDuQo,TRUE,rapid,Black,black,1,1971,6,1977,1640,2025-10-15T23:28:37Z
RodrigoMarrou2012,H0XEXUYp,TRUE,rapid,White,white,1,1963,8,1971,1646,2025-10-15T23:09:37Z
RodrigoMarrou2012,4B9FHRLo,TRUE,rapid,Black,black,1,1955,8,1963,1652,2025-10-15T23:08:50Z
RodrigoMarrou2012,cWj813yl,TRUE,bullet,White,white,1,2501,3,2504,2305,2025-10-15T23:08:03Z
RodrigoMarrou2012,yXwwvyFi,TRUE,bullet,White,NA,0.5,2506,-5,2501,2159,2025-10-15T16:25:07Z
RodrigoMarrou2012,hQtrMdp3,TRUE,bullet,White,white,1,2503,3,2506,2343,2025-10-14T20:59:28Z
Vyga2012,y4jPd0UO,TRUE,bullet,Black,black,1,2647,7,2654,2728,2025-10-13T11:13:23Z
Vyga2012,Sdl31xIB,TRUE,bullet,White,black,0,2652,-5,2647,2654,2025-10-13T11:11:47Z
Vyga2012,HZ6iEsnn,TRUE,bullet,White,white,1,2646,6,2652,2649,2025-10-13T11:09:26Z
Vyga2012,gpgdqRXA,TRUE,bullet,White,black,0,2652,-6,2646,2653,2025-10-13T11:07:41Z
Vyga2012,3aoHKQvs,TRUE,bullet,Black,white,0,2655,-3,2652,2844,2025-10-13T11:06:12Z
Vyga2012,XZOgtvqO,TRUE,bullet,Black,black,1,2647,8,2655,2783,2025-10-13T11:03:57Z
Vyga2012,Q4hM4Yp4,TRUE,bullet,White,white,1,2641,6,2647,2655,2025-10-13T11:03:03Z
Vyga2012,0fFd2B2m,TRUE,bullet,Black,black,1,2635,6,2641,2656,2025-10-13T11:01:42Z
Vyga2012,rCu30jRz,TRUE,bullet,White,black,0,2639,-4,2635,2774,2025-10-13T11:00:38Z
Vyga2012,8PKqbSXe,TRUE,bullet,Black,black,1,2632,7,2639,2657,2025-10-12T16:29:05Z
Vyga2012,UZQ8bJyL,TRUE,bullet,Black,white,0,2638,-6,2632,2659,2025-10-12T16:26:36Z
Vyga2012,yLLPltQq,TRUE,bullet,White,white,1,2630,8,2638,2747,2025-10-12T16:24:52Z
Vyga2012,6D2wCKxy,TRUE,bullet,White,NA,0.5,2630,0,2630,2665,2025-10-12T16:01:29Z
Vyga2012,ImTemlvm,TRUE,bullet,Black,black,1,2622,8,2630,2733,2025-10-12T15:58:58Z
Vyga2012,Qx3TbUYO,TRUE,bullet,Black,white,0,2626,-4,2622,2717,2025-10-12T13:26:23Z
AVS2000,4IgZbzQ8,TRUE,blitz,Black,white,0,2824,-9,2815,2626,2025-10-13T20:43:54Z
AVS2000,XXLAAPUY,TRUE,blitz,White,white,1,2820,4,2824,2651,2025-10-13T20:39:04Z
AVS2000,vZ5WrTJy,TRUE,blitz,Black,black,1,2817,3,2820,2654,2025-10-13T20:35:43Z
AVS2000,v8yergrg,TRUE,blitz,White,white,1,2814,3,2817,2658,2025-10-13T20:34:10Z
AVS2000,SEDugyTu,TRUE,blitz,Black,NA,0.5,2816,-2,2814,2655,2025-10-13T20:33:31Z
AVS2000,g4ijVDiq,TRUE,blitz,White,white,1,2813,3,2816,2659,2025-10-13T20:29:50Z
AVS2000,97ZigXCX,TRUE,blitz,Black,white,0,2819,-6,2813,2795,2025-10-08T18:01:15Z
AVS2000,nQTqNsUy,TRUE,blitz,White,white,1,2813,6,2819,2801,2025-10-08T17:56:25Z
AVS2000,f7l0KtdF,TRUE,blitz,Black,white,0,2822,-9,2813,2603,2025-10-08T17:52:07Z
AVS2000,suKaBRsC,TRUE,blitz,Black,white,0,2828,-6,2822,2831,2025-10-08T17:46:20Z
AVS2000,937nrBHy,TRUE,blitz,White,black,0,2837,-9,2828,2610,2025-10-03T14:14:46Z
AVS2000,2h90FyLA,TRUE,blitz,White,black,0,2841,-4,2837,2936,2025-10-03T14:07:58Z
AVS2000,3qnxwueV,TRUE,blitz,Black,white,0,2849,-8,2841,2704,2025-10-02T10:35:27Z
AVS2000,mltYfp9F,TRUE,blitz,White,white,1,2846,3,2849,2708,2025-10-02T10:29:24Z
AVS2000,yfEx7UHZ,TRUE,blitz,Black,NA,0.5,2848,-2,2846,2705,2025-10-02T10:23:21Z
GrandaddyViolet,34cOn3rI,TRUE,bullet,Black,black,1,2204,10,2214,2599,2025-10-16T02:19:18Z
GrandaddyViolet,rs9ehxeZ,TRUE,blitz,White,white,1,2056,6,2062,1942,2025-10-16T00:54:27Z
GrandaddyViolet,B9BIX2G3,TRUE,blitz,Black,black,1,2055,1,2056,1575,2025-10-15T21:50:03Z
GrandaddyViolet,c6dN5zkS,TRUE,blitz,White,white,1,2044,11,2055,2141,2025-10-15T21:47:43Z
GrandaddyViolet,MlCtteyR,TRUE,blitz,Black,black,1,2042,2,2044,1628,2025-10-15T21:33:29Z
GrandaddyViolet,HVtTO7Ti,TRUE,blitz,White,white,1,2040,2,2042,1655,2025-10-15T21:30:06Z
GrandaddyViolet,4x7mnS2H,TRUE,blitz,Black,black,1,2039,1,2040,1487,2025-10-15T21:22:29Z
GrandaddyViolet,MMhbmTht,TRUE,bullet,Black,white,0,2215,-11,2204,1254,2025-10-15T21:19:07Z
GrandaddyViolet,LUJiTKAk,TRUE,bullet,White,white,1,2214,1,2215,1807,2025-10-15T21:17:11Z
GrandaddyViolet,diBeUUBV,TRUE,bullet,White,white,1,2210,4,2214,2135,2025-10-15T21:14:19Z
GrandaddyViolet,MvVYOimG,TRUE,bullet,White,white,1,2209,1,2210,1782,2025-10-15T14:54:42Z
GrandaddyViolet,SJkkg2FH,TRUE,bullet,White,white,1,2207,2,2209,1877,2025-10-15T14:52:17Z
GrandaddyViolet,XoFo6TFs,TRUE,bullet,Black,white,0,2219,-12,2207,1528,2025-10-15T14:49:43Z
GrandaddyViolet,oEzqTmUj,TRUE,bullet,White,black,0,2229,-10,2219,1737,2025-10-15T14:47:20Z
GrandaddyViolet,v7fRgsOC,TRUE,bullet,Black,white,0,2235,-6,2229,2233,2025-10-15T14:45:14Z
endeadfallezing,aZ9gRZVo,TRUE,blitz,White,white,1,2339,4,2343,2224,2025-10-15T16:12:23Z
endeadfallezing,Mkz32cFv,TRUE,blitz,Black,black,1,2334,5,2339,2316,2025-10-15T15:18:35Z
endeadfallezing,eNOBGNAD,TRUE,blitz,Black,black,1,2329,5,2334,2280,2025-10-15T14:14:22Z
endeadfallezing,AjeVZeud,TRUE,blitz,White,black,0,2334,-5,2329,2394,2025-10-15T14:08:24Z
endeadfallezing,pDJTVF8D,TRUE,blitz,White,black,0,2342,-8,2334,2203,2025-10-15T14:02:41Z
endeadfallezing,0jwe87cQ,TRUE,blitz,White,white,1,2335,7,2342,2368,2025-10-15T13:18:19Z
endeadfallezing,wFfMpROh,TRUE,blitz,Black,black,1,2330,5,2335,2288,2025-10-15T13:12:26Z
endeadfallezing,yFliyKuH,TRUE,blitz,White,black,0,2334,-4,2330,2435,2025-10-15T13:08:25Z
endeadfallezing,lRqk0VLq,TRUE,blitz,Black,white,0,2339,-5,2334,2431,2025-10-15T13:03:25Z
endeadfallezing,vigdAuKv,TRUE,bullet,White,white,1,2555,5,2560,2531,2025-10-15T12:57:33Z
endeadfallezing,ubnZajvu,TRUE,bullet,Black,white,0,2555,-4,2551,2679,2025-10-15T05:03:37Z
endeadfallezing,hHRfcEyt,TRUE,bullet,White,white,1,2551,4,2555,2386,2025-10-15T05:01:20Z
endeadfallezing,xFDJjfDU,TRUE,bullet,White,black,0,2558,-7,2551,2508,2025-10-13T15:49:31Z
endeadfallezing,H4CC6YbG,TRUE,bullet,Black,white,0,2564,-6,2558,2549,2025-10-13T15:47:49Z
endeadfallezing,QGp33VAq,TRUE,bullet,White,white,1,2559,5,2564,2502,2025-10-13T14:23:39Z
Attacker1386,4zqaFmWQ,TRUE,bullet,Black,white,0,2674,-6,2668,2658,2025-10-14T07:12:34Z
Attacker1386,oF75aY5K,TRUE,blitz,Black,white,0,2417,-7,2410,2337,2025-10-13T17:54:38Z
Attacker1386,qHddmFUB,TRUE,rapid,Black,white,0,2278,-11,2267,2264,2025-10-13T15:44:22Z
Attacker1386,EDYxUq4J,TRUE,rapid,Black,white,0,2280,-2,2278,2703,2025-10-13T15:34:27Z
Attacker1386,FtwDeoGY,TRUE,rapid,White,white,1,2279,1,2280,1523,2025-10-13T15:23:17Z
Attacker1386,22tZZsh1,TRUE,rapid,Black,black,1,2268,11,2279,2270,2025-10-13T15:09:15Z
Attacker1386,rhMd8WCw,TRUE,rapid,Black,black,1,2268,0,2268,1505,2025-10-13T15:02:45Z
Attacker1386,jKBtmZHr,TRUE,rapid,White,white,1,2261,7,2268,2100,2025-10-13T14:50:20Z
Attacker1386,hv5WaSAn,TRUE,blitz,White,black,0,2423,-6,2417,2372,2025-10-13T14:40:43Z
Attacker1386,f0SJLnbU,TRUE,bullet,White,white,1,2669,5,2674,2629,2025-10-13T13:14:57Z
Attacker1386,kE3sCdDM,TRUE,bullet,Black,black,1,2663,6,2669,2650,2025-10-13T13:12:16Z
Attacker1386,QXD8iqKr,TRUE,bullet,Black,black,1,2658,5,2663,2611,2025-10-13T13:09:55Z
Attacker1386,VVDUp0ej,TRUE,blitz,White,white,1,2419,4,2423,2344,2025-10-13T13:01:30Z
Attacker1386,SEG1IbOJ,TRUE,blitz,White,white,1,2412,7,2419,2449,2025-10-13T12:53:50Z
Attacker1386,vDiPItZh,TRUE,bullet,White,black,0,2663,-5,2658,2701,2025-10-13T11:39:59Z
kotikribolow,JuIiKrk3,TRUE,rapid,White,white,1,2592,5,2597,2348,2025-10-10T15:57:45Z
kotikribolow,jEtiPPZa,TRUE,blitz,White,black,0,2547,-8,2539,2599,2025-10-10T15:53:00Z
kotikribolow,lcOcdHL9,TRUE,blitz,Black,white,0,2553,-6,2547,2679,2025-10-10T15:45:16Z
kotikribolow,0log3dlg,TRUE,rapid,Black,black,1,2587,5,2592,2357,2025-10-10T15:42:26Z
kotikribolow,NqE4G1ON,TRUE,rapid,Black,NA,0.5,2585,2,2587,2635,2025-10-03T12:57:42Z
kotikribolow,Kfm2kFb0,TRUE,classical,Black,black,1,2258,2,2260,1820,2025-10-03T12:26:50Z
kotikribolow,bQajZu3V,TRUE,classical,White,white,1,2255,3,2258,1884,2025-09-26T13:07:09Z
kotikribolow,8XCnruX9,TRUE,rapid,White,black,0,2598,-13,2585,2562,2025-09-26T12:52:11Z
kotikribolow,rVCztBcH,TRUE,classical,White,white,1,2253,2,2255,1815,2025-09-19T18:13:46Z
kotikribolow,Nemkwtrm,TRUE,blitz,Black,white,0,2559,-6,2553,2669,2025-09-19T18:02:20Z
kotikribolow,M70nqFPI,TRUE,classical,Black,black,1,2249,4,2253,1934,2025-09-19T17:39:03Z
kotikribolow,wr1PsKhp,TRUE,bullet,White,white,1,2490,3,2493,1974,2025-09-19T17:35:40Z
kotikribolow,ManFeST4,TRUE,classical,White,white,1,2238,11,2249,2222,2025-09-19T17:28:22Z
kotikribolow,l3dtKrYj,TRUE,classical,Black,black,1,2232,6,2238,1987,2025-09-19T16:32:47Z
kotikribolow,UitpHsjM,TRUE,classical,White,white,1,2217,15,2232,2311,2025-09-19T16:15:33Z
SIDDHARTH_CHESS,wHNJeKcf,TRUE,bullet,White,white,1,3069,5,3074,2995,2025-10-16T01:19:25Z
SIDDHARTH_CHESS,UCEh3yfT,TRUE,bullet,Black,white,0,3076,-7,3069,2987,2025-10-16T01:18:17Z
SIDDHARTH_CHESS,oGsfKxNS,TRUE,bullet,White,black,0,3084,-8,3076,2978,2025-10-16T01:17:29Z
SIDDHARTH_CHESS,lg6NW764,TRUE,bullet,Black,white,0,3091,-7,3084,2969,2025-10-16T01:16:22Z
SIDDHARTH_CHESS,cKQZil93,TRUE,bullet,White,white,1,3087,4,3091,2973,2025-10-16T01:15:19Z
SIDDHARTH_CHESS,8nYKCgb6,TRUE,bullet,Black,black,1,3083,4,3087,2978,2025-10-16T01:14:18Z
SIDDHARTH_CHESS,nP2ewRzW,TRUE,bullet,White,white,1,3079,4,3083,2984,2025-10-16T01:13:42Z
SIDDHARTH_CHESS,5t0CuaSo,TRUE,bullet,Black,black,1,3075,4,3079,2989,2025-10-16T01:12:35Z
SIDDHARTH_CHESS,SV2EemL7,TRUE,bullet,White,black,0,3082,-7,3075,2980,2025-10-16T01:11:41Z
SIDDHARTH_CHESS,EmPUstEU,TRUE,bullet,Black,black,1,3078,4,3082,2985,2025-10-16T01:10:26Z
SIDDHARTH_CHESS,IJn3cBQa,TRUE,bullet,White,black,0,3085,-7,3078,2975,2025-10-16T01:09:10Z
SIDDHARTH_CHESS,12gZOLrx,TRUE,bullet,Black,white,0,3093,-8,3085,2964,2025-10-16T01:08:42Z
SIDDHARTH_CHESS,MnVXL0kn,TRUE,bullet,White,black,0,3101,-8,3093,2953,2025-10-16T01:07:48Z
SIDDHARTH_CHESS,DzbktCy6,TRUE,bullet,Black,black,1,3097,4,3101,2958,2025-10-16T01:06:36Z
SIDDHARTH_CHESS,gsJqpuC0,TRUE,bullet,White,white,1,3093,4,3097,2963,2025-10-16T01:05:57Z
AZESHION,jdn8WBfx,TRUE,bullet,Black,black,1,2570,9,2579,2802,2025-10-15T19:47:41Z
AZESHION,bcEmnF68,TRUE,bullet,Black,NA,0.5,2571,-1,2570,2525,2025-10-15T19:44:38Z
AZESHION,w7deEEGG,TRUE,bullet,White,white,1,2566,5,2571,2530,2025-10-15T19:43:19Z
AZESHION,JN9xnfTk,TRUE,bullet,Black,NA,0.5,2566,0,2566,2529,2025-10-15T19:41:57Z
AZESHION,hEaVtIjt,TRUE,bullet,White,black,0,2573,-7,2566,2523,2025-10-15T19:41:24Z
AZESHION,L9AnfTDx,TRUE,bullet,Black,black,1,2568,5,2573,2528,2025-10-15T19:40:19Z
AZESHION,4i7FXfca,TRUE,bullet,White,black,0,2574,-6,2568,2521,2025-10-15T19:39:33Z
AZESHION,pdRtJbW2,TRUE,bullet,Black,black,1,2569,5,2574,2526,2025-10-15T19:38:15Z
AZESHION,xWe6bAXR,TRUE,bullet,White,white,1,2564,5,2569,2531,2025-10-15T19:36:46Z
AZESHION,9CiAWvM8,TRUE,bullet,Black,black,1,2558,6,2564,2583,2025-10-15T19:34:46Z
AZESHION,jjKeoHoi,TRUE,bullet,White,white,1,2551,7,2558,2590,2025-10-15T19:33:25Z
AZESHION,x0MuH097,TRUE,bullet,Black,white,0,2556,-5,2551,2594,2025-10-15T19:31:39Z
AZESHION,0m4aGJjw,TRUE,bullet,White,black,0,2560,-4,2556,2715,2025-10-15T19:30:01Z
AZESHION,PA7T80Dq,TRUE,bullet,Black,white,0,2564,-4,2560,2630,2025-10-15T19:29:14Z
AZESHION,eppceIhp,TRUE,bullet,Black,white,0,2568,-4,2564,2717,2025-10-15T19:21:29Z
Regisha228,JlFM392O,TRUE,blitz,Black,white,0,2789,-7,2782,2718,2025-10-14T07:05:57Z
Regisha228,xHOhFluN,TRUE,blitz,White,white,1,2784,5,2789,2723,2025-10-14T07:00:17Z
Regisha228,5AygDoyu,TRUE,blitz,Black,black,1,2779,5,2784,2728,2025-10-14T06:55:00Z
Regisha228,bG84grDc,TRUE,blitz,White,black,0,2785,-6,2779,2793,2025-10-14T06:03:47Z
Regisha228,qEWjMlrW,TRUE,blitz,Black,black,1,2781,4,2785,2618,2025-10-14T05:57:34Z
Regisha228,L51Ff1bd,TRUE,blitz,White,white,1,2777,4,2781,2700,2025-10-13T08:56:48Z
Regisha228,srsZpuVg,TRUE,blitz,Black,black,1,2774,3,2777,2594,2025-10-13T08:50:28Z
Regisha228,x1OSVPBR,TRUE,blitz,White,white,1,2766,8,2774,2894,2025-10-12T19:31:10Z
Regisha228,2PH7r30L,TRUE,blitz,Black,white,0,2770,-4,2766,2890,2025-10-12T19:25:53Z
Regisha228,4WDHKrBN,TRUE,blitz,Black,white,0,2774,-4,2770,2886,2025-10-12T19:18:57Z
Regisha228,hrVmJHaK,TRUE,blitz,White,white,1,2770,4,2774,2627,2025-10-12T13:03:57Z
Regisha228,TP59HiML,TRUE,blitz,White,white,1,2766,4,2770,2684,2025-10-12T12:56:38Z
Regisha228,vrKhIHCZ,TRUE,blitz,Black,black,1,2761,5,2766,2689,2025-10-12T12:50:51Z
Regisha228,NJYWZ3wN,TRUE,blitz,White,black,0,2770,-9,2761,2609,2025-10-12T12:47:37Z
Regisha228,QQ1fIVUN,TRUE,blitz,Black,black,1,2766,4,2770,2612,2025-10-12T12:44:11Z
HomayooonT,HPB1h8X8,TRUE,bullet,Black,black,1,3202,0,3202,2489,2025-10-11T14:12:30Z
HomayooonT,sWE3c3Il,TRUE,blitz,White,white,1,2899,14,2913,2622,2025-09-30T23:17:38Z
HomayooonT,ZSMQ5pcw,TRUE,blitz,Black,black,1,2884,15,2899,2624,2025-09-30T23:14:19Z
HomayooonT,LS3bfhnL,TRUE,blitz,White,white,1,2865,19,2884,2626,2025-09-30T23:11:13Z
HomayooonT,D7MO9jjj,TRUE,blitz,Black,NA,0.5,2889,-24,2865,2704,2025-09-30T23:04:15Z
HomayooonT,Vx0y1lZt,TRUE,blitz,Black,black,1,2862,27,2889,2659,2025-09-30T22:57:17Z
HomayooonT,OPjosh8E,TRUE,blitz,White,white,1,2833,29,2862,2625,2025-09-30T22:33:18Z
HomayooonT,zG3fiJzH,TRUE,rapid,White,white,1,2970,2,2972,2001,2025-09-30T12:02:12Z
HomayooonT,KvILtAxm,TRUE,rapid,Black,black,1,2969,1,2970,2001,2025-09-30T11:59:26Z
HomayooonT,nMLqRUyP,TRUE,blitz,White,white,1,2833,0,2833,1300,2025-09-29T11:19:51Z
HomayooonT,gEDacg4K,TRUE,bullet,Black,black,1,3199,3,3202,2974,2025-09-28T22:45:19Z
HomayooonT,1pHhPGTc,TRUE,bullet,White,white,1,3195,4,3199,2982,2025-09-28T22:44:35Z
HomayooonT,9UO489AY,TRUE,bullet,Black,black,1,3191,4,3195,2991,2025-09-28T22:43:29Z
HomayooonT,FyJmFiJI,TRUE,bullet,White,white,1,3187,4,3191,3001,2025-09-28T22:42:51Z
HomayooonT,AOWhR8EO,TRUE,bullet,Black,black,1,3183,4,3187,3012,2025-09-28T22:42:13Z
BruecLee,L4r1JK0G,TRUE,bullet,Black,white,0,2031,-22,2009,2008,2025-10-09T10:09:30Z
BruecLee,GUCPbfWq,TRUE,bullet,White,white,1,2025,6,2031,1713,2025-10-09T10:07:22Z
BruecLee,2cOYyPQR,TRUE,bullet,Black,black,1,1990,35,2025,2221,2025-10-09T10:05:29Z
BruecLee,GbT0lomS,TRUE,bullet,White,white,1,1969,21,1990,1923,2025-10-09T10:03:06Z
BruecLee,iMTjyDzo,TRUE,bullet,Black,black,1,1941,28,1969,1981,2025-10-09T10:00:49Z
BruecLee,HBCBb86F,TRUE,bullet,Black,white,0,1978,-37,1941,1737,2025-09-13T17:05:35Z
BruecLee,VYj26jfx,TRUE,bullet,Black,black,1,1964,14,1978,1806,2025-09-12T12:16:47Z
BruecLee,NC8ALJ37,TRUE,bullet,Black,white,0,1977,-13,1964,1945,2025-06-14T20:08:01Z
BruecLee,hh4go36q,TRUE,bullet,White,black,0,1986,-9,1977,2072,2025-06-14T20:05:41Z
BruecLee,uhe1UukC,TRUE,bullet,Black,black,1,1982,4,1986,1656,2025-06-14T19:56:47Z
BruecLee,0gAXmzSW,TRUE,bullet,White,black,0,1991,-9,1982,2101,2025-06-14T19:55:15Z
BruecLee,mkyJ6bV9,TRUE,bullet,White,white,1,1989,2,1991,1598,2025-06-14T19:53:03Z
BruecLee,21qc5Edp,TRUE,bullet,Black,white,0,1998,-9,1989,2114,2025-06-14T19:50:51Z
BruecLee,g2WIHZfX,TRUE,bullet,White,black,0,2014,-16,1998,1969,2025-06-14T19:48:36Z
BruecLee,2gurrVBD,TRUE,bullet,Black,black,1,2001,13,2014,1945,2025-06-14T19:47:04Z
JA_Florendo,V33H2qAg,TRUE,bullet,Black,white,0,2825,-18,2807,2739,2025-10-14T07:30:13Z
JA_Florendo,7p3EhVCT,TRUE,bullet,Black,NA,0.5,2816,9,2825,3057,2025-10-14T07:27:46Z
JA_Florendo,u3TVLZ16,TRUE,bullet,White,white,1,2802,14,2816,2767,2025-10-14T07:25:48Z
JA_Florendo,L4LsZt6i,TRUE,bullet,Black,white,0,2817,-15,2802,2832,2025-10-14T07:24:14Z
JA_Florendo,tgPZfFOq,TRUE,bullet,White,white,1,2799,18,2817,2828,2025-10-14T07:22:49Z
JA_Florendo,6g7gN3qZ,TRUE,bullet,Black,NA,0.5,2808,-9,2799,2610,2025-10-14T07:20:51Z
JA_Florendo,mOK7rRh3,TRUE,bullet,White,black,0,2832,-24,2808,2717,2025-10-14T07:19:03Z
JA_Florendo,Ehpxaz9T,TRUE,bullet,Black,white,0,2853,-21,2832,2819,2025-10-14T07:16:55Z
JA_Florendo,D5xPvjHV,TRUE,bullet,Black,white,0,2867,-14,2853,2977,2025-10-14T05:43:39Z
JA_Florendo,fPEk0xMm,TRUE,bullet,White,white,1,2850,17,2867,2782,2025-10-14T05:42:18Z
JA_Florendo,TLcUYslt,TRUE,bullet,White,white,1,2842,8,2850,2975,2025-06-14T05:13:14Z
JA_Florendo,VIuqKIos,TRUE,bullet,White,white,1,2836,6,2842,2819,2025-06-14T05:11:00Z
JA_Florendo,1f7X2T1M,TRUE,bullet,Black,black,1,2833,3,2836,2676,2025-06-14T05:08:55Z
JA_Florendo,DIpcvSAN,TRUE,bullet,Black,white,0,2841,-8,2833,2667,2025-06-14T05:06:25Z
JA_Florendo,3TpTqMVL,TRUE,bullet,White,white,1,2839,2,2841,2637,2025-06-14T05:03:46Z
Litmatchess,rQptxWOZ,TRUE,bullet,Black,black,1,1867,8,1875,1892,2025-10-11T13:45:49Z
Litmatchess,XxU2glyZ,TRUE,bullet,White,white,1,1861,6,1867,1811,2025-10-11T13:42:12Z
Litmatchess,QdVtuhah,TRUE,bullet,Black,black,1,1854,7,1861,1867,2025-10-11T13:39:47Z
Litmatchess,pUPBnaQy,TRUE,bullet,Black,white,0,1860,-6,1854,1900,2025-10-11T13:36:51Z
Litmatchess,HRwA2mUp,TRUE,bullet,White,white,1,1854,6,1860,1856,2025-10-04T04:08:02Z
Litmatchess,W7vvs0Kn,TRUE,bullet,White,black,0,1858,-4,1854,1993,2025-10-04T04:05:42Z
Litmatchess,hMe562cc,TRUE,bullet,Black,black,1,1851,7,1858,1838,2025-10-04T04:03:31Z
Litmatchess,dZFvqnon,TRUE,bullet,Black,white,0,1857,-6,1851,1894,2025-10-04T04:01:17Z
Litmatchess,AY5vnDik,TRUE,bullet,White,white,1,1851,6,1857,1810,2025-10-04T03:59:34Z
Litmatchess,NlqTSWc3,TRUE,blitz,White,white,1,1598,12,1610,1558,2025-09-28T06:19:55Z
Litmatchess,EKasXggf,TRUE,blitz,Black,black,1,1582,16,1598,1627,2025-09-25T15:15:37Z
Litmatchess,WwKegLR3,TRUE,bullet,Black,white,0,1857,-6,1851,1852,2025-09-25T14:49:33Z
Litmatchess,abtbTx5O,TRUE,bullet,White,black,0,1863,-6,1857,1823,2025-09-25T14:47:59Z
Litmatchess,qD7Fze6j,TRUE,bullet,White,NA,0.5,1864,-1,1863,1850,2025-09-25T14:44:00Z
Litmatchess,Z2nX0Jiv,TRUE,bullet,Black,black,1,1858,6,1864,1857,2025-09-25T14:43:08Z
mzh1995,El5w6BaX,TRUE,blitz,Black,black,1,2832,4,2836,2738,2025-10-16T02:44:01Z
mzh1995,YdkN2Yn6,TRUE,blitz,Black,black,1,2828,4,2832,2737,2025-10-16T02:38:12Z
mzh1995,fvgNSSA9,TRUE,blitz,Black,NA,0.5,2827,1,2828,2888,2025-10-16T02:29:29Z
mzh1995,wLdTmt59,TRUE,blitz,White,white,1,2824,3,2827,2615,2025-10-16T02:27:03Z
mzh1995,btSEHsf9,TRUE,blitz,White,NA,0.5,2822,2,2824,2974,2025-10-16T02:17:14Z
mzh1995,ZhxpTplO,TRUE,blitz,White,white,1,2818,4,2822,2726,2025-10-16T02:11:05Z
mzh1995,I4CpCSw4,TRUE,blitz,Black,white,0,2827,-9,2818,2607,2025-10-16T02:04:02Z
mzh1995,GISw9wLY,TRUE,blitz,Black,black,1,2824,3,2827,2625,2025-10-16T01:58:58Z
mzh1995,tHyFzI1r,TRUE,blitz,Black,white,0,2831,-7,2824,2735,2025-10-16T01:50:53Z
mzh1995,Nrjmzr7t,TRUE,blitz,White,white,1,2827,4,2831,2740,2025-10-16T01:45:58Z
mzh1995,pbsKiIP6,TRUE,blitz,Black,black,1,2822,5,2827,2744,2025-10-16T01:44:40Z
mzh1995,iCPevU9n,TRUE,blitz,White,white,1,2818,4,2822,2749,2025-10-16T01:38:53Z
mzh1995,1v1wHmwH,TRUE,blitz,White,black,0,2825,-7,2818,2695,2025-10-16T01:34:17Z
mzh1995,ZW8dFDNg,TRUE,blitz,Black,white,0,2833,-8,2825,2744,2025-10-15T08:23:44Z
mzh1995,nWOvK6As,TRUE,blitz,White,black,0,2840,-7,2833,2705,2025-10-15T08:18:29Z
h5h6h7,N83Poh5P,TRUE,rapid,Black,black,1,2561,6,2567,2516,2025-10-13T13:42:18Z
h5h6h7,xDIcAvvh,TRUE,rapid,White,NA,0.5,2561,0,2561,2526,2025-10-13T13:21:25Z
h5h6h7,cyzs7Uob,TRUE,rapid,Black,black,1,2556,5,2561,2460,2025-10-13T13:11:02Z
h5h6h7,bgZonKhc,TRUE,rapid,White,white,1,2549,7,2556,2559,2025-10-12T21:25:44Z
h5h6h7,6BynwdlC,TRUE,rapid,Black,white,0,2556,-7,2549,2552,2025-10-12T21:17:49Z
h5h6h7,RcxAIDx1,TRUE,rapid,White,white,1,2546,10,2556,2658,2025-10-12T20:41:30Z
h5h6h7,X7ONDjcr,TRUE,rapid,Black,black,1,2541,5,2546,2442,2025-10-11T19:27:15Z
h5h6h7,gRbDdw5n,TRUE,rapid,Black,black,1,2535,6,2541,2427,2025-10-11T19:07:32Z
h5h6h7,4yw2tN4q,TRUE,rapid,Black,black,1,2530,5,2535,2409,2025-10-11T18:59:33Z
h5h6h7,6TvQeLBU,TRUE,rapid,White,black,0,2538,-8,2530,2527,2025-10-11T18:49:19Z
h5h6h7,mR7SRbZG,TRUE,rapid,White,black,0,2544,-6,2538,2646,2025-10-11T18:34:50Z
h5h6h7,LE1xY70P,TRUE,blitz,Black,black,1,2407,4,2411,2281,2025-10-10T14:26:12Z
h5h6h7,fuk5fCmF,TRUE,blitz,White,white,1,2403,4,2407,2300,2025-10-10T14:20:38Z
h5h6h7,2qxRRZFC,TRUE,blitz,Black,black,1,2399,4,2403,2294,2025-10-10T14:16:44Z
h5h6h7,NXrJyvRm,TRUE,blitz,White,black,0,2406,-7,2399,2364,2025-10-10T14:12:56Z
THE_MENSTRUAL_CYCLE,glKanJNh,TRUE,bullet,White,white,1,2661,5,2666,2605,2025-10-14T20:17:55Z
THE_MENSTRUAL_CYCLE,cXOKBSUO,TRUE,bullet,Black,black,1,2658,3,2661,2473,2025-10-14T19:41:16Z
THE_MENSTRUAL_CYCLE,4GZGMlNc,TRUE,bullet,White,white,1,2654,4,2658,2476,2025-10-14T19:40:09Z
THE_MENSTRUAL_CYCLE,MCVHgfRS,TRUE,bullet,Black,white,0,2661,-7,2654,2588,2025-10-12T00:14:06Z
THE_MENSTRUAL_CYCLE,UGlz8JP0,TRUE,bullet,White,white,1,2657,4,2661,2536,2025-10-12T00:13:11Z
THE_MENSTRUAL_CYCLE,PlnYlTab,TRUE,bullet,Black,black,1,2651,6,2657,2688,2025-10-12T00:10:50Z
THE_MENSTRUAL_CYCLE,r1yMZKwV,TRUE,bullet,White,black,0,2654,-3,2651,2872,2025-10-12T00:08:22Z
THE_MENSTRUAL_CYCLE,EzHkJK9F,TRUE,bullet,White,black,0,2660,-6,2654,2639,2025-10-12T00:07:16Z
THE_MENSTRUAL_CYCLE,wJRdQrgf,TRUE,bullet,Black,white,0,2666,-6,2660,2634,2025-10-12T00:05:14Z
THE_MENSTRUAL_CYCLE,GGBdKCLO,TRUE,bullet,White,white,1,2660,6,2666,2668,2025-10-12T00:03:20Z
THE_MENSTRUAL_CYCLE,FQ0SyARf,TRUE,bullet,Black,black,1,2654,6,2660,2658,2025-10-12T00:01:01Z
THE_MENSTRUAL_CYCLE,csaaT2VC,TRUE,bullet,White,white,1,2648,6,2654,2664,2025-10-11T23:58:36Z
THE_MENSTRUAL_CYCLE,X0ma3ghH,TRUE,bullet,Black,white,0,2652,-4,2648,2729,2025-10-11T23:56:28Z
THE_MENSTRUAL_CYCLE,ShtQv6PI,TRUE,bullet,White,white,1,2648,4,2652,2560,2025-10-11T23:54:37Z
THE_MENSTRUAL_CYCLE,nAIY8E0x,TRUE,bullet,Black,black,1,2644,4,2648,2527,2025-10-11T23:52:26Z
Crecent,U4e2U4gg,TRUE,bullet,Black,white,0,3167,-12,3155,3068,2025-10-10T02:58:56Z
Crecent,RS5Y1PP5,TRUE,bullet,Black,black,1,3162,5,3167,2972,2025-10-09T02:31:02Z
Crecent,zLSi49s9,TRUE,bullet,White,NA,0.5,3167,-5,3162,2969,2025-10-09T02:28:27Z
Crecent,PRlLu0eW,TRUE,bullet,Black,black,1,3162,5,3167,2972,2025-10-09T02:26:05Z
Crecent,gaPpZZtk,TRUE,bullet,White,black,0,3176,-14,3162,2986,2025-10-07T14:47:57Z
Crecent,eit1sb6V,TRUE,bullet,Black,black,1,3171,5,3176,2989,2025-10-07T14:45:44Z
Crecent,Yq66aT2A,TRUE,bullet,White,black,0,3179,-8,3171,3230,2025-09-23T14:28:46Z
Crecent,DpbTU7MN,TRUE,bullet,White,white,1,3175,4,3179,2950,2025-09-21T08:51:54Z
Crecent,N8hpKMhf,TRUE,bullet,Black,black,1,3173,2,3175,2838,2025-07-20T14:44:28Z
Crecent,Sop72AHH,TRUE,bullet,White,white,1,3172,1,3173,2840,2025-07-20T14:44:10Z
Crecent,88w5FGGD,TRUE,bullet,Black,white,0,3179,-7,3172,3048,2025-07-15T15:51:35Z
Crecent,VLGNxRlo,TRUE,bullet,White,white,1,3176,3,3179,3051,2025-07-15T15:49:38Z
Crecent,9rd5q5u4,TRUE,bullet,Black,black,1,3172,4,3176,3055,2025-07-15T15:47:36Z
Crecent,jfhgCMoj,TRUE,bullet,White,NA,0.5,3174,-2,3172,3053,2025-07-15T15:46:00Z
Crecent,yvFh81vW,TRUE,bullet,Black,black,1,3170,4,3174,3057,2025-07-15T15:43:49Z
impogthefunnyfrog,2CpRS7Md,TRUE,bullet,White,white,1,2932,1,2933,2207,2025-10-08T02:22:49Z
impogthefunnyfrog,xpxDZdjn,TRUE,bullet,White,white,1,2929,3,2932,2776,2025-09-06T21:21:20Z
impogthefunnyfrog,YR9z2caL,TRUE,bullet,Black,black,1,2925,4,2929,2779,2025-09-06T21:20:42Z
impogthefunnyfrog,CcbAGsL1,TRUE,bullet,White,white,1,2922,3,2925,2783,2025-09-06T21:19:32Z
impogthefunnyfrog,ozVT0joK,TRUE,bullet,Black,black,1,2918,4,2922,2786,2025-09-06T21:18:46Z
impogthefunnyfrog,hKkWMQIl,TRUE,bullet,White,white,1,2914,4,2918,2790,2025-09-06T21:17:42Z
impogthefunnyfrog,GbWusi80,TRUE,bullet,Black,black,1,2910,4,2914,2794,2025-09-06T21:16:41Z
impogthefunnyfrog,3PjKdu2g,TRUE,bullet,White,white,1,2906,4,2910,2798,2025-09-06T21:16:23Z
impogthefunnyfrog,5vml1Kla,TRUE,bullet,Black,white,0,2914,-8,2906,2790,2025-09-06T21:15:13Z
impogthefunnyfrog,WpZILXbU,TRUE,bullet,White,white,1,2910,4,2914,2794,2025-09-06T21:14:39Z
impogthefunnyfrog,IaEx717l,TRUE,bullet,Black,black,1,2906,4,2910,2798,2025-09-06T21:13:32Z
impogthefunnyfrog,ZaN3DJV6,TRUE,bullet,White,NA,0.5,2908,-2,2906,2796,2025-09-06T21:12:18Z
impogthefunnyfrog,jGSWZJHk,TRUE,bullet,Black,black,1,2903,5,2908,2800,2025-09-06T21:11:03Z
impogthefunnyfrog,OCcDcNio,TRUE,bullet,White,white,1,2899,4,2903,2805,2025-09-06T21:10:37Z
impogthefunnyfrog,LaFGAZNw,TRUE,bullet,Black,white,0,2907,-8,2899,2797,2025-09-06T21:09:44Z
iblunderAlot124,hNfcdv0C,TRUE,bullet,Black,black,1,2115,5,2120,2086,2025-10-15T00:31:20Z
iblunderAlot124,LRuHca2b,TRUE,bullet,Black,black,1,2114,1,2115,1608,2025-10-14T06:19:59Z
iblunderAlot124,iqh9SOw8,TRUE,bullet,Black,black,1,2107,7,2114,2161,2025-10-13T16:10:33Z
iblunderAlot124,1Ko9qmy6,TRUE,bullet,White,NA,0.5,2104,3,2107,2327,2025-10-13T16:09:31Z
iblunderAlot124,OxMKU70U,TRUE,bullet,Black,white,0,2105,-1,2104,2442,2025-10-13T16:08:51Z
iblunderAlot124,KN2nGMbB,TRUE,bullet,White,white,1,2101,4,2105,2051,2025-10-13T16:07:46Z
iblunderAlot124,DHGELvCt,TRUE,bullet,Black,black,1,2094,7,2101,2118,2025-10-13T16:06:08Z
iblunderAlot124,NUYXnLsY,TRUE,bullet,White,white,1,2091,3,2094,1962,2025-10-13T16:04:41Z
iblunderAlot124,7kcCHYxx,TRUE,bullet,Black,white,0,2096,-5,2091,2118,2025-10-13T16:03:30Z
iblunderAlot124,sL8tEF8F,TRUE,bullet,White,black,0,2098,-2,2096,2355,2025-10-13T16:02:23Z
iblunderAlot124,iBV2w2vm,TRUE,bullet,Black,white,0,2100,-2,2098,2439,2025-10-13T16:00:49Z
iblunderAlot124,exklHX2K,TRUE,bullet,White,white,1,2097,3,2100,1901,2025-10-13T04:07:17Z
iblunderAlot124,On82TRpD,TRUE,bullet,White,white,1,2091,6,2097,2072,2025-10-13T02:19:49Z
iblunderAlot124,3A9T9BOt,TRUE,bullet,Black,white,0,2094,-3,2091,2266,2025-10-13T02:19:35Z
iblunderAlot124,OHSWufKq,TRUE,bullet,White,NA,0.5,2098,-4,2094,1799,2025-10-13T02:18:31Z
Turboplombir,o6vkXOo8,TRUE,bullet,Black,black,1,3057,7,3064,3048,2025-10-13T14:10:59Z
Turboplombir,92iFXeaH,TRUE,bullet,White,black,0,3065,-8,3057,3042,2025-10-13T14:09:12Z
Turboplombir,eYEOnC7G,TRUE,bullet,Black,white,0,3073,-8,3065,3036,2025-10-13T14:07:25Z
Turboplombir,FtbmeEya,TRUE,bullet,White,black,0,3081,-8,3073,3029,2025-10-13T14:05:15Z
Turboplombir,CT8K1Ove,TRUE,bullet,Black,black,1,3074,7,3081,3034,2025-10-13T14:03:25Z
Turboplombir,moyLh9yN,TRUE,bullet,Black,black,1,3070,4,3074,2900,2025-10-13T14:00:20Z
Turboplombir,hwnXeNOT,TRUE,bullet,White,white,1,3064,6,3070,2978,2025-10-13T13:58:26Z
Turboplombir,jy9hcsS7,TRUE,bullet,White,white,1,3058,6,3064,2966,2025-10-13T13:56:39Z
Turboplombir,v6WUkuK6,TRUE,bullet,Black,black,1,3051,7,3058,2971,2025-10-13T13:54:26Z
Turboplombir,bB29F3t2,TRUE,bullet,White,NA,0.5,3053,-2,3051,2969,2025-10-13T13:52:06Z
Turboplombir,MpajSdR6,TRUE,bullet,Black,black,1,3046,7,3053,2974,2025-10-13T13:49:19Z
Turboplombir,2P5fHYXl,TRUE,blitz,Black,black,1,2699,6,2705,2581,2025-10-11T21:19:17Z
Turboplombir,GTFaLYMN,TRUE,blitz,White,white,1,2690,9,2699,2677,2025-10-11T21:14:28Z
Turboplombir,1XaIvpwM,TRUE,blitz,Black,black,1,2681,9,2690,2641,2025-10-11T21:11:07Z
Turboplombir,GUuwfZna,TRUE,blitz,White,black,0,2691,-10,2681,2701,2025-10-11T21:02:38Z
Aryan_Rahimpour_2004,dzIjTLST,TRUE,blitz,White,white,1,2104,5,2109,2034,2025-10-15T19:53:32Z
Aryan_Rahimpour_2004,Bg7Fxsft,TRUE,blitz,Black,NA,0.5,2106,-2,2104,1995,2025-10-15T19:48:17Z
Aryan_Rahimpour_2004,DT2aFMTw,TRUE,blitz,White,white,1,2103,3,2106,1905,2025-10-15T19:42:25Z
Aryan_Rahimpour_2004,Q1QkA9YY,TRUE,blitz,White,black,0,2105,-2,2103,2443,2025-10-15T19:37:35Z
Aryan_Rahimpour_2004,0BoDOeoi,TRUE,blitz,White,white,1,2104,1,2105,1529,2025-10-15T19:31:00Z
Aryan_Rahimpour_2004,dngaWS4g,TRUE,blitz,Black,white,0,2107,-3,2104,2350,2025-10-15T19:26:37Z
Aryan_Rahimpour_2004,Opdy3oaZ,TRUE,blitz,White,white,1,2105,2,2107,1737,2025-10-15T19:22:53Z
Aryan_Rahimpour_2004,3LSPIv7i,TRUE,blitz,Black,black,1,2103,2,2105,1814,2025-10-15T19:18:35Z
Aryan_Rahimpour_2004,RkJt1uKs,TRUE,blitz,Black,white,0,2110,-7,2103,2056,2025-10-15T19:13:48Z
Aryan_Rahimpour_2004,XHsLnJJR,TRUE,blitz,White,white,1,2108,2,2110,1890,2025-10-15T19:09:40Z
Aryan_Rahimpour_2004,giz4mCdY,TRUE,blitz,Black,white,0,2110,-2,2108,2369,2025-10-15T19:05:12Z
Aryan_Rahimpour_2004,tnFaAAHd,TRUE,blitz,Black,black,1,2109,1,2110,1560,2025-10-15T19:01:11Z
Aryan_Rahimpour_2004,KT4DkhZg,TRUE,blitz,White,black,0,2121,-12,2109,1782,2025-10-15T18:54:52Z
Aryan_Rahimpour_2004,yrIGyrFH,TRUE,blitz,White,white,1,2120,1,2121,1479,2025-10-15T18:52:20Z
Aryan_Rahimpour_2004,ZF03RYTb,TRUE,blitz,White,white,1,2119,1,2120,1708,2025-10-15T18:46:19Z
RayHolt,Dr0oTBAg,TRUE,bullet,Black,white,0,2733,-8,2725,2624,2025-10-13T20:44:13Z
RayHolt,z8LLumvA,TRUE,bullet,Black,white,0,2739,-6,2733,2728,2025-10-13T20:42:00Z
RayHolt,xRzx4nX8,TRUE,bullet,White,white,1,2732,7,2739,2804,2025-10-13T20:39:27Z
RayHolt,jtuFVZFk,TRUE,bullet,White,white,1,2728,4,2732,2585,2025-10-13T20:38:23Z
RayHolt,BBdgUqAf,TRUE,bullet,Black,black,1,2724,4,2728,2636,2025-10-13T20:36:27Z
RayHolt,i626ZHCQ,TRUE,bullet,White,black,0,2729,-5,2724,2786,2025-10-13T20:34:30Z
RayHolt,FaxcS1VQ,TRUE,bullet,Black,white,0,2734,-5,2729,2732,2025-10-13T17:10:48Z
RayHolt,poOR3o3Z,TRUE,bullet,White,white,1,2729,5,2734,2704,2025-10-13T17:08:38Z
RayHolt,6ospkPPU,TRUE,bullet,Black,white,0,2736,-7,2729,2642,2025-10-13T17:07:14Z
RayHolt,lTXLy8L2,TRUE,bullet,White,white,1,2732,4,2736,2646,2025-10-13T17:05:40Z
RayHolt,FzS3VW5L,TRUE,bullet,Black,black,1,2727,5,2732,2692,2025-10-13T17:03:51Z
RayHolt,ooUHVjYS,TRUE,bullet,White,white,1,2724,3,2727,2544,2025-10-13T17:01:39Z
RayHolt,PorpkyzW,TRUE,bullet,Black,white,0,2730,-6,2724,2696,2025-10-13T16:59:52Z
RayHolt,rPfQ8YcH,TRUE,bullet,Black,white,0,2734,-4,2730,2793,2025-10-13T16:58:46Z
RayHolt,Yp68k14R,TRUE,bullet,White,black,0,2739,-5,2734,2806,2025-10-13T15:28:10Z
Daniil1007,Fr7rLDZh,TRUE,bullet,Black,white,0,2559,-1,2558,2980,2025-10-15T18:17:28Z
Daniil1007,5Jw6L7RS,TRUE,bullet,White,black,0,2559,0,2559,2979,2025-10-15T18:16:44Z
Daniil1007,9jhnRvuT,TRUE,bullet,Black,white,0,2560,-1,2559,2978,2025-10-15T18:15:58Z
Daniil1007,KXIltC3r,TRUE,bullet,White,white,1,2556,4,2560,2390,2025-10-15T18:12:39Z
Daniil1007,rVeQq0kb,TRUE,bullet,White,black,0,2561,-5,2556,2602,2025-10-15T18:11:32Z
Daniil1007,FWjKOjo9,TRUE,bullet,Black,white,0,2566,-5,2561,2620,2025-10-15T18:09:45Z
Daniil1007,rbCaVATs,TRUE,bullet,Black,black,1,2561,5,2566,2543,2025-10-15T18:07:47Z
Daniil1007,kSpdQYcT,TRUE,bullet,White,white,1,2554,7,2561,2627,2025-10-15T18:06:31Z
Daniil1007,jCTUAudx,TRUE,bullet,White,black,0,2560,-6,2554,2536,2025-10-15T18:03:32Z
Daniil1007,E1e0IMsi,TRUE,bullet,Black,black,1,2556,4,2560,2454,2025-10-15T13:02:18Z
Daniil1007,awznPlpP,TRUE,bullet,White,white,1,2549,7,2556,2574,2025-10-15T12:58:02Z
Daniil1007,Jmw3gN3v,TRUE,bullet,Black,black,1,2546,3,2549,2386,2025-10-15T12:56:47Z
Daniil1007,Et28Rg1G,TRUE,bullet,Black,white,0,2551,-5,2546,2568,2025-10-15T12:55:09Z
Daniil1007,eaCHUlC5,TRUE,bullet,White,white,1,2544,7,2551,2648,2025-10-15T12:52:08Z
Daniil1007,jAEry20a,TRUE,bullet,Black,black,1,2538,6,2544,2559,2025-10-15T12:50:42Z
CHESS23456789,xBOfc3sB,TRUE,classical,White,white,1,2123,14,2137,1708,2025-10-14T20:41:09Z
CHESS23456789,bSfYn9QT,TRUE,classical,Black,black,1,2108,15,2123,1697,2025-10-14T20:35:36Z
CHESS23456789,nKw775l2,TRUE,rapid,White,white,1,2375,4,2379,2018,2025-10-13T17:52:36Z
CHESS23456789,L6e46Qwl,TRUE,rapid,Black,black,1,2374,1,2375,1790,2025-10-13T17:51:43Z
CHESS23456789,SMBs0UVt,TRUE,rapid,White,white,1,2369,5,2374,2021,2025-10-13T17:41:59Z
CHESS23456789,JMia04pg,TRUE,rapid,Black,black,1,2359,10,2369,2180,2025-10-13T17:21:09Z
CHESS23456789,q9evnknW,TRUE,rapid,White,white,1,2349,10,2359,2150,2025-10-13T17:06:15Z
CHESS23456789,b1F2FLuO,TRUE,rapid,Black,black,1,2330,19,2349,2310,2025-10-13T16:49:34Z
CHESS23456789,wBGdUHXc,TRUE,rapid,White,white,1,2324,6,2330,1986,2025-10-13T16:43:50Z
CHESS23456789,6isZc4tQ,TRUE,rapid,Black,black,1,2323,1,2324,1734,2025-10-13T16:27:19Z
CHESS23456789,eKmgJKhb,TRUE,rapid,Black,black,1,2315,8,2323,2040,2025-10-13T16:19:51Z
CHESS23456789,XdIFndJ3,TRUE,blitz,Black,NA,0.5,2366,-11,2355,1949,2025-10-12T19:27:11Z
CHESS23456789,ggGrHogT,TRUE,blitz,White,white,1,2365,1,2366,1551,2025-10-12T19:21:20Z
CHESS23456789,WFGs2uIB,TRUE,blitz,White,white,1,2364,1,2365,1837,2025-10-12T18:40:46Z
CHESS23456789,05NFugcV,TRUE,rapid,Black,black,1,2312,3,2315,1799,2025-10-12T14:11:45Z
ManuDavid2910,5QWGYx1T,TRUE,bullet,White,white,1,3120,7,3127,3168,2025-10-16T00:38:23Z
ManuDavid2910,B5DLoKPb,TRUE,bullet,Black,white,0,3129,-9,3120,2945,2025-10-15T23:55:31Z
ManuDavid2910,oq2lUm3g,TRUE,bullet,White,white,1,3125,4,3129,2949,2025-10-15T23:53:08Z
ManuDavid2910,o6R8DQrz,TRUE,bullet,Black,NA,0.5,3128,-3,3125,2945,2025-10-15T23:50:41Z
ManuDavid2910,uyjni6r1,TRUE,bullet,White,white,1,3125,3,3128,2949,2025-10-15T23:48:49Z
ManuDavid2910,9SeeLD6a,TRUE,bullet,Black,black,1,3121,4,3125,3030,2025-10-15T21:33:19Z
ManuDavid2910,fxC3XUTE,TRUE,bullet,White,black,0,3129,-8,3121,2947,2025-10-15T17:31:09Z
ManuDavid2910,SDpps2gh,TRUE,bullet,Black,black,1,3126,3,3129,2956,2025-10-15T17:28:14Z
ManuDavid2910,UJvhRZwj,TRUE,bullet,Black,black,1,3122,4,3126,3008,2025-10-14T23:52:01Z
ManuDavid2910,ewQfbV04,TRUE,bullet,White,white,1,3119,3,3122,2920,2025-10-14T23:25:46Z
ManuDavid2910,cokd3Xnx,TRUE,bullet,Black,black,1,3116,3,3119,2923,2025-10-14T23:24:22Z
ManuDavid2910,71kiXGjP,TRUE,bullet,White,white,1,3110,6,3116,3165,2025-10-14T23:17:49Z
ManuDavid2910,WM3KeoGU,TRUE,bullet,Black,white,0,3115,-5,3110,3160,2025-10-14T23:16:16Z
ManuDavid2910,L1TzxqFg,TRUE,bullet,White,black,0,3123,-8,3115,2933,2025-10-14T23:09:20Z
ManuDavid2910,LdY8oEcn,TRUE,bullet,White,white,1,3119,4,3123,3022,2025-10-14T16:48:48Z
JohnStuckey,4I7LfYVJ,TRUE,bullet,Black,white,0,2557,-8,2549,2498,2025-10-15T05:25:14Z
JohnStuckey,YozoaYyo,TRUE,bullet,White,white,1,2555,2,2557,2289,2025-10-15T05:23:48Z
JohnStuckey,9IYGD4XK,TRUE,bullet,White,white,1,2553,2,2555,2180,2025-10-15T05:22:26Z
JohnStuckey,ePUSYbZp,TRUE,bullet,Black,black,1,2552,1,2553,2060,2025-10-15T05:21:17Z
JohnStuckey,v7JobNuI,TRUE,bullet,Black,black,1,2552,0,2552,1833,2025-10-15T05:20:24Z
JohnStuckey,Hx90tWBn,TRUE,bullet,Black,white,0,2564,-12,2552,2287,2025-10-15T05:19:02Z
JohnStuckey,Na4fx6WH,TRUE,bullet,White,black,0,2574,-10,2564,2479,2025-10-15T05:17:39Z
JohnStuckey,v2UP5bYe,TRUE,bullet,White,black,0,2587,-13,2574,2286,2025-10-15T05:16:07Z
JohnStuckey,8GXDiZEy,TRUE,bullet,Black,white,0,2598,-11,2587,2469,2025-10-15T05:14:50Z
JohnStuckey,7cyD85MT,TRUE,bullet,White,white,1,2595,3,2598,2296,2025-10-15T05:13:34Z
JohnStuckey,PJG8sx23,TRUE,bullet,Black,white,0,2607,-12,2595,2460,2025-10-15T05:12:02Z
JohnStuckey,dT4HSuv0,TRUE,bullet,White,white,1,2605,2,2607,2186,2025-10-15T05:10:45Z
JohnStuckey,bg47jRar,TRUE,bullet,White,white,1,2605,0,2605,1935,2025-10-15T05:09:13Z
JohnStuckey,VGOYkdVR,TRUE,bullet,Black,black,1,2604,1,2605,2120,2025-10-15T05:07:41Z
JohnStuckey,FgVBCFgq,TRUE,bullet,White,black,0,2616,-12,2604,2445,2025-10-15T05:06:40Z
chessm3g1c,Nz6nTacP,TRUE,rapid,White,white,1,2611,4,2615,2457,2025-10-15T09:07:30Z
chessm3g1c,gmViqwLP,TRUE,rapid,Black,white,0,2619,-8,2611,2582,2025-10-15T08:59:24Z
chessm3g1c,t6cCCBaZ,TRUE,blitz,White,black,0,2566,-17,2549,2376,2025-10-13T08:29:41Z
chessm3g1c,cerg15k9,TRUE,blitz,Black,black,1,2560,6,2566,2379,2025-10-13T08:24:40Z
chessm3g1c,DsQ0ac3O,TRUE,blitz,White,white,1,2544,16,2560,2684,2025-10-11T08:46:50Z
chessm3g1c,7xc0KS2A,TRUE,blitz,Black,white,0,2557,-13,2544,2519,2025-10-11T07:12:13Z
chessm3g1c,wTAJoH7l,TRUE,blitz,White,white,1,2545,12,2557,2540,2025-10-10T16:05:09Z
chessm3g1c,fxm5UB0C,TRUE,blitz,Black,black,1,2538,7,2545,2391,2025-10-10T15:59:55Z
chessm3g1c,9ljd2VgM,TRUE,blitz,Black,white,0,2559,-21,2538,2245,2025-10-09T19:26:43Z
chessm3g1c,ns2llHJF,TRUE,blitz,White,white,1,2550,9,2559,2458,2025-10-09T19:24:14Z
chessm3g1c,6ApMh9IU,TRUE,blitz,White,white,1,2545,5,2550,2299,2025-10-09T19:21:37Z
chessm3g1c,dr5vXe0o,TRUE,blitz,Black,white,0,2560,-15,2545,2513,2025-10-09T19:15:36Z
chessm3g1c,q48E0gZr,TRUE,blitz,White,black,0,2583,-23,2560,2308,2025-10-09T19:08:57Z
chessm3g1c,QFfmHuOx,TRUE,blitz,Black,black,1,2576,7,2583,2380,2025-10-09T19:02:47Z
chessm3g1c,MgHbLusv,TRUE,blitz,White,white,1,2572,4,2576,2268,2025-10-09T18:59:26Z
SupWitches,arKOl2Hb,TRUE,bullet,White,black,0,2699,-4,2695,2794,2025-10-14T10:23:09Z
SupWitches,J87y6d8G,TRUE,bullet,Black,white,0,2704,-5,2699,2768,2025-10-14T10:20:53Z
SupWitches,EbAI7YOo,TRUE,bullet,White,black,0,2710,-6,2704,2685,2025-10-14T10:17:29Z
SupWitches,fqdYFv57,TRUE,bullet,Black,white,0,2714,-4,2710,2855,2025-10-14T09:00:18Z
SupWitches,r2xFdywE,TRUE,bullet,White,black,0,2717,-3,2714,2851,2025-10-14T08:59:00Z
SupWitches,2kaZttjW,TRUE,bullet,Black,black,1,2712,5,2717,2704,2025-10-13T19:25:30Z
SupWitches,E7h6luCZ,TRUE,bullet,Black,white,0,2719,-7,2712,2587,2025-10-13T19:24:33Z
SupWitches,dA9kaCoC,TRUE,bullet,White,white,1,2716,3,2719,2591,2025-10-13T19:23:22Z
SupWitches,TmrC8qFY,TRUE,bullet,Black,NA,0.5,2718,-2,2716,2589,2025-10-13T19:22:01Z
SupWitches,7y8Ep0Sa,TRUE,bullet,White,white,1,2713,5,2718,2603,2025-10-13T19:10:24Z
SupWitches,1ZKob7wG,TRUE,bullet,Black,black,1,2709,4,2713,2607,2025-10-13T19:09:12Z
SupWitches,VvlhKu2l,TRUE,bullet,White,black,0,2717,-8,2709,2599,2025-10-13T19:08:00Z
SupWitches,MLDceuHY,TRUE,bullet,Black,black,1,2713,4,2717,2603,2025-10-13T19:07:32Z
SupWitches,vkPWZTrO,TRUE,bullet,White,white,1,2709,4,2713,2607,2025-10-13T19:06:27Z
SupWitches,21QUfKln,TRUE,bullet,Black,black,1,2704,5,2709,2612,2025-10-13T19:05:15Z
Zgm-GiantKiller,wVB10rdr,TRUE,blitz,White,white,1,2340,1,2341,2024,2025-10-13T22:32:33Z
Zgm-GiantKiller,eZyB1Coe,TRUE,blitz,Black,black,1,2338,2,2340,2087,2025-10-13T22:24:52Z
Zgm-GiantKiller,u7oyIVOm,TRUE,blitz,Black,black,1,2332,6,2338,2303,2025-10-13T22:18:58Z
Zgm-GiantKiller,YWcxnxbd,TRUE,blitz,White,white,1,2330,2,2332,2093,2025-10-13T22:14:37Z
Zgm-GiantKiller,zWiz8IKy,TRUE,blitz,Black,NA,0.5,2334,-4,2330,1983,2025-10-13T22:09:14Z
Zgm-GiantKiller,Bfsq5ptc,TRUE,blitz,White,white,1,2332,2,2334,2104,2025-10-13T22:06:25Z
Zgm-GiantKiller,gaRVNt6Y,TRUE,blitz,Black,black,1,2330,2,2332,1995,2025-10-13T22:03:21Z
Zgm-GiantKiller,VyeSStAb,TRUE,blitz,Black,black,1,2329,1,2330,1973,2025-10-13T21:58:29Z
Zgm-GiantKiller,EeEMX1xK,TRUE,blitz,White,white,1,2327,2,2329,2005,2025-10-13T21:55:55Z
Zgm-GiantKiller,ksPX9Oom,TRUE,blitz,White,white,1,2326,1,2327,2010,2025-10-13T21:51:18Z
Zgm-GiantKiller,QIYl2AMB,TRUE,blitz,Black,black,1,2324,2,2326,1973,2025-10-13T21:45:38Z
Zgm-GiantKiller,6w7oxaSC,TRUE,blitz,White,white,1,2322,2,2324,2027,2025-10-13T21:38:26Z
Zgm-GiantKiller,Wgd6IWQu,TRUE,blitz,Black,black,1,2321,1,2322,1990,2025-10-13T21:32:48Z
Zgm-GiantKiller,TtOzll7a,TRUE,blitz,White,white,1,2319,2,2321,1964,2025-10-13T21:29:12Z
Zgm-GiantKiller,SKBOWkYs,TRUE,blitz,Black,black,1,2318,1,2319,1843,2025-10-13T21:23:13Z
Kambaskin,LS4stD3x,TRUE,blitz,Black,white,0,2802,-7,2795,2884,2025-10-15T14:39:56Z
Kambaskin,VxIoA7nU,TRUE,bullet,White,black,0,2848,-7,2841,2744,2025-10-15T09:39:49Z
Kambaskin,xF8Kpjuy,TRUE,bullet,White,white,1,2843,5,2848,2799,2025-10-15T09:30:34Z
Kambaskin,6vC2c1rT,TRUE,bullet,Black,white,0,2851,-8,2843,2681,2025-10-15T08:14:27Z
Kambaskin,h9wYn6Rr,TRUE,bullet,White,white,1,2845,6,2851,2848,2025-10-15T08:10:13Z
Kambaskin,GU0lYkwK,TRUE,bullet,Black,black,1,2840,5,2845,2788,2025-10-15T08:06:37Z
Kambaskin,ed5HTwv1,TRUE,bullet,White,white,1,2837,3,2840,2712,2025-10-15T07:58:35Z
Kambaskin,UesG3p2p,TRUE,bullet,Black,black,1,2832,5,2837,2748,2025-10-15T07:53:02Z
Kambaskin,Ne8mwWcD,TRUE,bullet,White,white,1,2827,5,2832,2808,2025-10-15T07:51:27Z
Kambaskin,dLpnYoIP,TRUE,bullet,Black,black,1,2821,6,2827,2813,2025-10-15T07:50:25Z
Kambaskin,tLOMEj3b,TRUE,bullet,Black,white,0,2830,-9,2821,2631,2025-10-15T07:32:25Z
Kambaskin,2qHgzIvm,TRUE,bullet,White,black,0,2835,-5,2830,2840,2025-10-15T06:31:15Z
Kambaskin,oGvUVQju,TRUE,bullet,Black,white,0,2839,-4,2835,2951,2025-10-15T06:28:33Z
Kambaskin,BwUHUnBr,TRUE,bullet,Black,black,1,2837,2,2839,2612,2025-10-15T06:15:52Z
Kambaskin,Q10DoFas,TRUE,bullet,White,white,1,2833,4,2837,2728,2025-10-15T06:08:47Z
Aristarch_Kukuev,bJApR3Bm,TRUE,rapid,Black,black,1,2782,2,2784,2465,2025-10-16T00:17:07Z
Aristarch_Kukuev,yzF3Wc7Y,TRUE,rapid,White,white,1,2779,3,2782,2471,2025-10-15T23:57:39Z
Aristarch_Kukuev,35IqRdbP,TRUE,rapid,Black,black,1,2776,3,2779,2477,2025-10-15T23:36:18Z
Aristarch_Kukuev,3qLoW1vP,TRUE,rapid,Black,black,1,2775,1,2776,2275,2025-10-15T23:29:31Z
Aristarch_Kukuev,7laXWKoX,TRUE,rapid,White,NA,0.5,2781,-6,2775,2526,2025-10-15T23:11:14Z
Aristarch_Kukuev,Yd37il0F,TRUE,rapid,White,white,1,2780,1,2781,1953,2025-10-15T21:55:38Z
Aristarch_Kukuev,CtxturFs,TRUE,rapid,White,white,1,2777,3,2780,2497,2025-10-15T20:27:04Z
Aristarch_Kukuev,C2z1A6Y3,TRUE,blitz,Black,black,1,2710,8,2718,2724,2025-10-12T20:03:13Z
Aristarch_Kukuev,ObqlLJbS,TRUE,blitz,White,white,1,2702,8,2710,2731,2025-10-12T19:57:01Z
Aristarch_Kukuev,u3Cpysd5,TRUE,blitz,Black,NA,0.5,2701,1,2702,2731,2025-10-12T19:51:41Z
Aristarch_Kukuev,3LjtlQS6,TRUE,blitz,White,white,1,2696,5,2701,2563,2025-10-12T19:46:31Z
Aristarch_Kukuev,HUZSuuob,TRUE,blitz,Black,white,0,2706,-10,2696,2648,2025-10-12T19:39:53Z
Aristarch_Kukuev,jJiF2qDF,TRUE,blitz,White,white,1,2701,5,2706,2530,2025-10-12T19:36:14Z
Aristarch_Kukuev,yy2Nr4yW,TRUE,blitz,Black,black,1,2693,8,2701,2700,2025-10-12T19:28:44Z
Aristarch_Kukuev,3k7rHmg5,TRUE,blitz,Black,white,0,2703,-10,2693,2643,2025-10-12T19:21:49Z
BackToJune,7a0pOMPo,TRUE,bullet,Black,white,0,3173,-8,3165,2956,2025-10-16T04:59:04Z
BackToJune,U8ZdK40P,TRUE,bullet,White,black,0,3182,-9,3173,2947,2025-10-16T04:57:44Z
BackToJune,gZ0NnUyC,TRUE,bullet,Black,black,1,3180,2,3182,2949,2025-10-16T04:56:37Z
BackToJune,9aDjHULy,TRUE,bullet,White,black,0,3189,-9,3180,2940,2025-10-16T04:54:15Z
BackToJune,oI6ATpOk,TRUE,bullet,Black,black,1,3187,2,3189,2942,2025-10-16T04:52:37Z
BackToJune,HrsuuVUi,TRUE,bullet,White,white,1,3185,2,3187,2944,2025-10-16T04:50:31Z
BackToJune,gxgS60Ny,TRUE,bullet,Black,black,1,3182,3,3185,2947,2025-10-16T04:49:08Z
BackToJune,BwxwuLJR,TRUE,bullet,White,NA,0.5,3186,-4,3182,2943,2025-10-16T04:47:32Z
BackToJune,SgqWzz3e,TRUE,bullet,Black,white,0,3196,-10,3186,2934,2025-10-16T04:45:06Z
BackToJune,JGJoYLRY,TRUE,bullet,White,white,1,3193,3,3196,2936,2025-10-16T04:44:04Z
BackToJune,p0s9ARmx,TRUE,bullet,Black,black,1,3191,2,3193,2938,2025-10-16T04:42:42Z
BackToJune,SWhRc4eg,TRUE,bullet,White,white,1,3188,3,3191,2940,2025-10-16T04:40:41Z
BackToJune,FXTgsQQA,TRUE,bullet,Black,black,1,3186,2,3188,2943,2025-10-16T04:38:30Z
BackToJune,AaXNEHYI,TRUE,bullet,White,white,1,3183,3,3186,2945,2025-10-16T04:37:03Z
BackToJune,niQDeCSN,TRUE,bullet,Black,black,1,3180,3,3183,2947,2025-10-16T04:35:25Z
paopaomate,JNF7dWXq,TRUE,blitz,White,black,0,2793,-5,2788,2799,2025-10-12T13:04:52Z
paopaomate,0hvt7wf1,TRUE,blitz,White,black,0,2800,-7,2793,2719,2025-10-12T12:56:12Z
paopaomate,ZYhb3TMu,TRUE,blitz,Black,white,0,2805,-5,2800,2859,2025-10-12T04:07:43Z
paopaomate,7mCXiEIU,TRUE,blitz,Black,white,0,2810,-5,2805,2865,2025-10-12T03:16:43Z
paopaomate,D61nIDrC,TRUE,blitz,White,NA,0.5,2808,2,2810,2898,2025-10-11T10:02:19Z
paopaomate,2z6jY6r3,TRUE,blitz,Black,black,1,2801,7,2808,2905,2025-10-11T09:56:30Z
paopaomate,cNWkTdhh,TRUE,blitz,White,black,0,2805,-4,2801,2901,2025-10-11T09:50:53Z
paopaomate,f1DkSfkq,TRUE,blitz,Black,NA,0.5,2806,-1,2805,2772,2025-10-11T09:45:47Z
paopaomate,yR5CRarh,TRUE,blitz,Black,NA,0.5,2804,2,2806,2898,2025-10-11T09:41:06Z
paopaomate,wsYDrM38,TRUE,blitz,White,white,1,2799,5,2804,2762,2025-10-11T09:34:47Z
paopaomate,AXldhHz8,TRUE,blitz,Black,black,1,2794,5,2799,2743,2025-10-11T09:28:19Z
paopaomate,6UlvVOTo,TRUE,blitz,White,black,0,2801,-7,2794,2728,2025-10-09T13:27:32Z
paopaomate,VqgM9U10,TRUE,blitz,Black,black,1,2796,5,2801,2720,2025-10-09T13:21:45Z
paopaomate,VCSELWfS,TRUE,blitz,White,black,0,2802,-6,2796,2770,2025-10-07T14:37:46Z
paopaomate,Eb6W8LsZ,TRUE,blitz,Black,black,1,2797,5,2802,2742,2025-10-07T14:30:51Z
Best_player3,wnHCaPYb,TRUE,bullet,White,white,1,2926,1,2927,2585,2025-10-15T17:08:48Z
Best_player3,xjDG0Xc0,TRUE,bullet,Black,black,1,2921,5,2926,2850,2025-10-15T17:06:52Z
Best_player3,GLF5fH3Q,TRUE,bullet,Black,black,1,2916,5,2921,2873,2025-10-15T17:01:23Z
Best_player3,JpNQRfur,TRUE,bullet,Black,black,1,2912,4,2916,2822,2025-10-15T16:57:56Z
Best_player3,EEoRUCYN,TRUE,bullet,White,white,1,2906,6,2912,2922,2025-10-15T16:55:41Z
Best_player3,cr8mmS4k,TRUE,bullet,Black,black,1,2901,5,2906,2860,2025-10-15T16:52:34Z
Best_player3,i2ea4kBo,TRUE,bullet,Black,white,0,2905,-4,2901,2985,2025-10-15T16:50:08Z
Best_player3,MMFto1LU,TRUE,bullet,White,white,1,2901,4,2905,2770,2025-10-15T16:47:32Z
Best_player3,FvimSWVx,TRUE,bullet,White,black,0,2908,-7,2901,2873,2025-10-15T16:45:29Z
Best_player3,lGP6l3O1,TRUE,bullet,Black,white,0,2913,-5,2908,2929,2025-10-15T16:43:39Z
Best_player3,NP32UKzE,TRUE,bullet,Black,white,0,2918,-5,2913,2948,2025-10-15T16:41:55Z
Best_player3,FrD7HlQM,TRUE,bullet,White,black,0,2923,-5,2918,2972,2025-10-15T16:40:37Z
Best_player3,uIu2YCHd,TRUE,bullet,White,white,1,2919,4,2923,2786,2025-10-15T16:38:07Z
Best_player3,3vY8Ewsv,TRUE,bullet,Black,black,1,2913,6,2919,2956,2025-10-15T16:35:49Z
Best_player3,hMW9Gh93,TRUE,bullet,White,white,1,2908,5,2913,2867,2025-10-15T16:33:34Z
Royal_Horde29,HkVFUqbh,TRUE,rapid,Black,white,0,1944,-18,1926,1952,2025-10-15T13:32:42Z
Royal_Horde29,YPyXc4Ar,TRUE,rapid,White,black,0,1960,-16,1944,2035,2025-10-15T13:13:30Z
Royal_Horde29,daqh6Btu,TRUE,rapid,Black,black,1,1932,28,1960,2042,2025-10-15T13:04:38Z
Royal_Horde29,WfQwmUIz,TRUE,rapid,White,white,1,1904,28,1932,1994,2025-10-15T12:46:16Z
Royal_Horde29,lIc2Ue39,TRUE,rapid,Black,black,1,1880,24,1904,1892,2025-10-15T12:25:26Z
Royal_Horde29,c6Hx4p9R,TRUE,rapid,White,black,0,1901,-21,1880,1960,2025-10-15T12:10:45Z
Royal_Horde29,fdJUkzKS,TRUE,rapid,Black,black,1,1876,25,1901,1850,2025-10-15T12:04:34Z
Royal_Horde29,tfPHFqfk,TRUE,bullet,White,black,0,2111,-5,2106,2116,2025-10-15T02:58:54Z
Royal_Horde29,D3nnb8vy,TRUE,bullet,Black,black,1,2103,8,2111,2219,2025-10-15T02:04:15Z
Royal_Horde29,jHl5sYai,TRUE,bullet,White,black,0,2109,-6,2103,2104,2025-10-15T00:19:01Z
Royal_Horde29,ntvyFHOW,TRUE,bullet,Black,black,1,2103,6,2109,2110,2025-10-15T00:18:01Z
Royal_Horde29,knqWjUBj,TRUE,blitz,White,black,0,2017,-5,2012,2011,2025-10-14T03:42:51Z
Royal_Horde29,mtIQ0AHp,TRUE,blitz,White,white,1,2010,7,2017,2122,2025-10-14T03:36:34Z
Royal_Horde29,vDeDVHVQ,TRUE,blitz,White,white,1,2002,8,2010,2105,2025-10-14T03:30:03Z
Royal_Horde29,480XIBPF,TRUE,rapid,White,black,0,1901,-25,1876,1945,2025-10-14T03:16:05Z
wildecats,nfpyOKFd,TRUE,blitz,White,black,0,1998,-3,1995,2155,2025-01-20T23:52:17Z
wildecats,6ZuLtKYy,TRUE,blitz,Black,black,1,1993,5,1998,1991,2025-01-20T23:46:54Z
wildecats,dxiUKCFo,TRUE,blitz,White,white,1,1989,4,1993,1863,2025-01-20T23:42:57Z
wildecats,b5wwJ9XA,TRUE,blitz,White,white,1,1988,1,1989,1513,2025-01-20T23:40:35Z
wildecats,ij8xcf5e,TRUE,blitz,Black,black,1,1985,3,1988,1788,2025-01-20T23:33:52Z
wildecats,ep8SQi1c,TRUE,blitz,White,white,1,1983,2,1985,1723,2025-01-20T23:27:31Z
wildecats,GQadACdX,TRUE,blitz,Black,white,0,1993,-10,1983,1682,2025-01-20T23:21:21Z
wildecats,q9otgsAJ,TRUE,blitz,Black,black,1,1993,0,1993,1304,2025-01-20T23:16:41Z
wildecats,0jaFdE5O,TRUE,blitz,White,white,1,1991,2,1993,1689,2025-01-20T23:14:52Z
wildecats,V9TOTBMg,TRUE,blitz,Black,white,0,2002,-11,1991,1555,2025-01-20T23:09:47Z
wildecats,3NiBMWL5,TRUE,blitz,White,black,0,2007,-5,2002,2040,2025-01-20T23:03:28Z
wildecats,CWOgpWbK,TRUE,blitz,White,white,1,2004,3,2007,1813,2025-01-18T20:47:09Z
wildecats,PgC7Zi9W,TRUE,blitz,White,white,1,1999,5,2004,1968,2025-01-18T20:36:32Z
wildecats,i1Bz48Sq,TRUE,blitz,White,white,1,1995,4,1999,1890,2025-01-17T20:47:34Z
wildecats,uC6x2Oy7,TRUE,blitz,White,white,1,1994,1,1995,1596,2025-01-17T20:46:06Z
Kydravets-Mark19,r7eD8YWB,TRUE,bullet,White,black,0,2978,-6,2972,2970,2025-10-15T17:06:37Z
Kydravets-Mark19,9TectOxx,TRUE,bullet,Black,black,1,2972,6,2978,2946,2025-10-15T17:03:40Z
Kydravets-Mark19,QeWPOnqu,TRUE,bullet,White,black,0,2979,-7,2972,2940,2025-10-15T17:01:59Z
Kydravets-Mark19,cZxX9Psf,TRUE,bullet,Black,white,0,2981,-2,2979,3178,2025-10-15T16:58:36Z
Kydravets-Mark19,qszuBjy1,TRUE,bullet,White,black,0,2984,-3,2981,3175,2025-10-15T16:57:24Z
Kydravets-Mark19,h6zABQ4r,TRUE,bullet,Black,white,0,2989,-5,2984,3036,2025-10-15T16:53:32Z
Kydravets-Mark19,6qUKFbre,TRUE,bullet,White,black,0,2996,-7,2989,2922,2025-10-15T10:29:58Z
Kydravets-Mark19,3VHCrcGd,TRUE,bullet,Black,NA,0.5,2997,-1,2996,2921,2025-10-15T10:26:20Z
Kydravets-Mark19,0dszqfgl,TRUE,bullet,Black,black,1,2994,3,2997,2804,2025-10-15T10:23:52Z
Kydravets-Mark19,zFTv0M0h,TRUE,bullet,White,white,1,2990,4,2994,2936,2025-10-15T10:20:58Z
Kydravets-Mark19,YqBJvZmg,TRUE,bullet,White,white,1,2987,3,2990,2793,2025-10-15T10:18:38Z
Kydravets-Mark19,LMVHoOQ4,TRUE,bullet,Black,black,1,2983,4,2987,2873,2025-10-15T10:14:40Z
Kydravets-Mark19,uIqxzfIq,TRUE,bullet,White,black,0,2987,-4,2983,3056,2025-10-15T09:28:34Z
Kydravets-Mark19,NzZlky8x,TRUE,bullet,Black,white,0,2992,-5,2987,3051,2025-10-15T09:26:18Z
Kydravets-Mark19,NOfRrIec,TRUE,bullet,White,black,0,2997,-5,2992,3046,2025-10-15T09:23:57Z
CoachAnton,09zoz71F,TRUE,blitz,Black,white,0,2478,-8,2470,2353,2025-10-12T01:54:50Z
CoachAnton,MyfwY8Ax,TRUE,blitz,Black,black,1,2478,0,2478,1798,2025-10-10T14:26:44Z
CoachAnton,XQ6ZhcDf,TRUE,blitz,White,white,1,2475,3,2478,2290,2025-10-10T14:23:53Z
CoachAnton,rrxLHNSM,TRUE,blitz,White,white,1,2475,0,2475,1803,2025-10-10T14:18:58Z
CoachAnton,vThbOt6z,TRUE,blitz,White,white,1,2470,5,2475,2348,2025-10-10T14:16:07Z
CoachAnton,pk0C4zcK,TRUE,blitz,Black,black,1,2469,1,2470,2125,2025-10-10T14:12:14Z
CoachAnton,KUh7BQsC,TRUE,blitz,White,white,1,2465,4,2469,2289,2025-10-10T14:09:53Z
CoachAnton,p4dt6yXV,TRUE,blitz,Black,black,1,2465,0,2465,1737,2025-10-10T14:07:18Z
CoachAnton,hTPW2K45,TRUE,blitz,Black,black,1,2464,1,2465,1904,2025-10-10T14:04:12Z
CoachAnton,LvzbR9vS,TRUE,blitz,White,NA,0.5,2466,-2,2464,2357,2025-10-10T14:00:50Z
CoachAnton,Oq08yvKL,TRUE,blitz,Black,black,1,2466,0,2466,1919,2025-10-10T03:51:17Z
CoachAnton,tBvCajWz,TRUE,blitz,Black,black,1,2465,1,2466,1951,2025-10-10T03:30:02Z
CoachAnton,iGUTkazb,TRUE,blitz,White,white,1,2465,0,2465,1887,2025-10-10T03:25:36Z
CoachAnton,U0thg2aC,TRUE,blitz,Black,black,1,2464,1,2465,1931,2025-10-10T03:18:34Z
CoachAnton,Of7RJBNv,TRUE,blitz,White,white,1,2464,0,2464,1522,2025-10-10T03:13:50Z
Souren,hoflyz7T,TRUE,bullet,Black,NA,0.5,2718,-1,2717,2697,2025-10-15T04:56:51Z
Souren,SsPVBUFi,TRUE,bullet,White,white,1,2711,7,2718,2704,2025-10-15T04:54:59Z
Souren,u4PDSWNN,TRUE,bullet,White,white,1,2707,4,2711,2607,2025-10-15T04:52:55Z
Souren,QXEM4G1q,TRUE,blitz,White,white,1,2615,3,2618,2439,2025-10-14T17:31:40Z
Souren,b8oExpuK,TRUE,blitz,Black,white,0,2623,-8,2615,2503,2025-10-14T16:32:11Z
Souren,be5vrXF5,TRUE,blitz,White,white,1,2620,3,2623,2448,2025-10-14T16:00:45Z
Souren,efk5ujYy,TRUE,blitz,Black,black,1,2616,4,2620,2463,2025-10-14T15:54:34Z
Souren,1xbG3hGJ,TRUE,blitz,Black,black,1,2614,2,2616,2427,2025-10-14T15:30:43Z
Souren,nZ6HOwtC,TRUE,blitz,White,white,1,2609,5,2614,2546,2025-10-14T15:10:26Z
Souren,buS8UR7B,TRUE,blitz,Black,black,1,2605,4,2609,2473,2025-10-14T14:48:35Z
Souren,4QpV7hA2,TRUE,blitz,White,NA,0.5,2607,-2,2605,2472,2025-10-13T20:02:50Z
Souren,WQoQQLHw,TRUE,blitz,White,white,1,2604,3,2607,2447,2025-10-13T19:57:19Z
Souren,CQgnGBuy,TRUE,blitz,Black,black,1,2599,5,2604,2552,2025-10-13T19:52:59Z
Souren,WTeWoVwA,TRUE,blitz,Black,white,0,2606,-7,2599,2529,2025-10-13T19:48:15Z
Souren,HawNojjy,TRUE,blitz,White,black,0,2615,-9,2606,2450,2025-10-13T19:45:46Z
Lampac09,7a02sECa,TRUE,bullet,White,white,1,2263,6,2269,2224,2025-10-15T19:03:57Z
Lampac09,fRIhNusm,TRUE,bullet,Black,white,0,2272,-9,2263,2218,2025-10-15T19:02:34Z
Lampac09,1CiVt0hb,TRUE,bullet,White,white,1,2264,8,2272,2223,2025-10-15T19:01:48Z
Lampac09,CgpQjTwF,TRUE,bullet,Black,black,1,2257,7,2264,2228,2025-10-15T19:00:33Z
Lampac09,EvqCSQVg,TRUE,bullet,White,black,0,2266,-9,2257,2221,2025-10-15T18:59:41Z
Lampac09,EWQgs61G,TRUE,bullet,Black,black,1,2258,8,2266,2227,2025-10-15T18:59:10Z
Lampac09,sVmY6cd5,TRUE,bullet,White,black,0,2268,-10,2258,2220,2025-10-15T18:57:50Z
Lampac09,8A424qBE,TRUE,bullet,Black,black,1,2260,8,2268,2225,2025-10-15T18:56:55Z
Lampac09,uf1KjA1U,TRUE,bullet,White,white,1,2251,9,2260,2230,2025-10-15T18:55:34Z
Lampac09,wrTly4Oz,TRUE,bullet,Black,black,1,2242,9,2251,2236,2025-10-15T18:54:44Z
Lampac09,mHhfUlBE,TRUE,bullet,Black,NA,0.5,2249,-7,2242,1924,2025-10-15T18:53:29Z
Lampac09,Z9nHquKI,TRUE,bullet,White,white,1,2243,6,2249,2086,2025-10-15T18:51:56Z
Lampac09,xZhZJj5A,TRUE,bullet,Black,black,1,2236,7,2243,2130,2025-10-15T18:50:54Z
Lampac09,hhQ4Uoaf,TRUE,bullet,White,black,0,2247,-11,2236,2214,2025-10-15T18:49:57Z
Lampac09,e10awUxC,TRUE,bullet,Black,black,1,2243,4,2247,2002,2025-10-15T18:48:28Z
AlwaysMore,hdSKgbjS,TRUE,bullet,White,white,1,2701,12,2713,2644,2025-08-05T12:40:21Z
AlwaysMore,ARHrmmQg,TRUE,bullet,Black,white,0,2715,-14,2701,2713,2025-08-05T12:39:16Z
AlwaysMore,ZrZilXXP,TRUE,bullet,Black,black,1,2695,20,2715,2846,2025-08-05T12:37:08Z
AlwaysMore,OweshyjA,TRUE,bullet,White,white,1,2687,8,2695,2491,2025-08-05T12:35:30Z
AlwaysMore,a29mSNmc,TRUE,bullet,Black,black,1,2676,11,2687,2571,2025-08-05T07:52:54Z
AlwaysMore,8lipvMip,TRUE,bullet,White,NA,0.5,2682,-6,2676,2559,2025-08-05T07:50:37Z
AlwaysMore,KFKNi2zA,TRUE,bullet,White,white,1,2658,24,2682,2825,2025-08-04T09:51:11Z
AlwaysMore,dxlrf8u2,TRUE,bullet,Black,black,1,2641,17,2658,2623,2025-08-04T09:48:53Z
AlwaysMore,RyzA2wTL,TRUE,bullet,White,black,0,2661,-20,2641,2617,2025-08-04T09:47:53Z
AlwaysMore,ND1DjZ7d,TRUE,bullet,Black,white,0,2679,-18,2661,2705,2025-08-04T09:45:54Z
AlwaysMore,Q60duOTe,TRUE,bullet,White,white,1,2666,13,2679,2529,2025-08-04T09:43:46Z
AlwaysMore,D1i608Nb,TRUE,bullet,Black,white,0,2689,-23,2666,2666,2025-08-04T09:41:51Z
AlwaysMore,vK85YiOB,TRUE,bullet,White,white,1,2669,20,2689,2622,2025-08-04T09:39:24Z
AlwaysMore,C6Szq6JG,TRUE,bullet,White,black,0,2685,-16,2669,2808,2025-08-04T09:38:23Z
AlwaysMore,K3sYiq8J,TRUE,bullet,Black,black,1,2658,27,2685,2668,2025-08-04T09:36:43Z
Suleyman_Chess06,lacLJjLZ,TRUE,blitz,White,black,0,2609,-6,2603,2578,2025-10-15T06:51:50Z
Suleyman_Chess06,b8fo5aPY,TRUE,blitz,Black,NA,0.5,2609,0,2609,2617,2025-10-15T06:45:12Z
Suleyman_Chess06,QSUlyKfJ,TRUE,blitz,Black,white,0,2612,-3,2609,2780,2025-10-14T09:43:28Z
Suleyman_Chess06,fIca7waa,TRUE,blitz,White,white,1,2607,5,2612,2557,2025-10-14T09:37:14Z
Suleyman_Chess06,7akWUBM1,TRUE,blitz,White,black,0,2611,-4,2607,2716,2025-10-14T08:27:55Z
Suleyman_Chess06,VsztZok9,TRUE,blitz,Black,black,1,2605,6,2611,2654,2025-10-14T08:22:14Z
Suleyman_Chess06,leWczHz4,TRUE,blitz,Black,black,1,2599,6,2605,2616,2025-10-14T08:17:25Z
Suleyman_Chess06,MlAxOouc,TRUE,blitz,White,white,1,2593,6,2599,2555,2025-10-14T08:13:43Z
Suleyman_Chess06,hedn1OAw,TRUE,blitz,White,black,0,2599,-6,2593,2627,2025-10-14T08:09:17Z
Suleyman_Chess06,e8s9K8IP,TRUE,blitz,Black,white,0,2601,-2,2599,2845,2025-10-11T20:01:47Z
Suleyman_Chess06,oanEJLaG,TRUE,blitz,White,black,0,2604,-3,2601,2819,2025-10-11T19:59:27Z
Suleyman_Chess06,vB80FKLr,TRUE,blitz,Black,white,0,2608,-4,2604,2759,2025-10-11T19:57:37Z
Suleyman_Chess06,zUL41lNo,TRUE,blitz,Black,white,0,2613,-5,2608,2695,2025-10-11T19:54:42Z
Suleyman_Chess06,X98kLsPT,TRUE,blitz,White,white,1,2609,4,2613,2414,2025-10-11T19:52:27Z
Suleyman_Chess06,jyT4Hz9j,TRUE,blitz,Black,white,0,2612,-3,2609,2869,2025-10-11T19:49:10Z
Bultenibo,rq7vHSRm,TRUE,bullet,Black,black,1,2663,14,2677,2504,2025-10-10T18:56:59Z
Bultenibo,qlw2oHCp,TRUE,bullet,Black,black,1,2647,16,2663,2503,2025-10-10T14:32:20Z
Bultenibo,ASBLCU6o,TRUE,bullet,White,white,1,2623,24,2647,2581,2025-10-10T14:22:28Z
Bultenibo,bLM26tF8,TRUE,bullet,Black,white,0,2653,-30,2623,2627,2025-10-10T14:20:05Z
Bultenibo,X6YO00iD,TRUE,blitz,White,white,1,2595,6,2601,2338,2025-10-09T16:12:52Z
Bultenibo,8v7a4McL,TRUE,blitz,White,white,1,2588,7,2595,2391,2025-09-27T12:28:16Z
Bultenibo,TqbCfV8a,TRUE,blitz,White,black,0,2604,-16,2588,2574,2025-09-27T12:22:02Z
Bultenibo,pATYW5Zw,TRUE,bullet,Black,black,1,2636,17,2653,2494,2025-09-14T18:19:20Z
Bultenibo,9TI1VPXP,TRUE,bullet,White,white,1,2615,21,2636,2497,2025-09-14T18:13:06Z
Bultenibo,sLmjj2hm,TRUE,bullet,Black,black,1,2590,25,2615,2501,2025-09-14T18:08:25Z
Bultenibo,iUc0Ct5V,TRUE,bullet,White,white,1,2558,32,2590,2506,2025-09-14T18:02:06Z
Bultenibo,m4KYrmSn,TRUE,bullet,Black,black,1,2514,44,2558,2541,2025-09-14T18:00:16Z
Bultenibo,jXg4EqFx,TRUE,bullet,White,white,1,2469,45,2514,2466,2025-09-14T16:29:29Z
Bultenibo,KI355PMi,TRUE,bullet,Black,white,0,2509,-40,2469,2588,2025-09-14T16:27:57Z
Bultenibo,Gu0I5HFi,TRUE,bullet,Black,white,0,2578,-69,2509,2533,2025-09-14T16:26:46Z
Christened,fvgNSSA9,TRUE,blitz,White,NA,0.5,2888,-1,2887,2827,2025-10-16T02:29:29Z
Christened,mjiYUjW7,TRUE,blitz,Black,black,1,2886,2,2888,2671,2025-10-15T19:42:43Z
Christened,J7fuKn0D,TRUE,blitz,White,white,1,2883,3,2886,2683,2025-10-15T06:18:46Z
Christened,cTAonW3g,TRUE,blitz,White,black,0,2889,-6,2883,2861,2025-10-15T04:58:14Z
Christened,O9DoZvCO,TRUE,blitz,Black,black,1,2886,3,2889,2667,2025-10-14T17:37:24Z
Christened,tjPTzYzb,TRUE,blitz,White,white,1,2884,2,2886,2597,2025-10-14T02:30:21Z
Christened,l61ta9uK,TRUE,blitz,Black,NA,0.5,2888,-4,2884,2593,2025-10-14T02:25:51Z
Christened,Zguu5zsE,TRUE,blitz,White,white,1,2887,1,2888,2595,2025-10-14T02:24:17Z
Christened,FBoQ4x9f,TRUE,blitz,White,white,1,2885,2,2887,2575,2025-10-13T22:00:24Z
Christened,LO51we9N,TRUE,blitz,Black,black,1,2882,3,2885,2671,2025-10-13T18:13:18Z
Christened,PmiEXNmN,TRUE,blitz,White,white,1,2879,3,2882,2674,2025-10-13T18:08:22Z
Christened,BBrOmG02,TRUE,blitz,Black,black,1,2877,2,2879,2669,2025-10-13T02:35:41Z
Christened,QEU5bnmP,TRUE,blitz,White,white,1,2874,3,2877,2671,2025-10-13T02:31:12Z
Christened,iaFThMSi,TRUE,blitz,Black,black,1,2873,1,2874,2483,2025-10-13T01:58:33Z
Christened,nXIw9N84,TRUE,blitz,Black,black,1,2870,3,2873,2685,2025-10-13T01:10:45Z
Zhigalko_Sergei,P22Ze3Jn,TRUE,bullet,Black,black,1,3205,3,3208,2981,2025-10-15T00:04:22Z
Zhigalko_Sergei,RtabtMRd,TRUE,bullet,White,white,1,3203,2,3205,2984,2025-10-15T00:04:01Z
Zhigalko_Sergei,0xNvOpWe,TRUE,bullet,Black,black,1,3200,3,3203,2986,2025-10-15T00:02:37Z
Zhigalko_Sergei,b2X1QjVF,TRUE,bullet,White,white,1,3197,3,3200,2989,2025-10-15T00:01:40Z
Zhigalko_Sergei,pJqBXKHy,TRUE,bullet,Black,black,1,3195,2,3197,2992,2025-10-15T00:00:25Z
Zhigalko_Sergei,KFw3upeL,TRUE,bullet,White,white,1,3192,3,3195,2995,2025-10-14T23:59:21Z
Zhigalko_Sergei,qkDOx2kP,TRUE,bullet,Black,black,1,3189,3,3192,2998,2025-10-14T23:58:09Z
Zhigalko_Sergei,MyT817lj,TRUE,bullet,White,white,1,3186,3,3189,3001,2025-10-14T23:56:59Z
Zhigalko_Sergei,kkaglZql,TRUE,bullet,Black,black,1,3183,3,3186,3004,2025-10-14T23:55:56Z
Zhigalko_Sergei,1qPHFB5y,TRUE,bullet,White,white,1,3180,3,3183,3008,2025-10-14T23:54:44Z
Zhigalko_Sergei,etsLwDDt,TRUE,bullet,Black,black,1,3176,4,3180,3011,2025-10-14T23:54:06Z
Zhigalko_Sergei,rBnc5ELJ,TRUE,bullet,White,white,1,3173,3,3176,3015,2025-10-14T23:52:43Z
Zhigalko_Sergei,D6MNmvIP,TRUE,blitz,White,white,1,2798,3,2801,2601,2025-10-13T23:06:11Z
Zhigalko_Sergei,e0o3bp2L,TRUE,blitz,Black,black,1,2795,3,2798,2604,2025-10-13T23:04:07Z
Zhigalko_Sergei,i59gUUx2,TRUE,blitz,White,white,1,2792,3,2795,2607,2025-10-13T23:00:53Z
ABachmann,7G8KRc8x,TRUE,bullet,White,black,0,3112,-5,3107,3180,2025-10-15T20:20:11Z
ABachmann,oCmUduxo,TRUE,bullet,Black,black,1,3109,3,3112,2934,2025-10-15T20:17:23Z
ABachmann,QtM2j1WE,TRUE,bullet,White,white,1,3105,4,3109,2937,2025-10-15T20:14:51Z
ABachmann,g0PjqbqC,TRUE,bullet,Black,black,1,3103,2,3105,2884,2025-10-15T20:11:57Z
ABachmann,gOiYjd78,TRUE,bullet,White,white,1,3100,3,3103,2865,2025-10-15T20:09:35Z
ABachmann,HGPkTFIW,TRUE,bullet,Black,black,1,3098,2,3100,2802,2025-10-15T20:07:31Z
ABachmann,F8SemVPf,TRUE,bullet,Black,white,0,3105,-7,3098,3040,2025-10-12T22:24:46Z
ABachmann,BuSMdfgb,TRUE,bullet,White,white,1,3100,5,3105,3045,2025-10-12T22:24:09Z
ABachmann,DN0DBPGc,TRUE,bullet,Black,black,1,3095,5,3100,3050,2025-10-12T22:22:50Z
ABachmann,V9LXjboN,TRUE,bullet,White,white,1,3091,4,3095,2914,2025-10-12T22:20:06Z
ABachmann,ooIslxww,TRUE,bullet,Black,black,1,3088,3,3091,2917,2025-10-12T22:19:19Z
ABachmann,EYZYodTK,TRUE,bullet,Black,white,0,3094,-6,3088,3046,2025-10-02T03:01:19Z
ABachmann,QBONbhBV,TRUE,bullet,White,white,1,3089,5,3094,3060,2025-10-02T02:59:51Z
ABachmann,IkrLa1Xp,TRUE,bullet,Black,white,0,3098,-9,3089,2824,2025-10-02T02:57:24Z
ABachmann,4KkAYQfg,TRUE,bullet,White,NA,0.5,3097,1,3098,3162,2025-10-02T02:55:02Z
norespect12345678,z84MTNYu,TRUE,blitz,White,black,0,2488,-5,2483,2518,2025-10-15T16:06:05Z
norespect12345678,sairhCUv,TRUE,blitz,Black,white,0,2494,-6,2488,2534,2025-10-15T16:01:16Z
norespect12345678,GK5pIJOg,TRUE,blitz,White,black,0,2500,-6,2494,2499,2025-10-15T15:56:05Z
norespect12345678,iprWvNUM,TRUE,blitz,White,white,1,2494,6,2500,2469,2025-10-13T19:33:27Z
norespect12345678,EtuQ7RKa,TRUE,blitz,Black,black,1,2490,4,2494,2392,2025-10-13T19:28:39Z
norespect12345678,UeH0qqJb,TRUE,blitz,Black,black,1,2485,5,2490,2461,2025-10-13T19:23:23Z
norespect12345678,BNzSXlFY,TRUE,blitz,White,black,0,2491,-6,2485,2480,2025-10-13T19:17:31Z
norespect12345678,H05VG02N,TRUE,blitz,White,white,1,2485,6,2491,2474,2025-10-13T19:12:48Z
norespect12345678,gMBVtlvN,TRUE,blitz,Black,NA,0.5,2484,1,2485,2535,2025-10-13T19:08:52Z
norespect12345678,MPN4cDMm,TRUE,blitz,Black,white,0,2488,-4,2484,2621,2025-10-13T19:04:13Z
norespect12345678,VBvz1fWG,TRUE,blitz,White,white,1,2484,4,2488,2372,2025-10-13T18:58:09Z
norespect12345678,x4h9kntE,TRUE,blitz,White,white,1,2480,4,2484,2380,2025-10-13T15:51:15Z
norespect12345678,18BS3nGB,TRUE,blitz,White,black,0,2486,-6,2480,2467,2025-10-13T15:42:43Z
norespect12345678,xtcJgpQN,TRUE,blitz,Black,white,0,2492,-6,2486,2474,2025-10-13T15:38:05Z
norespect12345678,CzDssylr,TRUE,blitz,Black,white,0,2497,-5,2492,2530,2025-10-11T17:16:44Z
Draw-no,3mRKEGZx,TRUE,bullet,White,white,1,2666,3,2669,2536,2025-10-09T18:16:19Z
Draw-no,4K5xY9fm,TRUE,bullet,White,black,0,2671,-5,2666,2670,2025-10-05T13:24:20Z
Draw-no,Y195TCCa,TRUE,bullet,White,black,0,2678,-7,2671,2642,2025-10-04T09:05:37Z
Draw-no,IBwqwzYH,TRUE,bullet,Black,black,1,2672,6,2678,2647,2025-10-04T09:04:38Z
Draw-no,1gKDCW7s,TRUE,bullet,Black,black,1,2667,5,2672,2642,2025-10-02T16:19:49Z
Draw-no,kZeqnrED,TRUE,bullet,White,white,1,2663,4,2667,2540,2025-10-02T16:14:04Z
Draw-no,oexxoWGz,TRUE,bullet,Black,black,1,2660,3,2663,2491,2025-10-02T16:13:04Z
Draw-no,sDyslEpg,TRUE,bullet,White,white,1,2653,7,2660,2726,2025-10-02T13:59:11Z
Draw-no,5hTlORme,TRUE,bullet,White,white,1,2648,5,2653,2562,2025-10-02T13:56:31Z
Draw-no,OkjyKVSw,TRUE,bullet,Black,white,0,2652,-4,2648,2756,2025-10-02T13:49:00Z
Draw-no,OL7IbGEe,TRUE,bullet,White,white,1,2647,5,2652,2646,2025-10-02T12:55:59Z
Draw-no,8wQKrQyA,TRUE,bullet,Black,black,1,2641,6,2647,2637,2025-10-02T12:53:35Z
Draw-no,fyVNdkon,TRUE,bullet,Black,white,0,2647,-6,2641,2630,2025-10-01T17:52:57Z
Draw-no,qDdH5zv5,TRUE,blitz,Black,white,0,2382,-13,2369,2367,2025-10-01T16:31:48Z
Draw-no,5CZYAIJB,TRUE,bullet,Black,white,0,2653,-6,2647,2625,2025-10-01T07:23:29Z
sparrow_1,p3QgYgx6,TRUE,bullet,White,white,1,2707,15,2722,2710,2025-10-14T19:16:44Z
sparrow_1,by5sE1m2,TRUE,bullet,Black,black,1,2689,18,2707,2713,2025-10-14T19:14:30Z
sparrow_1,Y4WhwKa1,TRUE,bullet,White,white,1,2670,19,2689,2723,2025-10-14T19:12:17Z
sparrow_1,hcJ0rMFA,TRUE,blitz,Black,black,1,2409,2,2411,2129,2025-10-12T09:52:19Z
sparrow_1,INeRm2qG,TRUE,blitz,Black,black,1,2405,4,2409,2310,2025-10-12T09:49:09Z
sparrow_1,BgOL9aEg,TRUE,blitz,White,white,1,2401,4,2405,2271,2025-10-12T09:46:05Z
sparrow_1,C97NjDGW,TRUE,blitz,Black,black,1,2396,5,2401,2321,2025-10-12T09:43:51Z
sparrow_1,voOd2nF2,TRUE,blitz,White,white,1,2396,0,2396,1848,2025-10-12T09:38:50Z
sparrow_1,Y6kxiW4s,TRUE,blitz,Black,black,1,2395,1,2396,2017,2025-10-12T09:33:20Z
sparrow_1,UAR4zhG8,TRUE,blitz,White,white,1,2391,4,2395,2247,2025-10-12T09:26:09Z
sparrow_1,hMW0OkwA,TRUE,blitz,Black,black,1,2387,4,2391,2208,2025-10-12T09:20:23Z
sparrow_1,y4W98ze6,TRUE,blitz,White,white,1,2387,0,2387,1861,2025-10-12T09:17:13Z
sparrow_1,gg6gHji0,TRUE,blitz,White,white,1,2386,1,2387,1888,2025-10-12T09:13:16Z
sparrow_1,v3WBFoIv,TRUE,blitz,Black,black,1,2383,3,2386,2149,2025-10-12T09:07:09Z
sparrow_1,fFYKLJ5r,TRUE,blitz,White,white,1,2382,1,2383,2046,2025-10-12T09:04:32Z
TheUnknownGuyReborn,ptf6iLka,TRUE,bullet,Black,black,1,2412,6,2418,2435,2025-10-15T05:53:49Z
TheUnknownGuyReborn,ICu0V3qh,TRUE,bullet,White,white,1,2407,5,2412,2360,2025-10-15T05:51:35Z
TheUnknownGuyReborn,VpMcCuMv,TRUE,bullet,Black,black,1,2400,7,2407,2441,2025-10-15T05:49:17Z
TheUnknownGuyReborn,rNjS3swV,TRUE,bullet,White,black,0,2404,-4,2400,2515,2025-10-15T05:47:06Z
TheUnknownGuyReborn,TZxdM2O0,TRUE,rapid,Black,black,1,2128,24,2152,2157,2025-10-14T21:59:04Z
TheUnknownGuyReborn,r4zLbtQY,TRUE,bullet,Black,white,0,2410,-6,2404,2424,2025-10-14T21:35:21Z
TheUnknownGuyReborn,S32Gj86x,TRUE,bullet,Black,white,0,2418,-8,2410,2326,2025-10-14T21:34:14Z
TheUnknownGuyReborn,sKXe2GxZ,TRUE,bullet,White,white,1,2411,7,2418,2450,2025-10-14T01:22:45Z
TheUnknownGuyReborn,aEkzvN81,TRUE,bullet,Black,white,0,2416,-5,2411,2461,2025-10-06T04:08:57Z
TheUnknownGuyReborn,8slcY3Gm,TRUE,bullet,Black,white,0,2421,-5,2416,2494,2025-10-06T04:07:19Z
TheUnknownGuyReborn,ucEsRo0T,TRUE,bullet,White,white,1,2413,8,2421,2501,2025-10-06T04:04:57Z
TheUnknownGuyReborn,itlqnqkX,TRUE,bullet,White,black,0,2419,-6,2413,2476,2025-10-06T04:02:41Z
TheUnknownGuyReborn,jEWQgfdG,TRUE,blitz,Black,white,0,2109,-11,2098,2186,2025-10-04T21:47:17Z
TheUnknownGuyReborn,Adnk4IGI,TRUE,bullet,White,white,1,2412,7,2419,2406,2025-10-04T21:37:26Z
TheUnknownGuyReborn,k5GRNy9j,TRUE,bullet,White,black,0,2419,-7,2412,2426,2025-10-04T21:35:00Z
ekulxam,cHmzfjp6,TRUE,bullet,White,white,1,1629,37,1666,1624,2025-06-27T04:16:57Z
ekulxam,BemoanuU,TRUE,bullet,White,white,1,1567,62,1629,1760,2025-06-21T05:25:55Z
ekulxam,R3CRl929,TRUE,rapid,White,white,1,1578,176,1754,1524,2025-06-20T22:58:08Z
ekulxam,VK7rJ2yI,TRUE,bullet,White,black,0,1576,-9,1567,1610,2024-11-04T21:46:41Z
ekulxam,3we4byyo,TRUE,bullet,White,black,0,1581,-5,1576,1780,2024-10-26T23:58:22Z
ekulxam,gMMdAOZJ,TRUE,bullet,White,black,0,1583,-2,1581,2012,2024-10-26T23:56:22Z
ekulxam,HnzHaYep,TRUE,bullet,Black,black,1,1579,4,1583,1336,2024-10-26T23:54:24Z
ekulxam,PP13mH9T,TRUE,bullet,White,white,1,1568,11,1579,1611,2024-10-23T01:01:14Z
ekulxam,J8JR2iv6,TRUE,bullet,White,white,1,1557,11,1568,1623,2024-10-23T00:58:51Z
ekulxam,dVLQ9RWB,TRUE,bullet,Black,black,1,1549,8,1557,1540,2024-10-09T21:47:15Z
ekulxam,pjB19EHl,TRUE,bullet,White,white,1,1540,9,1549,1587,2024-10-07T21:01:48Z
ekulxam,XRwjy9ud,TRUE,bullet,Black,black,1,1533,7,1540,1504,2024-10-07T03:23:20Z
ekulxam,6cvKjbZp,TRUE,bullet,White,white,1,1525,8,1533,1542,2024-10-07T03:20:56Z
ekulxam,ECNWxUs3,TRUE,bullet,Black,black,1,1517,8,1525,1513,2024-10-07T03:18:31Z
ekulxam,X4YpyRV3,TRUE,bullet,White,white,1,1509,8,1517,1478,2024-10-07T03:16:30Z
Aleks-lexa,aDI9ct6J,TRUE,blitz,White,white,1,2059,3,2062,1862,2025-10-15T15:20:15Z
Aleks-lexa,FjRtPA4f,TRUE,blitz,Black,black,1,2058,1,2059,1726,2025-10-14T14:23:14Z
Aleks-lexa,jSeT0Vpy,TRUE,blitz,Black,black,1,2056,2,2058,1792,2025-10-14T14:19:45Z
Aleks-lexa,uRFR47Mk,TRUE,classical,Black,black,1,2311,2,2313,1816,2025-10-14T10:41:27Z
Aleks-lexa,DNuo0jmH,TRUE,blitz,Black,black,1,2053,3,2056,1859,2025-10-13T13:52:44Z
Aleks-lexa,Ft6N0sDe,TRUE,blitz,White,white,1,2048,5,2053,1989,2025-10-13T03:58:47Z
Aleks-lexa,IKVGQlNd,TRUE,blitz,White,white,1,2046,2,2048,1744,2025-10-13T03:46:38Z
Aleks-lexa,yPHcu8DU,TRUE,blitz,Black,black,1,2045,1,2046,1717,2025-10-12T12:06:15Z
Aleks-lexa,CpBlXpGu,TRUE,blitz,White,white,1,2042,3,2045,1806,2025-10-11T14:38:11Z
Aleks-lexa,ReBekMC2,TRUE,rapid,Black,black,1,2177,2,2179,1814,2025-10-11T07:18:40Z
Aleks-lexa,e1weLaD1,TRUE,blitz,White,white,1,2041,1,2042,1701,2025-10-11T04:23:06Z
Aleks-lexa,l2da0fHn,TRUE,blitz,Black,black,1,2038,3,2041,1892,2025-10-11T03:45:55Z
Aleks-lexa,EMudGgKr,TRUE,blitz,White,NA,0.5,2040,-2,2038,1853,2025-10-11T03:31:53Z
Aleks-lexa,wJTbSI9E,TRUE,blitz,Black,black,1,2038,2,2040,1810,2025-10-10T17:59:17Z
Aleks-lexa,3f5QXUhU,TRUE,blitz,White,black,0,2046,-8,2038,1855,2025-10-10T17:45:46Z
hudTokyo,sZaNHTH6,TRUE,bullet,White,black,0,2155,-5,2150,2167,2025-10-15T03:59:45Z
hudTokyo,t66r6cWX,TRUE,bullet,Black,black,1,2150,5,2155,2150,2025-10-15T03:57:06Z
hudTokyo,B9Eyem4K,TRUE,bullet,White,white,1,2144,6,2150,2134,2025-10-15T03:55:26Z
hudTokyo,xungg6Hx,TRUE,bullet,White,black,0,2150,-6,2144,2138,2025-10-15T03:53:44Z
hudTokyo,9NexjO7D,TRUE,bullet,Black,white,0,2156,-6,2150,2151,2025-10-15T03:51:32Z
hudTokyo,l7C4tnYn,TRUE,bullet,White,black,0,2161,-5,2156,2200,2025-10-15T03:49:43Z
hudTokyo,8XjYAl35,TRUE,bullet,Black,black,1,2155,6,2161,2163,2025-10-15T03:47:05Z
hudTokyo,vuUPJHdH,TRUE,bullet,Black,white,0,2161,-6,2155,2124,2025-10-13T00:58:13Z
hudTokyo,DeFD9vv6,TRUE,bullet,White,black,0,2167,-6,2161,2140,2025-10-13T00:32:00Z
hudTokyo,s0r5vdZ8,TRUE,bullet,White,black,0,2174,-7,2167,2134,2025-10-13T00:29:16Z
hudTokyo,NInsid99,TRUE,bullet,Black,black,1,2168,6,2174,2157,2025-10-13T00:26:48Z
hudTokyo,Nstp7kpj,TRUE,bullet,White,white,1,2162,6,2168,2148,2025-10-13T00:24:29Z
hudTokyo,5MnlGhip,TRUE,bullet,Black,white,0,2169,-7,2162,2121,2025-10-13T00:19:56Z
hudTokyo,YZD0sh8x,TRUE,bullet,Black,black,1,2163,6,2169,2177,2025-10-13T00:18:43Z
hudTokyo,OvlDgMYY,TRUE,bullet,White,white,1,2158,5,2163,2099,2025-10-13T00:16:01Z
